edge_id,intervention_id,mechanism,staging_profile_id,population_cell_id,population_join_status,edge_role,community_label,territory,language_tag,script,coverage_mode,comprehension_low,comprehension_base,comprehension_high,observed_task_score,observed_task_type,prior_study_required,receptive_or_productive,tested_task,script_match,existing_edition_overlap,exclusions,double_count_rule,recommended_portfolio,adaptation_depth,source_ids,source_locator,confidence,inference_flag,rankable,notes
EDGE-ISV-000,IL-ISV,constructed_bridge,CELL-ISV-STUDY-POOL,,non_population_evidence,study_sample,Pooled native-Slavic study respondents,self-selected online sample,multiple native Slavic labels,study surface reported as written Interslavic,cross_language_bridge,unknown,unknown,unknown,0.84,seven-gap short written professional-text cloze,not required for the short cloze; sustained mathematics unknown,receptive,seven-gap written professional-text cloze,study-specific,No exact local native-language-edition overlap was subtracted,No untested minority or exact language leaf receives this pooled value,The pooled 0.84 is one study-level point estimate and may not be copied to leaf rows or multiplied by a Slavic demographic ceiling,FR-2,D2,ACE-E014,Merunka et al. 2019 overall result; 1822 valid responses; 315 of 1766 below five-of-seven threshold,medium,direct_point_estimate_not_bound,false,No low or high confidence bound was reported in the registered evidence.
EDGE-ISV-001,IL-ISV,constructed_bridge,CELL-ISV-RU-CYRL,,pending_exact_composite_join,coverage_candidate,Russian-literate cohort,exact territory pending,ru-Cyrl,Cyrl,cross_language_bridge,unknown,unknown,unknown,,,unknown for sustained mathematics,receptive,none at exact leaf level in current register,Cyrl projection plausible but untested,unknown in current local coverage census,Kashubian Sorbian Rusyn and all untested minority leaves,Credit zero until an exact surface/script/cohort test; deduct any comfortable Russian edition before reach,FR-2,D2,ACE-E014;ACE-E015,Pooled Interslavic study and natural-language comparison only,low,inference_only,false,No pooled result is inherited.
EDGE-ISV-002,IL-ISV,constructed_bridge,CELL-ISV-UK-CYRL,,pending_exact_composite_join,coverage_candidate,Ukrainian-literate cohort,exact territory pending,uk-Cyrl,Cyrl,cross_language_bridge,unknown,unknown,unknown,,,unknown for sustained mathematics,receptive,none at exact leaf level in current register,Cyrl projection plausible but untested,unknown in current local coverage census,Untested Slavic leaves,Credit zero until exact testing and deduct any comfortable Ukrainian edition,FR-2,D2,ACE-E014;ACE-E015,Pooled study only,low,inference_only,false,No pooled result is inherited.
EDGE-ISV-003,IL-ISV,constructed_bridge,CELL-ISV-BE-CYRL,,pending_exact_composite_join,coverage_candidate,Belarusian-literate cohort,exact territory pending,be-Cyrl,Cyrl,cross_language_bridge,unknown,unknown,unknown,,,unknown for sustained mathematics,receptive,none at exact leaf level in current register,Cyrl projection plausible but untested,unknown,Untested Slavic leaves,Zero until exact testing; one person cannot be counted in both Latin and Cyrillic projection cells,FR-2,D2,ACE-E014;ACE-E015,Pooled study only,low,inference_only,false,No blanket East Slavic credit.
EDGE-ISV-004,IL-ISV,constructed_bridge,CELL-ISV-PL-LATN,,pending_exact_composite_join,coverage_candidate,Polish-literate cohort,Poland and separately diaspora,pl-Latn,Latn,cross_language_bridge,unknown,unknown,unknown,,,unknown for sustained mathematics,receptive,none at exact leaf level in current register,exact script match,unknown,Kashubian is not included,Zero until exact testing; deduct Polish and English comfortable access,FR-2,D2,ACE-E014;ACE-E015,Pooled study only,low,inference_only,false,No pooled result is inherited.
EDGE-ISV-005,IL-ISV,constructed_bridge,CELL-ISV-CS-LATN,,pending_exact_composite_join,coverage_candidate,Czech-literate cohort,Czechia,cs-Latn,Latn,cross_language_bridge,unknown,unknown,unknown,,,unknown for sustained mathematics,receptive,none at exact leaf level in current register,exact script match,unknown,No Slovak or other West-Slavic transfer credit,Zero until exact testing; deduct Czech and English comfortable access,FR-2,D2,ACE-E014;ACE-E015,Pooled study only,low,inference_only,false,Natural Czech-Slovak evidence does not establish Interslavic mathematics comprehension.
EDGE-ISV-006,IL-ISV,constructed_bridge,CELL-ISV-SK-LATN,,pending_exact_composite_join,coverage_candidate,Slovak-literate cohort,Slovakia,sk-Latn,Latn,cross_language_bridge,unknown,unknown,unknown,,,unknown for sustained mathematics,receptive,none at exact leaf level in current register,exact script match,unknown,No Czech or other West-Slavic transfer credit,Zero until exact testing; deduct Slovak and English comfortable access,FR-2,D2,ACE-E014;ACE-E015,Pooled study only,low,inference_only,false,No pooled result is inherited.
EDGE-ISV-007,IL-ISV,constructed_bridge,CELL-ISV-SL-LATN,,pending_exact_composite_join,coverage_candidate,Slovene-literate cohort,Slovenia,sl-Latn,Latn,cross_language_bridge,unknown,unknown,unknown,,,unknown for sustained mathematics,receptive,none at exact leaf level in current register,exact script match,unknown,No BCMS or other South-Slavic transfer credit,Zero until exact testing; deduct Slovene and English comfortable access,FR-2,D2,ACE-E014;ACE-E015,Pooled study only,low,inference_only,false,No pooled result is inherited.
EDGE-ISV-008,IL-ISV,constructed_bridge,CELL-ISV-BS-LATN,,pending_exact_composite_join,coverage_candidate,Bosnian-standard cohort,Bosnia and Herzegovina,bs-Latn,Latn,cross_language_bridge,unknown,unknown,unknown,,,unknown for sustained mathematics,receptive,none at exact leaf level in current register,exact script match,unknown,No unnamed BCMS population aggregation,Zero until exact testing and after any named BCMS edition,FR-2,D2,ACE-E014;ACE-E015,Pooled study only,low,inference_only,false,BCMS shared-core architecture is a competing intervention.
EDGE-ISV-009,IL-ISV,constructed_bridge,CELL-ISV-HR-LATN,,pending_exact_composite_join,coverage_candidate,Croatian-standard cohort,Croatia,hr-Latn,Latn,cross_language_bridge,unknown,unknown,unknown,,,unknown for sustained mathematics,receptive,none at exact leaf level in current register,exact script match,unknown,No unnamed BCMS population aggregation,Zero until exact testing and after any named BCMS edition,FR-2,D2,ACE-E014;ACE-E015,Pooled study only,low,inference_only,false,No pooled result is inherited.
EDGE-ISV-010,IL-ISV,constructed_bridge,CELL-ISV-CNR-LATN,,pending_exact_composite_join,coverage_candidate,Montenegrin-standard cohort,Montenegro,cnr-Latn,Latn,cross_language_bridge,unknown,unknown,unknown,,,unknown for sustained mathematics,receptive,none at exact leaf level in current register,exact script match,unknown,No unnamed BCMS population aggregation,Zero until exact testing and after any named BCMS edition,FR-2,D2,ACE-E014;ACE-E015,Pooled study only,low,inference_only,false,No pooled result is inherited.
EDGE-ISV-011,IL-ISV,constructed_bridge,CELL-ISV-SR-LATN,,pending_exact_composite_join,coverage_candidate,Serbian Latin-script reading cell,Serbia,sr-Latn,Latn,cross_language_bridge,unknown,unknown,unknown,,,unknown for sustained mathematics,receptive,none at exact leaf level in current register,exact script match,unknown,No additive credit with Serbian Cyrillic,Partition one Serbian population by observed script use; then deduct named Serbian access,FR-2,D2,ACE-E014;ACE-E015,Pooled study only,low,inference_only,false,Script projections are not independent languages.
EDGE-ISV-012,IL-ISV,constructed_bridge,CELL-ISV-SR-CYRL,,pending_exact_composite_join,coverage_candidate,Serbian Cyrillic-script reading cell,Serbia,sr-Cyrl,Cyrl,cross_language_bridge,unknown,unknown,unknown,,,unknown for sustained mathematics,receptive,none at exact leaf level in current register,exact script match to projection only,unknown,No additive credit with Serbian Latin,Partition one Serbian population by observed script use; then deduct named Serbian access,FR-2,D2,ACE-E014;ACE-E015,Pooled study only,low,inference_only,false,Do not double the population for dual literacy.
EDGE-ISV-013,IL-ISV,constructed_bridge,CELL-ISV-BG-CYRL,,pending_exact_composite_join,coverage_candidate,Bulgarian-literate cohort,Bulgaria,bg-Cyrl,Cyrl,cross_language_bridge,unknown,unknown,unknown,,,unknown for sustained mathematics,receptive,none at exact leaf level in current register,Cyrl projection plausible but untested,unknown,No Macedonian or other South-Slavic transfer credit,Zero until exact testing and overlap subtraction,FR-2,D2,ACE-E014;ACE-E015,Pooled study only,low,inference_only,false,No pooled result is inherited.
EDGE-ISV-014,IL-ISV,constructed_bridge,CELL-ISV-MK-CYRL,,pending_exact_composite_join,coverage_candidate,Macedonian-literate cohort,North Macedonia,mk-Cyrl,Cyrl,cross_language_bridge,unknown,unknown,unknown,,,unknown for sustained mathematics,receptive,none at exact leaf level in current register,Cyrl projection plausible but untested,unknown,No Bulgarian or other South-Slavic transfer credit,Zero until exact testing and overlap subtraction,FR-2,D2,ACE-E014;ACE-E015,Pooled study only,low,inference_only,false,No pooled result is inherited.
EDGE-ROM-000,IL-ROM,pluricentric_reuse,CELL-ROM-CONSTRUCTED-HYP,,non_population_evidence,hypothetical_surface,Proposed constructed pan-Romance surface,no defensible pooled territory,art-romance-hypothesis,Latn,constructed_bridge_hypothesis,unknown,unknown,unknown,,,unknown,receptive,none,unknown,Spanish and Brazilian Portuguese complete locally,All named Romance languages absent exact testing,Constructed surface has zero coverage; design artifacts cannot claim demographic ceilings,FR-2,D2,ACE-E015;ACE-A010,Natural-pair study plus local provisional state,low,hypothesis_only,false,The local provisional surface has zero canon-admitted units.
EDGE-ROM-001,IL-ROM,pluricentric_reuse,CELL-ROM-ES,,pending_exact_composite_join,coverage_candidate,Spanish-standard cell,Spanish-language territories separately modeled,es,Latn,localized_native_output,unknown,unknown,unknown,,,none beyond literacy in the named standard,receptive,none required for own localized output,exact,complete local edition,Catalan Galician and other languages are not Spanish cells,Spanish output claims only exact Spanish residual cells and is subtracted before any bridge scenario,FR-2,D2,ACE-A010,Current local workflow state,medium,architecture_not_comprehension_claim,false,Shared semantic source saves compute.
EDGE-ROM-002,IL-ROM,pluricentric_reuse,CELL-ROM-PTBR,,pending_exact_composite_join,coverage_candidate,Brazilian Portuguese cell,Brazil,pt-BR,Latn,localized_native_output,unknown,unknown,unknown,,,none beyond literacy in the named standard,receptive,none required for own localized output,exact,complete local edition,European and African Portuguese profiles not automatically included,pt-BR output is subtracted from residual bridge scenarios; no additive bridge credit,FR-2,D2,ACE-A010,Current local workflow state,medium,architecture_not_comprehension_claim,false,Named locale retained.
EDGE-ROM-003,IL-ROM,pluricentric_reuse,CELL-ROM-FR,,pending_exact_composite_join,coverage_candidate,French-standard cell,French-language territories separately modeled,fr,Latn,localized_native_output,unknown,unknown,unknown,,,none beyond literacy in exact locale standard,receptive,none,exact,not established in current successor census,Other Romance languages,Claims only exact French cell; bilingual overlap deducted separately,FR-2,D2,ACE-E015,Natural-language pair study is not a coverage bound,low,architecture_not_comprehension_claim,false,No pan-Romance comprehension probability.
EDGE-ROM-004,IL-ROM,pluricentric_reuse,CELL-ROM-IT,,pending_exact_composite_join,coverage_candidate,Italian-standard cell,Italy,it-Latn-IT,Latn,localized_native_output,unknown,unknown,unknown,,,none beyond literacy in named standard,receptive,none,exact,not established,Sardinian Sicilian Neapolitan Friulian and Ladin,Claims only Italian cell,FR-2,D2,ACE-E015,Natural-language pair study,low,architecture_not_comprehension_claim,false,Related minority languages remain separate.
EDGE-ROM-005,IL-ROM,pluricentric_reuse,CELL-ROM-RO,,pending_exact_composite_join,coverage_candidate,Romanian-standard cell,Romania and Moldova profiles separate,ro-Latn-RO,Latn,localized_native_output,unknown,unknown,unknown,,,none beyond literacy in exact standard,receptive,none,exact,not established,Aromanian and other Eastern Romance varieties,Claims only exact Romanian cell,FR-2,D2,ACE-E015,Natural-language pair study,low,architecture_not_comprehension_claim,false,No bridge reach.
EDGE-ROM-006,IL-ROM,pluricentric_reuse,CELL-ROM-CA,,pending_exact_composite_join,coverage_candidate,Catalan-standard cell,Catalan territories separately modeled,ca-Latn,Latn,localized_native_output,unknown,unknown,unknown,,,none beyond literacy in exact standard,receptive,none,exact,not established,Occitan and other Romance languages,Claims only Catalan cell; Spanish overlap deducted by cohort,FR-2,D2,ACE-E015,Natural-language pair study,low,architecture_not_comprehension_claim,false,Named output required.
EDGE-ROM-007,IL-ROM,pluricentric_reuse,CELL-ROM-GL,,pending_exact_composite_join,coverage_candidate,Galician-standard cell,Galicia,gl-Latn-ES,Latn,localized_native_output,unknown,unknown,unknown,,,none beyond literacy in exact standard,receptive,none,exact,not established,Portuguese and Spanish are separate baseline editions,Claims only residual Galician cell after measured Spanish/Portuguese comfort,FR-2,D2,ACE-E015,Natural-language pair study,low,architecture_not_comprehension_claim,false,No automatic Portuguese or Spanish coverage.
EDGE-TUR-001,IL-TURKIC,natural_intercomprehension_reuse,CELL-TUR-TR,,pending_exact_composite_join,coverage_candidate,Turkish-standard cell,Turkey,tr-Latn-TR,Latn,localized_native_output,unknown,unknown,unknown,,,none beyond named-standard literacy,receptive,none,exact,complete local Turkish edition,All other Turkic languages,Turkish population is already covered locally and is never added to branch reuse reach,FR-2,D2,ACE-A008,Current Turkish state,medium,architecture_not_comprehension_claim,false,Engineering baseline only.
EDGE-TUR-002,IL-TURKIC,natural_intercomprehension_reuse,CELL-TUR-AZ,,pending_exact_composite_join,coverage_candidate,Azerbaijani-standard cell,Azerbaijan,az-Latn-AZ,Latn,localized_native_output,unknown,unknown,unknown,,,none beyond named-standard literacy,receptive,none,exact,Turkish overlap unmeasured,Other Oghuz languages,Cross-language Turkish credit is zero; named Azerbaijani output claims only Azerbaijani cell,FR-2,D2,ACE-A008,No direct directional task registered,low,architecture_not_comprehension_claim,false,Oghuz reuse saves compute.
EDGE-TUR-003,IL-TURKIC,natural_intercomprehension_reuse,CELL-TUR-TK,,pending_exact_composite_join,coverage_candidate,Turkmen-standard cell,Turkmenistan,tk-Latn-TM,Latn,localized_native_output,unknown,unknown,unknown,,,none beyond named-standard literacy,receptive,none,exact,Turkish overlap unmeasured,Other Oghuz languages,Cross-language reach zero; named output only,FR-2,D2,ACE-A008,No direct directional task registered,low,architecture_not_comprehension_claim,false,Oghuz branch.
EDGE-TUR-004,IL-TURKIC,natural_intercomprehension_reuse,CELL-TUR-GAG,,pending_exact_composite_join,coverage_candidate,Gagauz-standard cell,Moldova exact communities,gag-Latn,Latn,localized_native_output,unknown,unknown,unknown,,,none beyond named-standard literacy,receptive,none,exact,Turkish overlap unmeasured,Other Oghuz languages,Cross-language reach zero; named output only,FR-1,D2,ACE-A021,Candidate seed only,low,architecture_not_comprehension_claim,false,Small residual Oghuz profile.
EDGE-TUR-005,IL-TURKIC,natural_intercomprehension_reuse,CELL-TUR-KK,,pending_exact_composite_join,coverage_candidate,Kazakh-standard cell,Kazakhstan,kk-Cyrl-KZ,Cyrl,localized_native_output,unknown,unknown,unknown,,,none beyond named-standard literacy,receptive,none,exact,Russian and Turkic overlap unmeasured,Oghuz and other Kipchak languages,No cross-language credit; script projection is not additive,FR-2,D2,ACE-A021,Candidate seed only,low,architecture_not_comprehension_claim,false,Kipchak profile.
EDGE-TUR-006,IL-TURKIC,natural_intercomprehension_reuse,CELL-TUR-KY,,pending_exact_composite_join,coverage_candidate,Kyrgyz-standard cell,Kyrgyzstan,ky-Cyrl-KG,Cyrl,localized_native_output,unknown,unknown,unknown,,,none beyond named-standard literacy,receptive,none,exact,Russian and Turkic overlap unmeasured,Other Kipchak languages,No cross-language credit,FR-2,D2,ACE-A021,Candidate seed only,low,architecture_not_comprehension_claim,false,Kipchak profile.
EDGE-TUR-007,IL-TURKIC,natural_intercomprehension_reuse,CELL-TUR-TT,,pending_exact_composite_join,coverage_candidate,Tatar-standard cell,Russian Federation,tt-Cyrl-RU,Cyrl,localized_native_output,unknown,unknown,unknown,,,none beyond named-standard literacy,receptive,none,exact,Russian and Turkic overlap unmeasured,Other Kipchak languages,No cross-language credit,FR-1,D2,ACE-A021,Candidate seed only,low,architecture_not_comprehension_claim,false,Kipchak profile.
EDGE-TUR-008,IL-TURKIC,natural_intercomprehension_reuse,CELL-TUR-BA,,pending_exact_composite_join,coverage_candidate,Bashkir-standard cell,Russian Federation,ba-Cyrl-RU,Cyrl,localized_native_output,unknown,unknown,unknown,,,none beyond named-standard literacy,receptive,none,exact,Russian and Turkic overlap unmeasured,Other Kipchak languages,No cross-language credit,FR-1,D2,ACE-A021,Candidate seed only,low,architecture_not_comprehension_claim,false,Kipchak profile.
EDGE-TUR-009,IL-TURKIC,natural_intercomprehension_reuse,CELL-TUR-UZ,,pending_exact_composite_join,coverage_candidate,Uzbek-standard cell,Uzbekistan,uz-Latn-UZ,Latn,localized_native_output,unknown,unknown,unknown,,,none beyond named-standard literacy,receptive,none,exact,Russian and Turkic overlap unmeasured,Uyghur and all other Karluk profiles,No cross-language credit; legacy Cyrillic is a script-access cell,MV-1,D2,ACE-A021,Candidate seed only,low,architecture_not_comprehension_claim,false,Karluk profile.
EDGE-TUR-010,IL-TURKIC,natural_intercomprehension_reuse,CELL-TUR-UG,,pending_exact_composite_join,coverage_candidate,Uyghur-standard cell,Xinjiang and diaspora,ug-Arab-CN,Arab,localized_native_output,unknown,unknown,unknown,,,none beyond named-standard literacy,receptive,none,exact,Uzbek and Turkic overlap unmeasured,Other Karluk profiles,No cross-language credit,FR-2,D2,ACE-A021,Candidate seed only,low,architecture_not_comprehension_claim,false,Karluk profile with distinct script.
EDGE-GER-001,IL-GERM,natural_intercomprehension_reuse,CELL-GER-NL,,pending_exact_composite_join,coverage_candidate,Dutch-standard cell,Netherlands and Belgium profiles separate,nl-Latn,Latn,localized_native_output,unknown,unknown,unknown,,,none beyond named-standard literacy,receptive,none,exact,English overlap expected high but unmeasured,All residual Germanic communities,Claims only residual Dutch cell; cross-language credit zero,FR-1,D2,ACE-E015,Natural-language comparison study,low,architecture_not_comprehension_claim,false,Negative-control tendency after English overlap.
EDGE-GER-002,IL-GERM,natural_intercomprehension_reuse,CELL-GER-AF,,pending_exact_composite_join,coverage_candidate,Afrikaans-standard cell,South Africa and Namibia cells separate,af-Latn,Latn,localized_native_output,unknown,unknown,unknown,,,none beyond named-standard literacy,receptive,none,exact,Dutch and English overlap unmeasured,Other Germanic languages,Claims only residual Afrikaans cell; directional Dutch credit zero,FR-1,D2,ACE-E015,Natural-language comparison study,low,architecture_not_comprehension_claim,false,Clearest narrower reuse pair.
EDGE-GER-003,IL-GERM,natural_intercomprehension_reuse,CELL-GER-NDS,,pending_exact_composite_join,coverage_candidate,Low German exact-standard cell,Germany and diaspora cells separate,nds-Latn-DE,Latn,localized_native_output,unknown,unknown,unknown,,,none beyond exact-standard literacy,receptive,none,exact,German overlap unmeasured,Dutch Afrikaans and other Germanic communities,No pan-Germanic credit; named output only,FR-1,D2,ACE-A021,Candidate seed only,low,architecture_not_comprehension_claim,false,Standard resolution remains necessary.
EDGE-GER-004,IL-GERM,natural_intercomprehension_reuse,CELL-GER-PDT,,pending_exact_composite_join,coverage_candidate,Plautdietsch cell,exact diaspora territories separate,pdt-Latn,Latn,localized_native_output,unknown,unknown,unknown,,,none beyond community-standard literacy,receptive,none,exact,German English Russian Spanish and Portuguese overlaps vary,Other Germanic diaspora languages,Deduplicate by residence and dominant academic-language access; no pan-Germanic credit,FR-1,D2,ACE-A021,Candidate seed only,low,architecture_not_comprehension_claim,false,Diaspora-specific.
EDGE-GER-005,IL-GERM,natural_intercomprehension_reuse,CELL-GER-PDC,,pending_exact_composite_join,coverage_candidate,Pennsylvania Dutch cell,United States exact communities,pdc-Latn,Latn,localized_native_output,unknown,unknown,unknown,,,none beyond community-standard literacy,receptive,none,exact,English overlap likely high but unmeasured,Other Germanic diaspora languages,Count only residual community readers; no pan-Germanic credit,FR-1,D2,ACE-A021,Candidate seed only,low,architecture_not_comprehension_claim,false,Prestige-domain candidate.
EDGE-GER-006,IL-GERM,natural_intercomprehension_reuse,CELL-GER-GEH,,pending_exact_composite_join,coverage_candidate,Hutterisch cell,North American communities,geh-Latn,Latn,localized_native_output,unknown,unknown,unknown,,,none beyond community-standard literacy,receptive,none,exact,English and German overlap unmeasured,Other Germanic diaspora languages,Count only residual community readers; no pan-Germanic credit,FR-1,D2,ACE-A021,Candidate seed only,low,architecture_not_comprehension_claim,false,Separate from Plautdietsch and Pennsylvania Dutch.
EDGE-GER-007,IL-GERM,natural_intercomprehension_reuse,CELL-GER-FY,,pending_exact_composite_join,coverage_candidate,West Frisian cell,Netherlands,fy-Latn-NL,Latn,localized_native_output,unknown,unknown,unknown,,,none beyond named-standard literacy,receptive,none,exact,Dutch and English overlap unmeasured,Other Frisian languages and Germanic communities,No pan-Germanic credit,FR-1,D2,ACE-A021,Candidate seed only,low,architecture_not_comprehension_claim,false,Exact Frisian language required.
EDGE-GER-008,IL-GERM,natural_intercomprehension_reuse,CELL-GER-YI,,pending_exact_composite_join,coverage_candidate,Yiddish exact-register cell,diaspora territories separate,yi-Hebr,Hebr,localized_native_output,unknown,unknown,unknown,,,none beyond exact-register literacy,receptive,none,distinct script,English Hebrew Russian and German overlaps vary,All Latin-script Germanic profiles,No pan-Germanic credit; residence and community register define separate cells,FR-2,D2,ACE-A021,Candidate seed only,low,architecture_not_comprehension_claim,false,Must remain separate.
EDGE-GER-009,IL-GERM,natural_intercomprehension_reuse,CELL-GER-SCO,,pending_exact_composite_join,coverage_candidate,Scots cell,Scotland,sco-Latn-GB,Latn,localized_native_output,unknown,unknown,unknown,,,none beyond exact-standard literacy,receptive,none,exact,English overlap expected very high but unmeasured,Other Germanic communities,Count only residual comfortable-reader gain; no pan-Germanic credit,FR-1,D2,ACE-A021,Candidate seed only,low,architecture_not_comprehension_claim,false,Likely low raw marginal reach.
EDGE-GER-010,IL-GERM,natural_intercomprehension_reuse,CELL-GER-FO,,pending_exact_composite_join,coverage_candidate,Faroese cell,Faroe Islands,fo-Latn-FO,Latn,localized_native_output,unknown,unknown,unknown,,,none beyond named-standard literacy,receptive,none,exact,Danish and English overlap unmeasured,Mainland Scandinavian and other Germanic languages,No pan-Germanic or mainland Scandinavian credit,FR-2,D2,ACE-A021,Candidate seed only,low,architecture_not_comprehension_claim,false,Named output is defensible.
EDGE-IDMS-001,IL-IDMS,pluricentric_reuse,CELL-IDMS-ID,,pending_exact_composite_join,coverage_candidate,Indonesian standard cell,Indonesia,id-Latn-ID,Latn,localized_native_output,unknown,unknown,unknown,,,none beyond named-standard literacy,receptive,none,exact,722 of 722 Open Logic units complete,Javanese Sundanese Madurese Minangkabau Acehnese and other languages,Completed Indonesian Open Logic is excluded from forward reach; no Malaysian reach,FR-2,D2,ACE-A011;CURRENT_INDONESIAN_PROGRAM_STATUS_20260830,Current Indonesian complete baseline,medium,architecture_not_comprehension_claim,false,Complete baseline retained to prevent double counting; future work must name an exact uncovered component.
EDGE-IDMS-002,IL-IDMS,pluricentric_reuse,CELL-IDMS-MS-MY,,pending_exact_composite_join,coverage_candidate,Malaysian Malay Rumi cell,Malaysia,ms-Latn-MY,Latn,localized_native_output,unknown,unknown,unknown,,,none beyond named-standard literacy,receptive,none,exact,Indonesian cross-standard overlap untested,Other Malayic and Indonesian languages,Zero Indonesian credit pending directional technical-text audit; localized output claims Malaysian cell,FR-2,D2,ACE-A011,Local state records Malaysian Malay as distinct and unstarted,medium,architecture_not_comprehension_claim,false,MABBIM-aligned termbase can reduce compute.
EDGE-IDMS-003,IL-IDMS,pluricentric_reuse,CELL-IDMS-MS-JAWI,,pending_exact_composite_join,coverage_candidate,Malaysian Malay Jawi-reading stratum,Malaysia,ms-Arab-MY,Arab,script_derivative,unknown,unknown,unknown,,,none beyond Jawi literacy,receptive,none,exact,Same language as ms-Latn-MY,Other Malayic languages,Partition or model dual literacy; never add Jawi and Rumi populations,FR-2,D2,ACE-A011,No direct script-stratum evidence registered,low,inference_only,false,Script derivative only.
EDGE-IDMS-004,IL-IDMS,pluricentric_reuse,CELL-IDMS-MS-BN,,pending_exact_composite_join,coverage_candidate,Brunei Malay educational-standard cell,Brunei,ms-Latn-BN,Latn,localized_native_output,unknown,unknown,unknown,,,none beyond exact-standard literacy,receptive,none,exact,Indonesian and Malaysian overlap untested,Other Malayic languages,Named Brunei cell only; no regional blanket credit,FR-2,D2,ACE-A021,Candidate seed only,low,architecture_not_comprehension_claim,false,Locale-specific output may be small adaptation.
EDGE-SCAND-001,IL-SCAND,natural_intercomprehension_reuse,CELL-SCAND-DA,,pending_exact_composite_join,coverage_candidate,Danish-standard cell,Denmark,da-Latn-DK,Latn,localized_native_output,unknown,unknown,unknown,,,none beyond named-standard literacy,receptive,exact pair values not registered,exact,English and Scandinavian overlap unmeasured,Faroese Icelandic,Named output only; cross-language reach zero until exact directional value is imported,FR-1,D2,ACE-E015,Gooskens and van Heuven 2017 natural-language tests,medium,architecture_not_comprehension_claim,false,Spoken and written asymmetries matter.
EDGE-SCAND-002,IL-SCAND,natural_intercomprehension_reuse,CELL-SCAND-NB,,pending_exact_composite_join,coverage_candidate,Norwegian Bokmal cell,Norway,nb-Latn-NO,Latn,localized_native_output,unknown,unknown,unknown,,,none beyond named-standard literacy,receptive,exact pair values not registered,exact,English and Scandinavian overlap unmeasured,Nynorsk Faroese Icelandic,Named output only; no cross-language credit,FR-1,D2,ACE-E015,Natural-language tests,medium,architecture_not_comprehension_claim,false,Keep Bokmal and Nynorsk outputs distinct.
EDGE-SCAND-003,IL-SCAND,natural_intercomprehension_reuse,CELL-SCAND-NN,,pending_exact_composite_join,coverage_candidate,Norwegian Nynorsk cell,Norway,nn-Latn-NO,Latn,localized_native_output,unknown,unknown,unknown,,,none beyond named-standard literacy,receptive,exact pair values not registered,exact,Bokmal English and Scandinavian overlap unmeasured,Faroese Icelandic,Partition Norwegian readers and do not add dual-standard literacy,FR-1,D2,ACE-E015,Natural-language tests,low,architecture_not_comprehension_claim,false,Named output required.
EDGE-SCAND-004,IL-SCAND,natural_intercomprehension_reuse,CELL-SCAND-SV,,pending_exact_composite_join,coverage_candidate,Swedish-standard cell,Sweden,sv-Latn-SE,Latn,localized_native_output,unknown,unknown,unknown,,,none beyond named-standard literacy,receptive,exact pair values not registered,exact,English and Scandinavian overlap unmeasured,Faroese Icelandic,Named output only; cross-language reach zero until exact directional value is imported,FR-1,D2,ACE-E015,Natural-language tests,medium,architecture_not_comprehension_claim,false,High English overlap likely reduces marginal access.
EDGE-AR-001,IL-AR,pluricentric_reuse,CELL-AR-MSA,,pending_exact_composite_join,coverage_candidate,Readers comfortable with Modern Standard Arabic,territories separately modeled,ar,Arab,existing_formal_base,unknown,unknown,unknown,,,formal literacy required,receptive,none registered for target corpus,exact,complete local Arabic edition,Amazigh Kurdish Nubian Modern South Arabian and signed languages,Existing MSA coverage is baseline and cannot be claimed again by scaffolds,FR-2,D2,ACE-A009;ACE-E001,Current Arabic state and aggregate policy synthesis,medium,baseline_only,false,Residual intervention begins after this base.
EDGE-AR-002,IL-AR,pluricentric_reuse,CELL-AR-EG,,pending_exact_composite_join,coverage_candidate,Egyptian Arabic scaffold users,Egypt,arz-Arab-EG,Arab,scaffold_on_existing_msa,unknown,unknown,unknown,,,unknown,receptive,none,exact dialect script,complete MSA base,Non-Arabic Egypt languages,Credit only measured increase from dialect glossary plain-language or audio scaffold beyond MSA,FR-2;AX-3,separate_derivative,ACE-A009,No dialect-specific comprehension bound registered,low,inference_only,false,Not a replacement for a source-faithful MSA edition.
EDGE-AR-003,IL-AR,pluricentric_reuse,CELL-AR-LEV,,pending_exact_composite_join,coverage_candidate,Levantine Arabic scaffold users,Levant exact country cells,apc-Arab,Arab,scaffold_on_existing_msa,unknown,unknown,unknown,,,unknown,receptive,none,exact dialect script,complete MSA base,Kurdish Armenian and other non-Arabic communities,Credit only residual scaffold gain and deduplicate country cells,FR-2;AX-3,separate_derivative,ACE-A009,No dialect-specific bound registered,low,inference_only,false,Country layers remain separate.
EDGE-AR-004,IL-AR,pluricentric_reuse,CELL-AR-IQ,,pending_exact_composite_join,coverage_candidate,Mesopotamian Arabic scaffold users,Iraq,acm-Arab-IQ,Arab,scaffold_on_existing_msa,unknown,unknown,unknown,,,unknown,receptive,none,exact dialect script,complete MSA base,Kurdish Turkmen Neo-Aramaic and other communities,Credit only residual scaffold gain,FR-2;AX-3,separate_derivative,ACE-A009,No dialect-specific bound registered,low,inference_only,false,No Iraq-wide reach.
EDGE-AR-005,IL-AR,pluricentric_reuse,CELL-AR-GULF,,pending_exact_composite_join,coverage_candidate,Gulf Arabic scaffold users,exact Gulf country cells,afb-Arab,Arab,scaffold_on_existing_msa,unknown,unknown,unknown,,,unknown,receptive,none,exact dialect script,complete MSA base,Non-Arabic migrant and local languages,Credit only residual scaffold gain; country cells and migrant status remain separate,FR-2;AX-3,separate_derivative,ACE-A009,No dialect-specific bound registered,low,inference_only,false,No Gulf demographic ceiling.
EDGE-AR-006,IL-AR,pluricentric_reuse,CELL-AR-MA,,pending_exact_composite_join,coverage_candidate,Moroccan Arabic scaffold users,Morocco,ary-Arab-MA,Arab,scaffold_on_existing_msa,unknown,unknown,unknown,,,unknown,receptive,none,exact dialect script,complete MSA base,Standard Moroccan Amazigh Tachelhit Tarifit and other Amazigh languages,Credit only residual scaffold gain after MSA; no non-Arabic reach,FR-2;AX-3,separate_derivative,ACE-A009,No dialect-specific bound registered,low,inference_only,false,Diglossic distance is explicit uncertainty.
EDGE-AR-007,IL-AR,pluricentric_reuse,CELL-AR-TN,,pending_exact_composite_join,coverage_candidate,Tunisian Arabic scaffold users,Tunisia,aeb-Arab-TN,Arab,scaffold_on_existing_msa,unknown,unknown,unknown,,,unknown,receptive,none,exact dialect script,complete MSA base,Non-Arabic communities,Credit only residual scaffold gain,FR-2;AX-3,separate_derivative,ACE-A009,No dialect-specific bound registered,low,inference_only,false,No regional blanket credit.
EDGE-AR-008,IL-AR,pluricentric_reuse,CELL-AR-SD,,pending_exact_composite_join,coverage_candidate,Sudanese Arabic scaffold users,Sudan,apd-Arab-SD,Arab,scaffold_on_existing_msa,unknown,unknown,unknown,,,unknown,receptive,none,exact dialect script,complete MSA base,Nubian Beja Fur and other non-Arabic languages,Credit only residual scaffold gain,FR-2;AX-3,separate_derivative,ACE-A009,No dialect-specific bound registered,low,inference_only,false,Conflict and offline access modeled separately.
EDGE-PDT-001,IL-PDT,pluricentric_reuse,CELL-PDT-FA,,pending_exact_composite_join,coverage_candidate,Iranian Persian cell,Iran,fa-Arab-IR,Arab,existing_localized_output,unknown,unknown,unknown,,,none beyond named-standard literacy,receptive,none,exact,complete local Iranian Persian edition,Dari Tajik Kurdish Pashto Balochi and Pamiri languages,Existing fa-IR coverage is baseline and not added to adaptation reach,FR-2,D2,ACE-A009,Current paired edition state,medium,baseline_only,false,Shared source begins from this edition.
EDGE-PDT-002,IL-PDT,pluricentric_reuse,CELL-PDT-PRS,,pending_exact_composite_join,coverage_candidate,Dari-standard cell,Afghanistan and displaced cells,prs-Arab-AF,Arab,localized_native_output,unknown,unknown,unknown,,,none beyond named-standard literacy,receptive,none,exact,Iranian Persian directional overlap unmeasured,Pashto Hazaragi and other languages,Zero fa-IR reach pending technical-text evidence; named Dari output claims only exact cells,FR-2,D2,ACE-A009;ACE-A021,Current Persian state plus candidate seed,low,architecture_not_comprehension_claim,false,Shared term graph reduces compute.
EDGE-PDT-003,IL-PDT,pluricentric_reuse,CELL-PDT-TG,,pending_exact_composite_join,coverage_candidate,Tajik-standard cell,Tajikistan,tg-Cyrl-TJ,Cyrl,localized_native_output,unknown,unknown,unknown,,,none beyond named-standard literacy,receptive,none,distinct script,Iranian Persian directional overlap unmeasured,Pamiri Uzbek Russian and other languages,Zero fa-IR reach; named Tajik output only; transliteration is not additive,FR-2,D2,ACE-A009;ACE-A021,Current Persian state plus candidate seed,low,architecture_not_comprehension_claim,false,Script is a decisive practical-access term.
EDGE-BCMS-001,IL-BCMS,pluricentric_reuse,CELL-BCMS-BS,,pending_exact_composite_join,coverage_candidate,Bosnian-standard cell,Bosnia and Herzegovina,bs-Latn,Latn,localized_native_output,unknown,unknown,unknown,,,none beyond named-standard literacy,receptive,none registered,exact,none established,Croatian Montenegrin Serbian and non-BCMS languages remain distinct cells,Named output claims only Bosnian cell; shared source has compute value only,FR-2,D2,ACE-A021,Candidate seed only,low,architecture_not_comprehension_claim,false,No unnamed neutral publication.
EDGE-BCMS-002,IL-BCMS,pluricentric_reuse,CELL-BCMS-HR,,pending_exact_composite_join,coverage_candidate,Croatian-standard cell,Croatia,hr-Latn,Latn,localized_native_output,unknown,unknown,unknown,,,none beyond named-standard literacy,receptive,none registered,exact,none established,Other BCMS standards remain distinct cells,Named output claims only Croatian cell,FR-2,D2,ACE-A021,Candidate seed only,low,architecture_not_comprehension_claim,false,Identity-preserving output.
EDGE-BCMS-003,IL-BCMS,pluricentric_reuse,CELL-BCMS-CNR,,pending_exact_composite_join,coverage_candidate,Montenegrin-standard cell,Montenegro,cnr-Latn,Latn,localized_native_output,unknown,unknown,unknown,,,none beyond named-standard literacy,receptive,none registered,exact,none established,Other BCMS standards remain distinct cells,Named output claims only Montenegrin cell,FR-2,D2,ACE-A021,Candidate seed only,low,architecture_not_comprehension_claim,false,Identity-preserving output.
EDGE-BCMS-004,IL-BCMS,pluricentric_reuse,CELL-BCMS-SRL,,pending_exact_composite_join,coverage_candidate,Serbian Latin-reading stratum,Serbia,sr-Latn,Latn,script_variant_of_localized_output,unknown,unknown,unknown,,,none beyond script literacy,receptive,none registered,exact,none established,Other BCMS standards,Partition one Serbian population by script use; do not add Latin and Cyrillic,FR-2,D2,ACE-A021,Candidate seed only,low,architecture_not_comprehension_claim,false,Dual-script output.
EDGE-BCMS-005,IL-BCMS,pluricentric_reuse,CELL-BCMS-SRC,,pending_exact_composite_join,coverage_candidate,Serbian Cyrillic-reading stratum,Serbia,sr-Cyrl,Cyrl,script_variant_of_localized_output,unknown,unknown,unknown,,,none beyond script literacy,receptive,none registered,exact,none established,Other BCMS standards,Partition one Serbian population by script use; do not add Latin and Cyrillic,FR-2,D2,ACE-A021,Candidate seed only,low,architecture_not_comprehension_claim,false,Dual-script output.
EDGE-HU-001,IL-HU,dual_script_or_register,CELL-HU-HI,,pending_exact_composite_join,coverage_candidate,Standard Hindi-oriented cell,India,hi-Deva-IN,Deva,existing_localized_output,unknown,unknown,unknown,,,none beyond named-standard literacy,receptive,none,exact,complete local Hindi edition; C-17 reports English subsidiary-language knowledge for 35257144 of the 528347193 Hindi census umbrella,Urdu and Hindi census umbrella sublanguages,Existing Hindi coverage is baseline and not added to Urdu adaptation reach; C-17 language knowledge is not academic comfort,FR-2,D2,ACE-E011;ACE-E019;ACE-A007,C-17 national Hindi row and current Hindi state,medium,baseline_only,false,Do not use the 528347193 umbrella as Standard Hindi reach; disclosed nonoverlap sensitivity is 0.933268986/0.966634493/0.986653797.
EDGE-HU-002,IL-HU,dual_script_or_register,CELL-HU-URPK,,pending_exact_composite_join,coverage_candidate,Pakistani Urdu cell,Pakistan,ur-Arab-PK,Arab Nastaliq,localized_native_output,unknown,unknown,unknown,,,none beyond named-standard literacy,receptive,none,distinct script and technical register,Hindi overlap unmeasured,Punjabi Sindhi Saraiki Pashto and other languages,Hindi gives zero Urdu credit; named Urdu output claims exact Pakistan cell,FR-2,D2,ACE-E012;ACE-A007,Official census plus Hindi baseline,low,architecture_not_comprehension_claim,false,Shared term graph saves compute.
EDGE-HU-003,IL-HU,dual_script_or_register,CELL-HU-URIN,,pending_exact_composite_join,coverage_candidate,Indian Urdu cell,India,ur-Arab-IN,Arab Nastaliq,localized_native_output,unknown,unknown,unknown,,,none beyond named-standard literacy,receptive,none,distinct script and technical register,C-17 reports English-or-Hindi subsidiary-language knowledge for 23172258 of 50772631 Urdu-category speakers; academic comfort remains unknown,Other Indian mother tongues,Keep Indian Urdu separate from Pakistan Urdu; apply disclosed nonoverlap sensitivity 0.543607303/0.771803651/0.908721461 rather than categorical Hindi coverage,FR-2,D2,ACE-E011;ACE-E019;ACE-A007,C-17 national Urdu row plus Hindi baseline,medium,architecture_not_comprehension_claim,false,Locale-specific terminology may differ; the overlap interval is a sensitivity bound only.
EDGE-PNJ-001,IL-PUNJABI,dual_script_or_register,CELL-PNJ-GURU,,pending_exact_composite_join,coverage_candidate,Eastern Punjabi Gurmukhi cell,India,pa-Guru-IN,Guru,localized_native_output,unknown,unknown,unknown,,,none beyond named-standard literacy,receptive,none,exact,C-17 reports English-or-Hindi subsidiary-language knowledge for 17571723 of 33124726 Punjabi-category speakers; academic comfort remains unknown,Western Punjabi Saraiki Hindko,Claims only India Gurmukhi cell; apply nonoverlap sensitivity 0.469528503/0.734764251/0.893905701 and never add a dual-script population,MV-1,D2,ACE-E011;ACE-E012;ACE-E019,C-17 national Punjabi row and official national census tables,medium,architecture_not_comprehension_claim,false,Shared semantics synchronized across outputs; C-17 is an overlap bound only.
EDGE-PNJ-002,IL-PUNJABI,dual_script_or_register,CELL-PNJ-SHAH,,pending_exact_composite_join,coverage_candidate,Western Punjabi Shahmukhi cell,Pakistan,pnb-Arab-PK,Arab Shahmukhi,localized_native_output,unknown,unknown,unknown,,,none beyond named-standard literacy,receptive,none,exact,none established,Saraiki Hindko and unresolved Punjabi census sublabels,Claims only resolved Shahmukhi population; no additive dual-script population,MV-1,D2,ACE-E011;ACE-E012,Official national census tables,medium,architecture_not_comprehension_claim,false,Pakistan census Punjabi label remains a ceiling until mapping is resolved.
EDGE-NGU-001,IL-NGUNI,pluricentric_reuse,CELL-NGU-ZU,,pending_exact_composite_join,coverage_candidate,isiZulu-standard cell,South Africa,zu-Latn-ZA,Latn,localized_native_output,unknown,unknown,unknown,,,none beyond named-standard literacy,receptive,none registered,exact,none established,isiXhosa siSwati isiNdebele and non-Nguni languages,Named output only; no combined Nguni population,MV-1,D2,ACE-A021,Candidate seed only,low,architecture_not_comprehension_claim,false,Shared core reduces compute.
EDGE-NGU-002,IL-NGUNI,pluricentric_reuse,CELL-NGU-XH,,pending_exact_composite_join,coverage_candidate,isiXhosa-standard cell,South Africa,xh-Latn-ZA,Latn,localized_native_output,unknown,unknown,unknown,,,none beyond named-standard literacy,receptive,none registered,exact,none established,Other Nguni standards,Named output only; no cross-language credit,MV-1,D2,ACE-A021,Candidate seed only,low,architecture_not_comprehension_claim,false,False friends and orthography matter.
EDGE-NGU-003,IL-NGUNI,pluricentric_reuse,CELL-NGU-SS,,pending_exact_composite_join,coverage_candidate,siSwati-standard cell,South Africa and Eswatini cells separate,ss-Latn,Latn,localized_native_output,unknown,unknown,unknown,,,none beyond named-standard literacy,receptive,none registered,exact,none established,Other Nguni standards,Country cells and named output only,MV-1,D2,ACE-A021,Candidate seed only,low,architecture_not_comprehension_claim,false,No South Africa to Eswatini inference.
EDGE-NGU-004,IL-NGUNI,pluricentric_reuse,CELL-NGU-NR,,pending_exact_composite_join,coverage_candidate,Southern Ndebele standard cell,South Africa,nr-Latn-ZA,Latn,localized_native_output,unknown,unknown,unknown,,,none beyond named-standard literacy,receptive,none registered,exact,none established,Zimbabwean Ndebele and other Nguni standards,Keep nr and nd distinct; named output only,MV-1,D2,ACE-A021,Candidate seed only,low,architecture_not_comprehension_claim,false,No Ndebele label collapse.
EDGE-SOT-001,IL-SOTHO,pluricentric_reuse,CELL-SOT-NSO,,pending_exact_composite_join,coverage_candidate,Northern Sotho standard cell,South Africa,nso-Latn-ZA,Latn,localized_native_output,unknown,unknown,unknown,,,none beyond named-standard literacy,receptive,none registered,exact,none established,Tswana Southern Sotho Venda Tsonga and Nguni languages,Named output only; no combined Sotho-Tswana population,MV-1,D2,ACE-A021,Candidate seed only,low,architecture_not_comprehension_claim,false,Shared source reduces compute.
EDGE-SOT-002,IL-SOTHO,pluricentric_reuse,CELL-SOT-TN,,pending_exact_composite_join,coverage_candidate,Tswana standard cell,South Africa and Botswana cells separate,tn-Latn,Latn,localized_native_output,unknown,unknown,unknown,,,none beyond named-standard literacy,receptive,none registered,exact,none established,Other Sotho-Tswana standards,Country cells remain separate; named output only,MV-1,D2,ACE-A021,Candidate seed only,low,architecture_not_comprehension_claim,false,Botswana requires its own population cell.
EDGE-SOT-003,IL-SOTHO,pluricentric_reuse,CELL-SOT-ST,,pending_exact_composite_join,coverage_candidate,Southern Sotho standard cell,South Africa and Lesotho cells separate,st-Latn,Latn,localized_native_output,unknown,unknown,unknown,,,none beyond named-standard literacy,receptive,none registered,exact,none established,Other Sotho-Tswana standards,Country cells remain separate; named output only,MV-1,D2,ACE-A021,Candidate seed only,low,architecture_not_comprehension_claim,false,Lesotho requires its own population cell.
EDGE-MAN-001,IL-MANDING,pluricentric_reuse,CELL-MAN-BM,,pending_exact_composite_join,coverage_candidate,Bambara Latin-standard cell,Mali,bm-Latn-ML,Latn,localized_native_output,unknown,unknown,unknown,,,none beyond named-standard literacy,receptive,none registered,exact,none established,Other Manding and Mande languages,Named output only; no continuum-wide population,FR-2,D2,ACE-A021,Candidate seed only,low,architecture_not_comprehension_claim,false,Shared semantic core reduces compute.
EDGE-MAN-002,IL-MANDING,pluricentric_reuse,CELL-MAN-MAN,,pending_exact_composite_join,coverage_candidate,Maninka exact-national-standard cell,Guinea and neighboring cells separate,man-Latn,Latn,localized_native_output,unknown,unknown,unknown,,,none beyond exact-standard literacy,receptive,none registered,exact,none established,Other Manding and Mande languages,Named output and country cell only,FR-2,D2,ACE-A021,Candidate seed only,low,architecture_not_comprehension_claim,false,Exact national standard must be fixed.
EDGE-MAN-003,IL-MANDING,pluricentric_reuse,CELL-MAN-DYU,,pending_exact_composite_join,coverage_candidate,Jula Latin-standard cell,Cote d'Ivoire and cross-border cells separate,dyu-Latn-CI,Latn,localized_native_output,unknown,unknown,unknown,,,none beyond exact-standard literacy,receptive,none registered,exact,none established,Other Manding and Mande languages,Named output and territory cell only,FR-2,D2,ACE-A021,Candidate seed only,low,architecture_not_comprehension_claim,false,Historical 12.504 million floor is not a package-wide population.
EDGE-MAN-004,IL-MANDING,pluricentric_reuse,CELL-MAN-BM-NKO,,pending_exact_composite_join,coverage_candidate,Bambara N'Ko-literate stratum,Mali,bm-Nkoo-ML,Nkoo,script_derivative,unknown,unknown,unknown,,,none beyond N'Ko literacy,receptive,none registered,exact,Same Bambara language cell as Latin output,Other Manding languages,Partition by observed script use; never add Latin and N'Ko users,FR-2,D2,ACE-A021,Candidate seed only,low,inference_only,false,Script derivative.
EDGE-MAN-005,IL-MANDING,pluricentric_reuse,CELL-MAN-MAN-NKO,,pending_exact_composite_join,coverage_candidate,Maninka N'Ko-literate stratum,exact territory pending,man-Nkoo,Nkoo,script_derivative,unknown,unknown,unknown,,,none beyond N'Ko literacy,receptive,none registered,exact,Same Maninka language cell as Latin output,Other Manding languages,Partition by observed script use; never add Latin and N'Ko users,FR-2,D2,ACE-A021,Candidate seed only,low,inference_only,false,Script derivative.
EDGE-SQ-001,IL-SQUECHUA,pluricentric_reuse,CELL-SQ-QUY,,pending_exact_composite_join,coverage_candidate,Ayacucho Quechua cell,Peru,quy-Latn-PE,Latn,localized_native_output,unknown,unknown,unknown,,,none beyond named-variety literacy,receptive,none registered,exact,Spanish overlap unmeasured,Cusco South Bolivian Northern and Central Quechua,Named variety only; no aggregate Quechua population,FR-2,D2,ACE-A021,Candidate seed only,low,architecture_not_comprehension_claim,false,Shared Southern semantic core reduces compute.
EDGE-SQ-002,IL-SQUECHUA,pluricentric_reuse,CELL-SQ-QUZ,,pending_exact_composite_join,coverage_candidate,Cusco Quechua cell,Peru,quz-Latn-PE,Latn,localized_native_output,unknown,unknown,unknown,,,none beyond named-variety literacy,receptive,none registered,exact,Spanish overlap unmeasured,Ayacucho South Bolivian Northern and Central Quechua,Named variety only; no aggregate Quechua population,FR-2,D2,ACE-A021,Candidate seed only,low,architecture_not_comprehension_claim,false,Localized terminology and examples.
EDGE-SQ-003,IL-SQUECHUA,pluricentric_reuse,CELL-SQ-QUH,,pending_exact_composite_join,coverage_candidate,South Bolivian Quechua cell,Bolivia,quh-Latn-BO,Latn,localized_native_output,unknown,unknown,unknown,,,none beyond named-variety literacy,receptive,none registered,exact,Spanish overlap unmeasured,Peruvian Southern Northern and Central Quechua,Named variety and country cell only; no aggregate Quechua population,FR-2,D2,ACE-A021,Candidate seed only,low,architecture_not_comprehension_claim,false,Cross-border population remains separate.
