"profile_id","lane","region","target_profile","tag","script_or_orthography","likely_reader_cohort","local_status","sequence_state","g_id","g_src","g_use","g_audit","g_tech","g_harm","R","S","A","N","V","P","F","D","confidence","evidence_ids","decision_caveat"
"GAP-SA-BN-BD","high_reach_underserved","South Asia","Bangladesh Bengali national educational standard","bn-Beng-BD","Bengali script; Bangladesh school/university register","Bengali-first readers in Bangladesh not comfortably served by English","missing","source-acquisition-first","pass","partial","unknown","unknown","pass","partial","R4-5","S2-3","A4","N3-4","V1","P3","F3","D1","medium","MIR-E003;MIR-E004;MIR-E006;MIR-E007;MIR-E042;MIR-E043;MIR-E069","Very large opportunity; target-specific open advanced-math, terminology and model-check evidence remains to be assembled"
"GAP-SA-BN-IN","high_reach_underserved","South Asia","Indian Bengali educational standard","bn-Beng-IN","Bengali script; Indian regional higher-education register","Bengali-first readers in India not comfortably served by English or Hindi","missing","source-acquisition-first","pass","partial","unknown","unknown","pass","partial","R4","S2-3","A4","N3","V1","P3","F3","D1","medium","MIR-E003;MIR-E004;MIR-E005;MIR-E006;MIR-E007;MIR-E069","Do not merge Bangladesh and Indian terminology or educational baselines"
"GAP-SA-TE-IN","high_reach_underserved","South Asia","Telugu educational standard in Andhra Pradesh and Telangana","te-Telu-IN","Telugu script; exact state terminology audit required","Telugu-first readers not comfortably served by English or Hindi","missing","source-acquisition-first","pass","partial","unknown","unknown","pass","partial","R4","S2-3","A4","N3-4","V1","P3","F3","D1","medium","MIR-E003;MIR-E004;MIR-E005;MIR-E006;MIR-E007;MIR-E043","High absolute opportunity; state-level terminology and open-material audit precede any commission"
"GAP-SA-TA-IN","high_reach_underserved","South Asia","Indian Tamil educational standard","ta-Taml-IN","Tamil script; Indian higher-education register","Tamil-first readers in India not comfortably served by English","missing","source-acquisition-first","pass","partial","unknown","unknown","pass","pass","R4","S2-3","A4","N3-4","V1","P3","F3","D1","medium","MIR-E003;MIR-E004;MIR-E005;MIR-E006;MIR-E007;MIR-E043","Keep separate from Sri Lankan Tamil educational and terminology profiles"
"GAP-SA-TA-LK","regional_depth","South Asia","Sri Lankan Tamil educational standard","ta-Taml-LK","Tamil script; Sri Lankan school/university register","Tamil-first readers in Sri Lanka and relevant diaspora cohorts","missing","source-acquisition-first","pass","partial","unknown","unknown","pass","partial","R2-3","S2-3","A4","N3","V2","P3","F3","D1","low","MIR-E003;MIR-E004;MIR-E043;MIR-E069","Shared language does not justify inheriting Indian institutional terminology without audit"
"GAP-SA-MR-IN","high_reach_underserved","South Asia","Marathi educational standard","mr-Deva-IN","Devanagari; Maharashtra higher-education register","Marathi-first readers not comfortably served by English or Hindi","missing","source-acquisition-first","pass","partial","unknown","unknown","pass","pass","R4","S2-3","A4","N3","V1","P3","F3","D1","medium","MIR-E003;MIR-E004;MIR-E005;MIR-E006;MIR-E007;MIR-E043","Hindi script overlap is not Marathi language coverage"
"GAP-SA-GU-IN","high_reach_underserved","South Asia","Gujarati educational standard","gu-Gujr-IN","Gujarati script; Gujarat higher-education register","Gujarati-first readers not comfortably served by English or Hindi","missing","source-acquisition-first","pass","partial","unknown","unknown","pass","pass","R3-4","S2-3","A4","N3","V1","P3","F3","D1","medium","MIR-E003;MIR-E004;MIR-E005;MIR-E006;MIR-E007;MIR-E043","Reader opportunity is a range, not the census speaker total"
"GAP-SA-KN-IN","high_reach_underserved","South Asia","Kannada educational standard","kn-Knda-IN","Kannada script; Karnataka higher-education register","Kannada-first readers not comfortably served by English or Hindi","missing","source-acquisition-first","pass","partial","unknown","unknown","pass","pass","R3-4","S2-3","A4","N3-4","V1","P3","F3","D1","medium","MIR-E003;MIR-E004;MIR-E005;MIR-E006;MIR-E007;MIR-E043","Audit current open university mathematics before final placement"
"GAP-SA-ML-IN","high_reach_underserved","South Asia","Malayalam educational standard","ml-Mlym-IN","Malayalam script; Kerala higher-education register","Malayalam-first readers not comfortably served by English","missing","source-acquisition-first","pass","partial","unknown","unknown","pass","pass","R3-4","S2-3","A4","N2-3","V1","P3","F3","D1","medium","MIR-E003;MIR-E004;MIR-E005;MIR-E006;MIR-E007;MIR-E043","English overlap may be higher in some cohorts and must be measured rather than assumed"
"GAP-SA-OR-IN","regional_depth","South Asia","Odia educational standard","or-Orya-IN","Odia script; Odisha higher-education register","Odia-first readers not comfortably served by English or Hindi","missing","source-acquisition-first","pass","partial","unknown","unknown","pass","pass","R3","S3","A4","N3-4","V1","P3","F2-3","D1","medium","MIR-E003;MIR-E004;MIR-E005;MIR-E006;MIR-E007;MIR-E043","Exact digital material, terminology and model-check research is the first action"
"GAP-SA-AS-IN","regional_depth","South Asia","Assamese educational standard","as-Beng-IN","Bengali-Assamese script; Assamese standard","Assamese-first readers not comfortably served by English, Hindi or Bengali","missing","source-acquisition-first","pass","partial","unknown","unknown","pass","partial","R2-3","S3","A3-4","N3","V2","P3","F2-3","D2","low","MIR-E003;MIR-E004;MIR-E005;MIR-E006;MIR-E007;MIR-E043","Script similarity with Bengali does not establish terminology or comprehension overlap"
"GAP-SA-PA-GURU-IN","regional_depth","South Asia","Eastern Punjabi in Gurmukhi","pa-Guru-IN","Gurmukhi; Indian Punjabi educational standard","Punjabi-first Gurmukhi readers in India","missing","source-acquisition-first","pass","partial","unknown","unknown","pass","partial","R3","S2-3","A4","N2-3","V2","P3","F3","D2","medium","MIR-E003;MIR-E004;MIR-E005;MIR-E006;MIR-E007;MIR-E043;MIR-E069","Do not merge with Shahmukhi Western Punjabi"
"GAP-SA-PNB-ARAB-PK","high_reach_underserved","South Asia","Western Punjabi in Shahmukhi","pnb-Arab-PK","Arabic-derived Shahmukhi; Pakistani regional register","Punjabi-first Shahmukhi readers in Pakistan not comfortably served by Urdu or English","missing","target-resolution-first","partial","unknown","unknown","unknown","pass","partial","R4","S3-4","A2-3","N3-4","V2","P4","F2","D2","low","MIR-E003;MIR-E004;MIR-E042;MIR-E043;MIR-E069","Large plausible cohort but literacy, orthographic practice and Urdu overlap require direct evidence"
"GAP-SA-NE-NP","regional_depth","South Asia","Nepali national educational standard","ne-Deva-NP","Devanagari; Nepal educational register","Nepali-first readers not comfortably served by English or Hindi","missing","source-acquisition-first","pass","partial","unknown","unknown","pass","pass","R3","S2-3","A4","N3","V1","P3","F3","D1","low","MIR-E003;MIR-E004;MIR-E043;MIR-E069","Do not infer advanced-open-material abundance from official status"
"GAP-SA-SI-LK","regional_depth","South Asia","Sinhala national educational standard","si-Sinh-LK","Sinhala script; Sri Lankan educational register","Sinhala-first readers not comfortably served by English","missing","source-acquisition-first","pass","partial","unknown","unknown","pass","pass","R3","S2-3","A4","N3","V1","P3","F3","D1","low","MIR-E003;MIR-E004;MIR-E043;MIR-E069","Target-specific open-material, terminology and model-check evidence is still indirect"
"GAP-SA-UR-PK","high_reach_underserved","South Asia","Pakistani Urdu educational standard","ur-Arab-PK","Perso-Arabic Nastaliq; Pakistani higher-education register","Urdu-first readers not comfortably served by English","missing","source-acquisition-first","pass","partial","unknown","unknown","partial","partial","R4-5","S2-3","A3","N3-4","V1","P3","F3","D1","medium","MIR-A018;MIR-E003;MIR-E004;MIR-E042;MIR-E043;MIR-E069","Nastaliq rendering and semantic extraction require technical tests; Urdu is not covered by Persian or Arabic"
"GAP-SA-PS-AF","regional_depth","South Asia / West Asia","Afghan Pashto standard profile","ps-Arab-AF","Arabic-derived Pashto script; regional standard must be fixed","Pashto-first readers in Afghanistan and displaced communities","missing","target-resolution-first","partial","unknown","unknown","unknown","partial","partial","R3-4","S3-4","A2-3","N4","V3","P4","F1-2","D3","low","MIR-A018;MIR-E003;MIR-E042;MIR-E043;MIR-E069","Resolve regional standard, safe evidence acquisition and source floor before fixing the edition surface"
"GAP-SA-HI-IN","local_comparator","South Asia","Hindi national educational standard","hi-Deva-IN","Devanagari; active local Open Logic profile","Hindi-first readers","partially_covered","evidence-ready","pass","partial","unknown","unknown","pass","partial","R4-5","S2","A4","N2-3","V1","P2","F3","D1","medium","MIR-A030;MIR-E005;MIR-E006;MIR-E007","Existing partial local coverage prevents treating Hindi as a missing-language candidate"
"GAP-SEA-VI-VN","high_reach_underserved","Mainland Southeast Asia","Vietnamese national educational standard","vi-Latn-VN","Vietnamese Latin orthography","Vietnamese-first readers not comfortably served by English","missing","source-acquisition-first","pass","partial","unknown","unknown","pass","pass","R4-5","S2-3","A4","N3-4","V1","P3","F3","D1","medium","MIR-E003;MIR-E004;MIR-E013;MIR-E043","Large official language with plausible major marginal gain; advanced-open-material audit remains necessary"
"GAP-SEA-TH-TH","high_reach_underserved","Mainland Southeast Asia","Thai national educational standard","th-Thai-TH","Thai script","Thai-first readers not comfortably served by English","missing","source-acquisition-first","pass","partial","unknown","unknown","pass","pass","R4","S2-3","A4","N3-4","V1","P3","F3","D1","medium","MIR-E003;MIR-E004;MIR-E013;MIR-E043","Official status does not establish open advanced mathematics availability"
"GAP-SEA-MY-MM","high_reach_underserved","Mainland Southeast Asia","Burmese national educational standard","my-Mymr-MM","Myanmar script","Burmese-first readers and displaced cohorts not comfortably served by English","missing","source-acquisition-first","pass","partial","unknown","unknown","pass","partial","R4","S3","A3","N4","V2","P4","F2-3","D2","medium","MIR-E003;MIR-E004;MIR-E012;MIR-E013;MIR-E043","Conflict and educational disruption raise safe-evidence and distribution constraints"
"GAP-SEA-KM-KH","regional_depth","Mainland Southeast Asia","Khmer national educational standard","km-Khmr-KH","Khmer script","Khmer-first readers not comfortably served by English or French","missing","source-acquisition-first","pass","partial","unknown","unknown","pass","pass","R3","S3","A3-4","N4","V1","P4","F2-3","D1","low","MIR-E003;MIR-E004;MIR-E043","Target-specific advanced-material evidence is indirect"
"GAP-SEA-LO-LA","regional_depth","Mainland Southeast Asia","Lao national educational standard","lo-Laoo-LA","Lao script","Lao-first readers not comfortably served by English or Thai","missing","source-acquisition-first","pass","unknown","unknown","unknown","pass","partial","R2-3","S3-4","A3","N3-4","V2","P4","F2","D2","low","MIR-E003;MIR-E004;MIR-E043","Thai overlap and Lao technical terminology require direct audit"
"GAP-SEA-FIL-PH","high_reach_underserved","Philippines","Filipino national standard","fil-Latn-PH","Latin script; Filipino educational register","Filipino-first readers not comfortably served by English","missing","source-acquisition-first","pass","partial","unknown","unknown","pass","partial","R4","S2-3","A4","N2-3","V1","P3","F3","D2","medium","MIR-E008;MIR-E009;MIR-E010;MIR-E043;MIR-E069","Tagalog/Filipino relationship and English overlap must be handled explicitly"
"GAP-SEA-CEB-PH","high_reach_underserved","Philippines","Cebuano","ceb-Latn-PH","Latin script; exact regional educational register","Cebuano-first readers not comfortably served by Filipino or English","missing","source-acquisition-first","pass","unknown","unknown","unknown","pass","partial","R3-4","S3-4","A3-4","N3-4","V2","P4","F2-3","D2","medium","MIR-E008;MIR-E009;MIR-E010;MIR-E042;MIR-E069","Census labels Bisaya/Binisaya and Cebuano require careful mapping"
"GAP-SEA-ILO-PH","regional_depth","Philippines","Ilocano","ilo-Latn-PH","Latin script; regional standard","Ilocano-first readers not comfortably served by Filipino or English","missing","source-acquisition-first","pass","unknown","unknown","unknown","pass","partial","R2-3","S3-4","A3-4","N3-4","V2","P4","F2-3","D2","medium","MIR-E008;MIR-E009;MIR-E010;MIR-E042","Official education use supports identity, not advanced terminology"
"GAP-SEA-HIL-PH","regional_depth","Philippines","Hiligaynon","hil-Latn-PH","Latin script; regional standard","Hiligaynon-first readers not comfortably served by Filipino or English","missing","source-acquisition-first","pass","unknown","unknown","unknown","pass","partial","R2-3","S3-4","A3-4","N3-4","V2","P4","F2","D2","medium","MIR-E008;MIR-E009;MIR-E010;MIR-E042","Separate from Cebuano/Bisaya labels"
"GAP-SEA-WAR-PH","regional_depth","Philippines","Waray","war-Latn-PH","Latin script; regional standard","Waray-first readers not comfortably served by Filipino or English","missing","source-acquisition-first","pass","unknown","unknown","unknown","pass","partial","R2-3","S3-4","A3","N3-4","V2","P4","F2","D2","medium","MIR-E008;MIR-E009;MIR-E010;MIR-E042","Exact regional terminology and model-comparison route are unverified"
"GAP-SEA-MDH-PH","regional_depth","Philippines","Maguindanaon","mdh-Latn-PH","Latin orthography; exact education profile to confirm","Maguindanaon-first readers not comfortably served by Filipino or English","missing","community-route-first","pass","unknown","unknown","unknown","pass","partial","R2","S4","A2-3","N4","V3","P4","F1-2","D2","low","MIR-E008;MIR-E010;MIR-E042","Community and education authority route precedes source acquisition"
"GAP-SEA-JV-ID","high_reach_underserved","Maritime Southeast Asia","Javanese Latin-script educational profile","jv-Latn-ID","Latin script; register choice unresolved","Javanese-first readers whose comfortable academic language is not Indonesian or English","missing","target-resolution-first","partial","unknown","unknown","unknown","pass","partial","R4-5","S3","A3","N2-3","V2","P4","F2-3","D3","low","MIR-E003;MIR-E004;MIR-E042;MIR-E043;MIR-E069","Speech-level/register choice and Indonesian overlap are material risks"
"GAP-SEA-SU-ID","high_reach_underserved","Maritime Southeast Asia","Sundanese Latin-script educational profile","su-Latn-ID","Latin script; register choice unresolved","Sundanese-first readers whose comfortable academic language is not Indonesian or English","missing","target-resolution-first","partial","unknown","unknown","unknown","pass","partial","R4","S3","A3","N2-3","V2","P4","F2-3","D3","low","MIR-E003;MIR-E004;MIR-E042;MIR-E043;MIR-E069","Indonesian bilingualism and politeness/register design require direct evidence"
"GAP-SEA-MS-MY","high_reach_underserved","Maritime Southeast Asia","Malaysian Malay national standard","ms-Latn-MY","Rumi; Malaysian educational terminology","Malaysian Malay-first readers not comfortably served by English","dormant","evidence-ready","pass","partial","unknown","unknown","pass","partial","R4","S2-3","A4","N2-3","V1","P3","F3","D1","low","MIR-A024;MIR-E003;MIR-E004;MIR-E043;MIR-E069","Audit direct comprehension of the Indonesian surface before assuming a separate edition or adaptation"
"GAP-SEA-TET-TL","regional_depth","Timor-Leste","Tetum national educational standard","tet-Latn-TL","Latin script; Tetum Prasa educational register","Tetum-first learners and adults not fluent in Portuguese or English","missing","source-acquisition-first","pass","partial","unknown","unknown","pass","partial","R2-3","S3-4","A3-4","N4","V2","P4","F2-3","D2","medium","MIR-E004;MIR-E011;MIR-E042;MIR-E069","Official status coexists with a severe functional access gap; terminology maturity must be audited"
"GAP-SEA-DDG-TL","endangered_prestige","Timor-Leste","Fataluku","ddg-Latn-TL","Latin orthography; community/education standard to verify","Fataluku-first community readers","missing","community-route-first","pass","unknown","unknown","unknown","partial","partial","R1-2","S4","A1-2","N4","V3","P4","F1","D3","low","MIR-E011;MIR-E042;MIR-E069","Exact community governance and written intervention type come before any edition proposal"
"GAP-SEA-BKX-TL","endangered_prestige","Timor-Leste","Baikeno","bkx-Latn-TL","Latin orthography; exact community standard to verify","Baikeno-first community readers","missing","community-route-first","pass","unknown","unknown","unknown","partial","partial","R1-2","S4","A1-2","N4","V3","P4","F1","D3","low","MIR-E011;MIR-E042;MIR-E069","Do not treat Timor-Leste's local languages as one residual category"
"GAP-SEA-KSW-MM","regional_depth","Myanmar / refugee diaspora","S'gaw Karen","ksw-Mymr-MM","S'gaw Karen script; exact regional profile","S'gaw Karen readers in Myanmar, Thailand and displaced communities","missing","community-route-first","pass","partial","unknown","unknown","pass","partial","R2-3","S4","A2-3","N4","V3","P4","F2","D2","medium","MIR-E012;MIR-E013;MIR-E042;MIR-E043","Provider evidence is a locator only, not linguistic authority or proof of the exact reader profile"
"GAP-SEA-RHG","endangered_prestige","Myanmar / Bangladesh / global diaspora","Rohingya exact script profile unresolved","rhg-Rohg;rhg-Arab;rhg-Mymr;rhg-Latn","Hanifi Rohingya and competing Arabic, Myanmar and Latin practices","Rohingya readers in refugee and displaced settings","missing","hold-flattening-risk","partial","unknown","unknown","unknown","partial","veto","R2-3","S4","A1-2","N4","V4","P4","F1","D4","medium","MIR-E001;MIR-E003;MIR-E042;MIR-E062;MIR-E069","Choose no script or standard until community literacy and governance evidence resolves the conflict"
"GAP-SEA-MFA-TH","regional_depth","Southern Thailand","Pattani Malay","mfa-Thai-TH","Jawi/Thai/Latin practices require exact target resolution","Pattani Malay-first readers not comfortably served by Thai or Standard Malay","missing","target-resolution-first","partial","partial","unknown","unknown","partial","partial","R2","S4","A2","N4","V3","P4","F1-2","D3","low","MIR-E013;MIR-E042;MIR-E069","LearnBig supplies a source route, not a settled orthography or advanced register"
"GAP-CA-KK-KZ","regional_depth","Central Asia","Kazakh national standard in Kazakhstan","kk-Cyrl-KZ","Cyrillic current educational standard; Latin-transition risk must be tracked","Kazakh-first readers not comfortably served by Russian or English","researched_only","target-resolution-first","pass","partial","unknown","unknown","partial","partial","R3-4","S3","A3","N3","V2","P4","F2-3","D2","medium","MIR-A031;MIR-E014;MIR-E042;MIR-E043;MIR-E069","Do not mix current Cyrillic users with a future Latin projection or count Russian as universal coverage"
"GAP-CA-KY-KG","regional_depth","Central Asia","Kyrgyz national standard","ky-Cyrl-KG","Cyrillic; Kyrgyz educational register","Kyrgyz-first readers not comfortably served by Russian or English","researched_only","source-acquisition-first","pass","partial","unknown","unknown","pass","partial","R3","S3-4","A3","N3-4","V2","P4","F2","D1","medium","MIR-A031;MIR-E014;MIR-E043","Local microdraft evidence is not a complete source floor or reviewed edition"
"GAP-CA-UZ-UZ","high_reach_underserved","Central Asia","Uzbek national Latin-script standard","uz-Latn-UZ","Latin standard; Cyrillic legacy overlap to audit","Uzbek-first readers not comfortably served by Russian or English","researched_only","source-acquisition-first","pass","partial","unknown","unknown","pass","partial","R4","S3","A3-4","N3-4","V1","P4","F2-3","D2","medium","MIR-A031;MIR-E014;MIR-E043;MIR-E069","Script generation and terminology must follow the present reader cohort, not a pan-Turkic design"
"GAP-CA-TG-TJ","regional_depth","Central Asia","Tajik national standard","tg-Cyrl-TJ","Cyrillic; Tajik educational terminology","Tajik-first readers not comfortably served by Russian, Persian or English","researched_only","source-acquisition-first","pass","partial","unknown","unknown","pass","partial","R3","S3-4","A3","N3-4","V2","P4","F2","D2","medium","MIR-A018;MIR-E014;MIR-E043;MIR-E069","Persian relation supplies no script or terminology inheritance"
"GAP-CA-TK-TM","regional_depth","Central Asia","Turkmen national Latin-script standard","tk-Latn-TM","Latin script; national educational register","Turkmen-first readers not comfortably served by Russian, Turkish or English","researched_only","source-acquisition-first","pass","unknown","unknown","unknown","pass","partial","R2-3","S4","A3","N4","V2","P4","F1-2","D2","low","MIR-A031;MIR-E014;MIR-E043","Source and independent-review access may be the principal constraint"
"GAP-CA-AZ-AZ","regional_depth","Caucasus","Azerbaijani national standard in Azerbaijan","az-Latn-AZ","Latin script; Azerbaijani educational register","Azerbaijani-first readers not comfortably served by Russian, Turkish or English","researched_only","source-acquisition-first","pass","partial","unknown","unknown","pass","partial","R3-4","S2-3","A4","N2-3","V1","P3","F3","D1","medium","MIR-A031;MIR-E014;MIR-E043;MIR-E064","Turkish proximity and Russian bilingualism require cohort-specific overlap evidence"
"GAP-CA-UG-CN","regional_depth","Central Asia / displaced diaspora","Uyghur standard profile","ug-Arab-CN","Arabic-derived Uyghur script; diaspora script variants to audit","Uyghur-first readers in Xinjiang and displaced communities","researched_only","community-route-first","pass","partial","unknown","unknown","partial","partial","R3","S4","A2-3","N4","V4","P4","F1-2","D2","medium","MIR-A031;MIR-E014;MIR-E042;MIR-E043","Safety, community governance, fonts and distribution are gating constraints"
"GAP-CA-KHK-MN","regional_depth","Mongolia","Khalkha Mongolian national standard","khk-Cyrl-MN","Cyrillic; Mongolian educational register","Khalkha Mongolian readers not comfortably served by Russian, Chinese or English","missing","source-acquisition-first","pass","partial","unknown","unknown","pass","partial","R2-3","S3","A3-4","N4","V1","P4","F2-3","D2","low","MIR-E003;MIR-E014;MIR-E042;MIR-E043;MIR-E069","Keep traditional-script audiences and Inner Mongolian profiles separate"
"GAP-CA-KA-GE","regional_depth","Caucasus","Georgian national educational standard","ka-Geor-GE","Georgian script","Georgian-first readers not comfortably served by Russian or English","missing","source-acquisition-first","pass","partial","unknown","unknown","pass","pass","R2-3","S2-3","A4","N3-4","V1","P3","F3","D1","medium","MIR-E043;MIR-E064;MIR-E069","National dominance does not imply abundant open advanced mathematics"
"GAP-CA-HY-AM","regional_depth","Caucasus / diaspora","Eastern Armenian national standard","hy-Armn-AM","Armenian script; Eastern Armenian","Eastern Armenian-first readers in Armenia and diaspora","missing","source-acquisition-first","pass","partial","unknown","unknown","pass","partial","R2-3","S2-3","A4","N3","V2","P3","F3","D2","medium","MIR-E043;MIR-E064;MIR-E069","Western Armenian diaspora must be audited as a separate language-standard profile"
"GAP-WA-KMR-TR","high_reach_underserved","Stateless West Asia / diaspora","Kurmanji Kurdish in Latin script","kmr-Latn-TR","Latin orthography; country-specific register","Kurmanji-first readers in Turkey and displaced diaspora not comfortably served by Turkish or English","missing","community-route-first","pass","partial","unknown","unknown","pass","partial","R3-4","S3-4","A3","N4","V3","P4","F2","D3","medium","MIR-E001;MIR-E003;MIR-E042;MIR-E063;MIR-E069","Do not collapse Kurdish or transfer Sorani terminology; political labels and safe evidence acquisition require care"
"GAP-WA-CKB-IQ","regional_depth","Stateless West Asia / diaspora","Central Kurdish Sorani in Iraq","ckb-Arab-IQ","Arabic-derived Sorani script","Sorani-first readers in Iraq and diaspora","missing","source-acquisition-first","pass","partial","unknown","unknown","partial","partial","R3","S3","A3","N3-4","V2","P4","F2-3","D2","medium","MIR-A018;MIR-E042;MIR-E063;MIR-E069","Separate from Kurmanji and Iranian regional profiles"
"GAP-WA-PRS-AF","regional_depth","Afghanistan / displaced diaspora","Dari national standard","prs-Arab-AF","Perso-Arabic script; Afghan terminology","Dari-first readers not comfortably served by English or Iranian Persian","researched_only","source-acquisition-first","pass","partial","unknown","unknown","partial","partial","R3-4","S3","A3","N3","V3","P4","F2","D2","medium","MIR-A018;MIR-E003;MIR-E042;MIR-E069","Iranian Persian is not automatic Dari coverage; displacement raises offline-access priority"
"GAP-WA-BAL","regional_depth","Pakistan / Iran / Afghanistan diaspora","Balochi exact variety and script unresolved","bal-Arab","Macro-label spans distinct varieties and orthographic practices","Balochi-first readers in several states and displaced settings","missing","hold-flattening-risk","fail","unknown","unknown","unknown","partial","veto","RU-R3","S4","A1-2","N4","V4","P4","F1","D4","low","MIR-E001;MIR-E003;MIR-E042;MIR-E069","No recommendation beyond target-resolution research until an exact variety, script, region and community authority are fixed"
"GAP-AF-HA-NG","high_reach_underserved","West Africa","Hausa Latin-script educational profile in Nigeria","ha-Latn-NG","Boko Latin orthography; Ajami users require a separate access audit","Hausa-first readers not comfortably served by English","researched_only","source-acquisition-first","pass","partial","unknown","unknown","pass","partial","R4-5","S3","A3-4","N4","V1","P4","F2-3","D2","medium","MIR-A017;MIR-E015;MIR-E016;MIR-E017;MIR-E043;MIR-E069","Large cross-border opportunity, but script, country and first/second-language cohorts cannot be merged"
"GAP-AF-SW-TZ","high_reach_underserved","East Africa","Tanzanian Swahili educational standard","sw-Latn-TZ","Latin script; Tanzanian terminology","Swahili-first and Swahili-strong readers not comfortably served by English","missing","source-acquisition-first","pass","partial","unknown","unknown","pass","partial","R4","S2-3","A4","N3","V1","P3","F3","D1","medium","MIR-E015;MIR-E016;MIR-E017;MIR-E043;MIR-E069","Treat Tanzania separately from Kenyan and second-language regional cohorts"
"GAP-AF-SW-KE","high_reach_underserved","East Africa","Kenyan Swahili educational standard","sw-Latn-KE","Latin script; Kenyan terminology","Swahili-strong Kenyan readers not comfortably served by English","missing","source-acquisition-first","pass","partial","unknown","unknown","pass","partial","R3-4","S2-3","A4","N2-3","V1","P3","F3","D1","low","MIR-E015;MIR-E016;MIR-E017;MIR-E043;MIR-E069","English and local-language overlap may reduce marginal reach relative to Tanzania"
"GAP-AF-AM-ET","high_reach_underserved","Horn of Africa","Amharic Ethiopian educational standard","am-Ethi-ET","Ethiopic script","Amharic-first readers not comfortably served by English","researched_only","source-acquisition-first","pass","partial","unknown","unknown","pass","partial","R4","S3","A3-4","N4","V1","P4","F2-3","D1","medium","MIR-A017;MIR-E015;MIR-E016;MIR-E017;MIR-E043","Recovered school sources are not yet an advanced-math source floor"
"GAP-AF-SO-SO","regional_depth","Horn of Africa / diaspora","Somali Latin-script standard","so-Latn-SO","Latin script; national/educational register","Somali-first readers in Somalia and diaspora not comfortably served by English, Arabic or Italian","partially_covered","source-acquisition-first","pass","partial","unknown","unknown","pass","partial","R3-4","S3-4","A3","N4","V3","P4","F2","D2","medium","MIR-A017;MIR-E015;MIR-E016;MIR-E017;MIR-E043","Existing local material is only a tiny elementary reader, not advanced coverage"
"GAP-AF-GAZ-ET","regional_depth","Horn of Africa","West Central Oromo educational profile","gaz-Latn-ET","Qubee Latin orthography; exact regional standard","West Central Oromo readers not comfortably served by Amharic or English","partially_covered","target-resolution-first","pass","partial","unknown","unknown","pass","partial","R3-4","S3-4","A3","N4","V3","P4","F2","D3","medium","MIR-A017;MIR-E015;MIR-E016;MIR-E017;MIR-E042;MIR-E069","Replace the macro-label Oromo with exact variety profiles; the local draft is elementary"
"GAP-AF-TI-ET","regional_depth","Horn of Africa","Ethiopian Tigrinya educational standard","ti-Ethi-ET","Ethiopic script; Ethiopian terminology","Tigrinya-first readers in Ethiopia","researched_only","source-acquisition-first","pass","partial","unknown","unknown","pass","partial","R3","S3-4","A3","N4","V3","P4","F2","D2","medium","MIR-A017;MIR-E015;MIR-E016;MIR-E017;MIR-E043","Eritrean sources are evidence only, not authority for this profile"
"GAP-AF-TI-ER","regional_depth","Horn of Africa / diaspora","Eritrean Tigrinya educational standard","ti-Ethi-ER","Ethiopic script; Eritrean terminology","Tigrinya-first readers in Eritrea and diaspora","researched_only","source-acquisition-first","pass","partial","unknown","unknown","pass","partial","R2-3","S4","A2-3","N4","V3","P4","F1-2","D2","medium","MIR-A017;MIR-E015;MIR-E016;MIR-E017;MIR-E043","Do not transfer Ethiopian institutional terminology without review"
"GAP-AF-YO-NG","high_reach_underserved","West Africa","Yoruba Nigerian educational standard","yo-Latn-NG","Latin script with diacritics; Nigerian register","Yoruba-first readers not comfortably served by English","missing","source-acquisition-first","pass","unknown","unknown","unknown","pass","partial","R4","S3","A3-4","N3-4","V2","P4","F2-3","D2","low","MIR-E015;MIR-E016;MIR-E017;MIR-E043","Diacritics and cross-border varieties require exact technical and cohort audits"
"GAP-AF-IG-NG","high_reach_underserved","West Africa","Igbo Nigerian educational standard","ig-Latn-NG","Latin script; standard and dialect accommodation to audit","Igbo-first readers not comfortably served by English","missing","target-resolution-first","partial","unknown","unknown","unknown","pass","partial","R3-4","S3-4","A3","N3-4","V2","P4","F2","D3","low","MIR-E015;MIR-E016;MIR-E017;MIR-E043","Standardization and dialect accommodation are material harm risks"
"GAP-AF-RW-RW","regional_depth","Great Lakes Africa","Kinyarwanda national standard","rw-Latn-RW","Latin script; Rwandan educational register","Kinyarwanda-first readers not comfortably served by English or French","missing","source-acquisition-first","pass","partial","unknown","unknown","pass","pass","R3","S3","A4","N3-4","V1","P4","F3","D1","low","MIR-E015;MIR-E016;MIR-E017;MIR-E043","Audit current national-language higher-education material before final rank"
"GAP-AF-LN-CD","high_reach_underserved","Central Africa","Lingala profile for Democratic Republic of Congo","ln-Latn-CD","Latin script; DRC educational/scientific register unresolved","Lingala-strong readers not comfortably served by French","missing","target-resolution-first","partial","unknown","unknown","unknown","pass","partial","R3-4","S4","A2-3","N3-4","V2","P4","F1-2","D3","low","MIR-E015;MIR-E016;MIR-E017;MIR-E043","First/second-language use and regional standards require a declared cohort profile"
"GAP-AF-WO-SN","regional_depth","West Africa","Wolof Senegalese profile","wo-Latn-SN","Latin standard; Wolofal/Ajami access separate","Wolof-first readers not comfortably served by French","missing","source-acquisition-first","pass","unknown","unknown","unknown","pass","partial","R2-3","S4","A3","N4","V2","P4","F2","D2","low","MIR-E015;MIR-E016;MIR-E017;MIR-E043","Latin-only delivery may exclude Ajami users"
"GAP-AF-FUC-SN","regional_depth","West Africa","Pulaar in Senegal","fuc-Latn-SN","Latin orthography; Ajami access separate","Pulaar-first readers in Senegal and cross-border communities","missing","community-route-first","pass","unknown","unknown","unknown","pass","partial","R2","S4","A2-3","N4","V3","P4","F1-2","D3","low","MIR-E015;MIR-E016;MIR-E017;MIR-E042;MIR-E069","Fula is a macro-label; retain fuc and country/script profile exactly"
"GAP-AF-BM-ML","regional_depth","West Africa","Bambara national language profile in Mali","bm-Latn-ML","Latin orthography; N'Ko users require separate route","Bambara-first readers not comfortably served by French","missing","source-acquisition-first","pass","unknown","unknown","unknown","partial","partial","R2-3","S4","A2-3","N4","V2","P4","F1-2","D3","low","MIR-E015;MIR-E016;MIR-E017;MIR-E043","Script and conflict/offline access require separate planning"
"GAP-AF-PLT-MG","regional_depth","Indian Ocean / Africa","Plateau Malagasy standard","plt-Latn-MG","Latin script; official Malagasy standard based largely on Plateau variety","Malagasy-first readers not comfortably served by French or English","missing","source-acquisition-first","pass","partial","unknown","unknown","pass","partial","R3-4","S3-4","A3","N4","V2","P4","F2","D3","low","MIR-E003;MIR-E016;MIR-E017;MIR-E042;MIR-E069","National standard may flatten other Malagasy varieties; target audience must be bounded"
"GAP-AF-ZGH-MA","regional_depth","North Africa","Standard Moroccan Amazigh","zgh-Tfng-MA","Tifinagh; institutional grammar","Readers educated in Standard Moroccan Amazigh not comfortably served by Arabic or French","missing","evidence-ready","pass","partial","unknown","unknown","pass","partial","R2-3","S3-4","A3","N3-4","V3","P4","F3","D2","high","MIR-E018;MIR-E065;MIR-E066;MIR-E069","Strong standard route, but no pan-Amazigh coverage claim"
"GAP-AF-KAB-DZ","regional_depth","North Africa","Kabyle in Algeria","kab-Latn-DZ","Latin orthography; Tifinagh use separate","Kabyle-first readers not comfortably served by Arabic or French","missing","source-acquisition-first","pass","partial","unknown","unknown","pass","partial","R2-3","S3","A3-4","N3","V3","P4","F2-3","D2","medium","MIR-E018;MIR-E065;MIR-E069","Standard Moroccan Amazigh is not a source or overlap substitute"
"GAP-AF-SHI-MA","regional_depth","North Africa","Tachelhit in Morocco","shi-Tfng-MA","Tifinagh institutional profile; Latin/Arabic practices separate","Tachelhit-first readers not comfortably served by Arabic, French or zgh","missing","community-route-first","pass","partial","unknown","unknown","pass","partial","R2-3","S4","A2-3","N4","V3","P4","F2","D2","medium","MIR-E018;MIR-E065;MIR-E066;MIR-E069","Do not inherit zgh terminology without comprehension and community evidence"
"GAP-AF-RIF-MA","regional_depth","North Africa","Tarifit in Morocco","rif-Tfng-MA","Tifinagh profile; Latin/Arabic practices separate","Tarifit-first readers not comfortably served by Arabic, French or zgh","missing","community-route-first","pass","unknown","unknown","unknown","pass","partial","R2","S4","A2-3","N4","V3","P4","F1-2","D3","medium","MIR-E018;MIR-E065;MIR-E066;MIR-E069","Exact script and community publishing route remain unsettled"
"GAP-AF-AAR-ET","endangered_prestige","Horn of Africa","Afar/Qafar in Ethiopia","aar-Latn-ET","Latin orthography; regional profiles require confirmation","Afar-first readers in Ethiopia and cross-border communities","researched_only","source-acquisition-first","pass","unknown","unknown","unknown","pass","partial","R2","S4","A2","N4","V3","P4","F1","D3","low","MIR-A017;MIR-E015;MIR-E016;MIR-E042;MIR-E069","Local evidence has context PDFs and video metadata but no connected admitted mathematical prose"
"GAP-AF-SID-ET","regional_depth","Horn of Africa","Sidama Afoo in Ethiopia","sid-Latn-ET","Latin orthography; authority route unverified","Sidama-first readers not comfortably served by Amharic or English","missing","community-route-first","pass","unknown","unknown","unknown","pass","partial","R2","S4","A2-3","N4","V3","P4","F1","D3","low","MIR-A017;MIR-E015;MIR-E016;MIR-E042;MIR-E069","No admitted advanced source floor or independent model-comparison route exists locally"
"GAP-AF-PCM-NG","high_reach_underserved","West Africa","Nigerian Pidgin","pcm-Latn-NG","Latin orthography; formal mathematical register requires governance","Nigerian Pidgin-strong readers not comfortably served by Standard English","missing","target-resolution-first","partial","unknown","unknown","unknown","pass","partial","R4","S4","A3","N2-3","V2","P4","F2","D3","low","MIR-E015;MIR-E016;MIR-E017;MIR-E042;MIR-E069","Large oral reach does not prove literacy or agreement on a formal register"
"GAP-AF-KRI-SL","regional_depth","West Africa","Krio in Sierra Leone","kri-Latn-SL","Latin orthography","Krio-first readers not comfortably served by English","researched_only","source-acquisition-first","pass","unknown","unknown","unknown","pass","partial","R2-3","S4","A3","N3","V2","P4","F2","D2","low","MIR-A011;MIR-E015;MIR-E016;MIR-E017;MIR-E042","English lexical relation does not establish comfortable advanced reading"
"GAP-AF-TWI-GH","regional_depth","West Africa","Twi exact educational profile","twi-Latn-GH","Latin orthography; Akuapem and Asante standard relation must be fixed","Twi-first readers not comfortably served by English","missing","target-resolution-first","partial","unknown","unknown","unknown","pass","partial","R2-3","S3-4","A3","N3-4","V2","P4","F2","D3","low","MIR-E015;MIR-E016;MIR-E017;MIR-E042;MIR-E069","Do not use Akan as a fake single target; fix the exact Twi standard and cohort"
"GAP-AF-ZU-ZA","regional_depth","Southern Africa","Zulu South African educational standard","zu-Latn-ZA","Latin orthography","Zulu-first readers not comfortably served by English","missing","source-acquisition-first","pass","partial","unknown","unknown","pass","pass","R3-4","S2-3","A4","N2-3","V2","P3","F3","D1","low","MIR-E015;MIR-E016;MIR-E017;MIR-E043","Existing educational material may lower scarcity; advanced-open audit needed"
"GAP-AF-XH-ZA","regional_depth","Southern Africa","Xhosa South African educational standard","xh-Latn-ZA","Latin orthography","Xhosa-first readers not comfortably served by English","missing","source-acquisition-first","pass","partial","unknown","unknown","pass","pass","R3","S2-3","A4","N2-3","V2","P3","F3","D1","low","MIR-E015;MIR-E016;MIR-E017;MIR-E043","Do not assume Zulu mutual intelligibility or English schooling eliminates need"
"GAP-AF-NY-MW","regional_depth","Southern Africa","Chichewa national standard in Malawi","ny-Latn-MW","Latin orthography","Chichewa-first readers not comfortably served by English","missing","source-acquisition-first","pass","unknown","unknown","unknown","pass","pass","R2-3","S3-4","A3-4","N4","V2","P4","F2","D2","low","MIR-E015;MIR-E016;MIR-E017;MIR-E043","Country and cross-border Nyanja/Chichewa profiles require explicit separation"
"GAP-AF-SN-ZW","regional_depth","Southern Africa","Shona national standard in Zimbabwe","sn-Latn-ZW","Latin orthography","Shona-first readers not comfortably served by English","missing","source-acquisition-first","pass","unknown","unknown","unknown","pass","partial","R3","S3-4","A3-4","N3-4","V2","P4","F2","D2","low","MIR-E015;MIR-E016;MIR-E017;MIR-E043","Exact advanced-source, terminology and model-check evidence remains sparse"
"GAP-CR-HT-HT","regional_depth","Caribbean","Haitian Creole national educational standard","ht-Latn-HT","Official Haitian Creole orthography","Haitian Creole-first readers not comfortably served by French","partially_covered","source-acquisition-first","pass","partial","unknown","unknown","pass","pass","R3-4","S3-4","A4","N4","V2","P4","F3","D1","high","MIR-A011;MIR-A016;MIR-E027;MIR-E042;MIR-E043","Local sufficient rows are elementary/classroom only; they are not advanced-math authority or a translation"
"GAP-CR-MFE-MU","regional_depth","Indian Ocean","Kreol Morisien educational standard","mfe-Latn-MU","Standardized Latin orthography","Kreol Morisien-first readers not comfortably served by English or French","researched_only","source-acquisition-first","pass","partial","unknown","unknown","pass","pass","R2","S3-4","A4","N3","V2","P4","F3","D1","high","MIR-A011;MIR-E028;MIR-E042;MIR-E043","Established curriculum improves feasibility but does not prove advanced open material"
"GAP-CR-CRS-SC","endangered_prestige","Indian Ocean","Seychellois Creole","crs-Latn-SC","Latin orthography; national register","Seychellois Creole-first readers not comfortably served by English or French","researched_only","source-acquisition-first","pass","unknown","unknown","unknown","pass","pass","R1","S4","A3-4","N3","V2","P4","F2","D1","low","MIR-A011;MIR-E001;MIR-E042;MIR-E043","Small reader band belongs in the prestige lane, not a population-weighted global rank"
"GAP-CR-KEA-CV","regional_depth","Atlantic / West Africa","Kabuverdianu exact island standard unresolved","kea-Latn-CV","ALUPEC and island varieties require target resolution","Kabuverdianu-first readers not comfortably served by Portuguese","researched_only","hold-flattening-risk","partial","partial","unknown","unknown","pass","veto","R2","S3-4","A2-3","N3-4","V2","P4","F2","D4","medium","MIR-E029;MIR-E042;MIR-E069","A national label cannot flatten Santiago, São Vicente and other island profiles; resolve the target first"
"GAP-CR-PAP-AW","regional_depth","Caribbean","Aruba Papiamento","pap-Latn-AW","Aruban etymological orthography","Papiamento-first readers in Aruba not comfortably served by Dutch, English or Spanish","researched_only","evidence-ready","pass","partial","unknown","unknown","pass","pass","R1-2","S3","A4","N3","V2","P4","F3","D1","high","MIR-A011;MIR-E030;MIR-E031;MIR-E042;MIR-E069","Keep separate from Curaçao/Bonaire Papiamentu orthography"
"GAP-CR-PAP-CW","regional_depth","Caribbean","Curaçao Papiamentu","pap-Latn-CW","Curaçao phonological orthography","Papiamentu-first readers in Curaçao not comfortably served by Dutch, English or Spanish","researched_only","source-acquisition-first","pass","unknown","unknown","unknown","pass","pass","R1-2","S3","A4","N3","V2","P4","F2-3","D1","medium","MIR-A011;MIR-E030;MIR-E031;MIR-E042;MIR-E069","Same ISO language does not permit merging the Aruban and Curaçao orthographic editions"
"GAP-CR-JAM-JM","regional_depth","Caribbean / diaspora","Jamaican Creole","jam-Latn-JM","Cassidy/JLU orthographic route requires adoption audit","Jamaican Creole-first readers not comfortably served by Standard English","researched_only","target-resolution-first","partial","unknown","unknown","unknown","pass","partial","R2-3","S4","A2-3","N2-3","V2","P4","F2","D3","low","MIR-A011;MIR-E042;MIR-E069","Large oral use and English lexical overlap do not establish written-register acceptance"
"GAP-CR-SRN-SR","regional_depth","Caribbean / Guianas","Sranan Tongo","srn-Latn-SR","Latin orthography; Surinamese standard route","Sranan-first or Sranan-strong readers not comfortably served by Dutch","researched_only","source-acquisition-first","pass","unknown","unknown","unknown","pass","partial","R2","S4","A3","N3","V2","P4","F2","D2","low","MIR-A011;MIR-E001;MIR-E042;MIR-E069","Separate from Saramaccan, Ndyuka and other Surinamese creoles"
"GAP-CR-BIS-VU","endangered_prestige","Pacific","Bislama national standard","bi-Latn-VU","Latin orthography; national register","Bislama-first or Bislama-strong readers not comfortably served by English or French","partially_covered","source-acquisition-first","pass","partial","unknown","unknown","pass","pass","R1-2","S3-4","A4","N3","V2","P4","F3","D1","high","MIR-A011;MIR-A016;MIR-E032;MIR-E033;MIR-E042","Two local sufficient rows are elementary only and do not establish advanced-math coverage"
"GAP-CR-TPI-PG","regional_depth","Pacific","Tok Pisin national standard","tpi-Latn-PG","Latin orthography; PNG educational/public register","Tok Pisin-strong readers not comfortably served by English","researched_only","source-acquisition-first","pass","partial","unknown","unknown","pass","partial","R3-4","S3-4","A3-4","N3","V2","P4","F2-3","D2","medium","MIR-A011;MIR-E032;MIR-E033;MIR-E042","Cross-community bridge value is plausible but first-language and literacy cohorts must be separated"
"GAP-AM-GUG-PY","regional_depth","South America","Paraguayan Guarani","gug-Latn-PY","Guarani Academy orthography","Guarani-dominant and Guarani-first readers not comfortably served by Spanish","missing","evidence-ready","pass","partial","unknown","unknown","pass","pass","R3-4","S3","A4","N2-3","V2","P4","F3","D1","high","MIR-E025;MIR-E026;MIR-E042;MIR-E069","Widespread bilingualism lowers non-overlap but does not eliminate a distinct Guarani-first cohort"
"GAP-AM-QUY-PE","regional_depth","Andean South America","Ayacucho Quechua / Chanka","quy-Latn-PE","Peruvian standardized Latin orthography for the exact variety","Ayacucho Quechua-first readers not comfortably served by Spanish","researched_only","evidence-ready","pass","partial","unknown","unknown","pass","pass","R2-3","S3-4","A3-4","N4","V3","P4","F3","D1","high","MIR-A012;MIR-E019;MIR-E042;MIR-E069","Do not label as generic Quechua; official school mathematics materials are a source route, not advanced coverage"
"GAP-AM-QUZ-PE","regional_depth","Andean South America","Cusco Quechua","quz-Latn-PE","Peruvian standardized Latin orthography for Cusco variety","Cusco Quechua-first readers not comfortably served by Spanish","researched_only","evidence-ready","pass","partial","unknown","unknown","pass","pass","R2","S3-4","A3-4","N4","V3","P4","F3","D1","high","MIR-E019;MIR-E042;MIR-E069","Keep separate from Ayacucho, Central and Bolivian Quechua languages"
"GAP-AM-QUH-BO","regional_depth","Andean South America","South Bolivian Quechua","quh-Latn-BO","Bolivian standardized Latin orthography to verify against exact education authority","South Bolivian Quechua-first readers not comfortably served by Spanish","researched_only","source-acquisition-first","pass","partial","unknown","unknown","pass","partial","R2","S4","A3","N4","V3","P4","F2","D2","medium","MIR-A012;MIR-E068;MIR-E042;MIR-E069","Exact ISO identity is known; national orthography and advanced source route remain to be audited"
"GAP-AM-QVI-EC","endangered_prestige","Andean South America","Imbabura Highland Quichua","qvi-Latn-EC","Unified Kichwa orthography versus local usage must be audited","Imbabura Quichua-first readers not comfortably served by Spanish","researched_only","community-route-first","pass","unknown","unknown","unknown","pass","partial","R1-2","S4","A2-3","N4","V3","P4","F1-2","D3","low","MIR-A012;MIR-E042;MIR-E069","Kichwa is not a license to merge Ecuadorian varieties; community acceptance of the standard is a gate"
"GAP-AM-NCH-MX","regional_depth","Mesoamerica","Central Huasteca Nahuatl","nch-Latn-MX","Exact INALI locality/autonym and orthography must be reconciled","Central Huasteca Nahuatl readers not comfortably served by Spanish","researched_only","target-resolution-first","partial","partial","unknown","unknown","pass","partial","R2","S4","A2-3","N4","V3","P4","F2","D3","medium","MIR-A012;MIR-E020;MIR-E067;MIR-E069","ISO identity alone is insufficient; select the exact INALI variety and community-standard spelling"
"GAP-AM-QUC-GT","regional_depth","Mesoamerica","K'iche'","quc-Latn-GT","ALMG/educational Latin orthography to verify","K'iche'-first readers not comfortably served by Spanish","researched_only","source-acquisition-first","pass","partial","unknown","unknown","pass","partial","R2-3","S3-4","A3","N4","V3","P4","F2-3","D2","high","MIR-E021;MIR-E042;MIR-E069","Official census distinguishes K'iche'; exact community and education register still need review"
"GAP-AM-KEK-GT","regional_depth","Mesoamerica","Q'eqchi'","kek-Latn-GT","ALMG/educational Latin orthography to verify","Q'eqchi'-first readers not comfortably served by Spanish","researched_only","source-acquisition-first","pass","partial","unknown","unknown","pass","partial","R2-3","S3-4","A3","N4","V3","P4","F2-3","D2","high","MIR-E021;MIR-E042;MIR-E069","Keep separate from every other Maya language"
"GAP-AM-CAK-GT","regional_depth","Mesoamerica","Kaqchikel","cak-Latn-GT","ALMG/educational Latin orthography to verify","Kaqchikel-first readers not comfortably served by Spanish","researched_only","source-acquisition-first","pass","partial","unknown","unknown","pass","partial","R2","S3-4","A3","N4","V3","P4","F2","D2","high","MIR-E021;MIR-E042;MIR-E069","Maya is a family label, not a target"
"GAP-AM-MAM-GT","regional_depth","Mesoamerica","Mam","mam-Latn-GT","ALMG/educational Latin orthography; regional varieties to audit","Mam-first readers not comfortably served by Spanish","researched_only","target-resolution-first","partial","partial","unknown","unknown","pass","partial","R2","S4","A2-3","N4","V3","P4","F2","D3","high","MIR-E021;MIR-E042;MIR-E069","Census identity is clear, but regional variety selection remains a gate"
"GAP-AM-USP-GT","endangered_prestige","Mesoamerica","Uspanteko","usp-Latn-GT","Community/ALMG orthography to verify","Uspanteko-first community readers","researched_only","community-route-first","pass","partial","unknown","unknown","pass","partial","R1","S4","A2","N4","V4","P4","F1-2","D2","medium","MIR-A012;MIR-E021;MIR-E042;MIR-E069","Small exact community belongs in a community-governed prestige lane"
"GAP-AM-YUA-MX","regional_depth","Mesoamerica","Yucatec Maya","yua-Latn-MX","INALI/community orthography to verify","Yucatec Maya-first readers not comfortably served by Spanish","researched_only","source-acquisition-first","pass","partial","unknown","unknown","pass","partial","R2","S3-4","A3","N4","V3","P4","F2-3","D2","medium","MIR-E020;MIR-E042;MIR-E069","Do not use generic Maya; exact locality and autonym belong in the future source audit"
"GAP-AM-AYR-BO","regional_depth","Andean South America","Southern Aymara","ayr-Latn-BO","Standardized Latin orthography; national profile to verify","Southern Aymara-first readers not comfortably served by Spanish","researched_only","source-acquisition-first","pass","partial","unknown","unknown","pass","partial","R2-3","S3-4","A3","N4","V3","P4","F2-3","D2","medium","MIR-A012;MIR-E019;MIR-E042;MIR-E069","Do not collapse Northern/Central and Southern Aymara without evidence"
"GAP-AM-ARN-CL","regional_depth","Southern Cone","Mapudungun exact Chilean profile","arn-Latn-CL","Competing orthographies require community resolution","Mapuche readers not comfortably served by Spanish","researched_only","hold-flattening-risk","partial","unknown","unknown","unknown","pass","veto","R2","S4","A2","N4","V4","P4","F1-2","D4","low","MIR-E001;MIR-E042;MIR-E069","No orthography may be selected by convenience; community governance is mandatory"
"GAP-AM-GUC-CO","regional_depth","Northern South America / Caribbean","Wayuu","guc-Latn-CO","Wayuunaiki Latin orthography; Colombia/Venezuela profile","Wayuu readers not comfortably served by Spanish","researched_only","community-route-first","pass","unknown","unknown","unknown","pass","partial","R2","S4","A2-3","N4","V3","P4","F1-2","D2","low","MIR-E001;MIR-E042;MIR-E069","Cross-border community route and offline access are prerequisites"
"GAP-AM-SHP-PE","endangered_prestige","Amazonia","Shipibo-Konibo","shp-Latn-PE","Peruvian educational orthography","Shipibo-Konibo readers not comfortably served by Spanish","researched_only","community-route-first","pass","partial","unknown","unknown","pass","partial","R1-2","S4","A2-3","N4","V4","P4","F2","D2","medium","MIR-E019;MIR-E042;MIR-E046;MIR-E069","AI shared-task presence is feasibility evidence only, never authority"
"GAP-AM-CNI-PE","endangered_prestige","Amazonia","Asháninka","cni-Latn-PE","Peruvian educational orthography; exact regional community profile","Asháninka readers not comfortably served by Spanish","researched_only","community-route-first","pass","partial","unknown","unknown","pass","partial","R1-2","S4","A2-3","N4","V4","P4","F2","D3","medium","MIR-E019;MIR-E042;MIR-E046;MIR-E069","Exact community and dialect profile must precede terminology work"
"GAP-AM-TCA-PEBRCO","endangered_prestige","Amazonia","Tikuna","tca-Latn","Country and community orthographies across Brazil, Colombia and Peru require resolution","Tikuna readers not comfortably served by Portuguese or Spanish","researched_only","community-route-first","pass","unknown","unknown","unknown","pass","partial","R1","S4","A1-2","N4","V4","P4","F1","D3","low","MIR-E001;MIR-E019;MIR-E042;MIR-E069","Do not create a cross-border standard without community evidence"
"GAP-AM-YRL-BR","endangered_prestige","Amazonia","Nheengatu","yrl-Latn-BR","Brazilian educational/community orthography","Nheengatu readers not comfortably served by Portuguese","researched_only","community-route-first","pass","unknown","unknown","unknown","pass","partial","R1-2","S4","A2-3","N4","V4","P4","F1-2","D2","low","MIR-E001;MIR-E042;MIR-E046;MIR-E069","AI support is a locator only; Indigenous authority and source floor are missing"
"GAP-AM-NAV-US","regional_depth","North America","Navajo","nv-Latn-US","Standard Navajo orthography; community education register","Navajo-first and Navajo-strong readers not comfortably served by English","missing","community-route-first","pass","partial","unknown","unknown","pass","partial","R2","S3-4","A2-3","N3-4","V4","P4","F2-3","D2","low","MIR-E001;MIR-E042;MIR-E069","Community governance and the actual literate cohort are more important than headline speaker totals"
"GAP-AM-MOH-CAUS","endangered_prestige","North America","Mohawk","moh-Latn","Community-specific orthographies across Canada and the United States","Mohawk learners and first-language community readers","missing","community-route-first","pass","unknown","unknown","unknown","pass","partial","R1","S4","A1-2","N4","V4","P4","F1-2","D3","low","MIR-E001;MIR-E022;MIR-E023;MIR-E042;MIR-E069","A prestige-domain edition requires a named community partner and exact orthography"
"GAP-AM-CRK-CA","endangered_prestige","Canada","Plains Cree","crk-Cans-CA","Canadian Aboriginal syllabics; Latin parallel profile may be separate","Plains Cree community readers","researched_only","community-route-first","pass","partial","unknown","unknown","pass","partial","R1-2","S4","A2","N4","V4","P4","F2","D2","medium","MIR-A012;MIR-E022;MIR-E023;MIR-E042;MIR-E069","Cree is not one language; keep script arms within the exact Plains Cree cohort"
"GAP-AM-CSW-CA","endangered_prestige","Canada","Swampy Cree","csw-Cans-CA","Canadian Aboriginal syllabics; community orthography","Swampy Cree community readers","researched_only","community-route-first","pass","unknown","unknown","unknown","pass","partial","R1","S4","A1-2","N4","V4","P4","F1-2","D2","medium","MIR-A012;MIR-E022;MIR-E023;MIR-E042;MIR-E069","No coverage credit from Plains Cree"
"GAP-AM-CWD-CA","endangered_prestige","Canada","Woods Cree","cwd-Cans-CA","Canadian Aboriginal syllabics; community orthography","Woods Cree community readers","researched_only","community-route-first","pass","unknown","unknown","unknown","pass","partial","R1","S4","A1-2","N4","V4","P4","F1-2","D2","medium","MIR-A012;MIR-E022;MIR-E023;MIR-E042;MIR-E069","No coverage credit from other Cree languages"
"GAP-AM-OJC-CA","endangered_prestige","Canada","Central Ojibwe","ojc-Latn-CA","Double-vowel and community spellings require exact route","Central Ojibwe community readers","researched_only","community-route-first","pass","unknown","unknown","unknown","pass","partial","R1","S4","A1-2","N4","V4","P4","F1-2","D3","medium","MIR-A012;MIR-E022;MIR-E023;MIR-E042;MIR-E069","Ojibwe is not one target; orthography and community must be named"
"GAP-AM-OJW-CA","endangered_prestige","Canada","Western Ojibwe / Saulteaux","ojw-Latn-CA","Community spellings and syllabic use require exact route","Western Ojibwe community readers","researched_only","community-route-first","pass","unknown","unknown","unknown","pass","partial","R1","S4","A1-2","N4","V4","P4","F1-2","D3","medium","MIR-A012;MIR-E022;MIR-E023;MIR-E042;MIR-E069","No coverage credit from Central Ojibwe"
"GAP-AM-IKE-CA","endangered_prestige","Arctic Canada","Eastern Canadian Inuktitut","ike-Cans-CA","Canadian Aboriginal syllabics; exact regional standard","Inuktitut readers using syllabics","researched_only","community-route-first","pass","partial","unknown","unknown","pass","partial","R1","S3-4","A2-3","N4","V4","P4","F2","D2","high","MIR-A012;MIR-E022;MIR-E023;MIR-E024;MIR-E042;MIR-E069","Qaliujaaqpait is an orthographic bridge, not replacement coverage"
"GAP-AM-IKT-CA","endangered_prestige","Arctic Canada","Inuinnaqtun","ikt-Latn-CA","Regional Roman orthography; Qaliujaaqpait relation to audit","Inuinnaqtun community readers","researched_only","community-route-first","pass","partial","unknown","unknown","pass","partial","R1","S4","A2","N4","V4","P4","F1-2","D2","high","MIR-A012;MIR-E022;MIR-E023;MIR-E024;MIR-E042;MIR-E069","Do not collapse into Inuktitut or generic Inuktut"
"GAP-AM-KL-GL","endangered_prestige","Arctic / Greenland","Kalaallisut national standard","kl-Latn-GL","Greenlandic standard Latin orthography","Kalaallisut-first readers not comfortably served by Danish or English","missing","source-acquisition-first","pass","partial","unknown","unknown","pass","pass","R1-2","S3","A4","N3-4","V3","P4","F3","D1","low","MIR-E001;MIR-E042;MIR-E043;MIR-E069","National standard maturity is high, but advanced-open scarcity and reader overlap need direct audit"
"GAP-AM-ESU-US","endangered_prestige","Arctic Alaska","Central Alaskan Yup'ik","esu-Latn-US","Standard Latin orthography; community education register","Central Alaskan Yup'ik community readers","missing","community-route-first","pass","partial","unknown","unknown","pass","partial","R1","S4","A2","N4","V4","P4","F2","D2","low","MIR-E001;MIR-E042;MIR-E069","Confirm the exact community education profile and assemble target-language source and model-check routes"
"GAP-PC-FJ-FJ","regional_depth","Pacific","Fijian national standard","fj-Latn-FJ","Latin orthography; Fijian educational register","Fijian-first readers not comfortably served by English","missing","source-acquisition-first","pass","partial","unknown","unknown","pass","pass","R2","S3","A4","N2-3","V2","P4","F3","D1","medium","MIR-E032;MIR-E033;MIR-E042;MIR-E043","English overlap and exact advanced-material scarcity need audit"
"GAP-PC-HIF-FJ","regional_depth","Pacific diaspora","Fiji Hindi","hif-Latn-FJ","Latin orthography; Devanagari use and register to audit","Fiji Hindi-first readers not comfortably served by English, Fijian or Standard Hindi","missing","target-resolution-first","partial","unknown","unknown","unknown","pass","partial","R2","S4","A2-3","N3","V3","P4","F1-2","D3","low","MIR-E032;MIR-E033;MIR-E042;MIR-E069","Standard Hindi does not automatically cover Fiji Hindi; script and written register are gates"
"GAP-PC-SM-WS","regional_depth","Pacific","Samoan national standard","sm-Latn-WS","Latin orthography; Samoan educational register","Samoan-first readers in Samoa and diaspora not comfortably served by English","missing","source-acquisition-first","pass","partial","unknown","unknown","pass","pass","R2","S3","A4","N2-3","V2","P4","F3","D1","medium","MIR-E032;MIR-E033;MIR-E042;MIR-E043","Diaspora English overlap must be separated from Samoa-based cohorts"
"GAP-PC-TO-TO","endangered_prestige","Pacific","Tongan national standard","to-Latn-TO","Latin orthography; Tongan educational register","Tongan-first readers in Tonga and diaspora","missing","source-acquisition-first","pass","partial","unknown","unknown","pass","pass","R1-2","S3-4","A4","N2-3","V2","P4","F3","D1","medium","MIR-E032;MIR-E033;MIR-E042;MIR-E043","Small absolute band but strong prestige-domain and national-language value"
"GAP-PC-GIL-KI","endangered_prestige","Pacific","Gilbertese / Kiribati","gil-Latn-KI","Latin orthography; Kiribati educational register","Gilbertese-first readers not comfortably served by English","missing","source-acquisition-first","pass","unknown","unknown","unknown","pass","pass","R1-2","S4","A3","N4","V3","P4","F2","D1","low","MIR-E032;MIR-E033;MIR-E042;MIR-E043","Climate-displacement and offline access may raise practical value; exact source floor is unknown"
"GAP-PC-MH-MH","endangered_prestige","Pacific","Marshallese","mh-Latn-MH","Marshallese orthography; competing spelling conventions to audit","Marshallese-first readers in the Marshall Islands and diaspora","missing","target-resolution-first","partial","unknown","unknown","unknown","pass","partial","R1","S4","A2-3","N4","V4","P4","F1-2","D3","low","MIR-E032;MIR-E033;MIR-E042;MIR-E069","Orthographic history and diaspora baselines require community resolution"
"GAP-PC-PIS-SB","endangered_prestige","Pacific","Solomon Islands Pijin","pis-Latn-SB","Latin orthography; formal register requires audit","Pijin-strong readers not comfortably served by English","missing","target-resolution-first","partial","unknown","unknown","unknown","pass","partial","R1-2","S4","A2-3","N3","V2","P4","F1-2","D3","low","MIR-E032;MIR-E033;MIR-E042;MIR-E069","Large oral bridge role does not establish a settled advanced written register"
"GAP-PC-MI-NZ","endangered_prestige","Pacific","Māori national standard","mi-Latn-NZ","Standard Māori orthography","Māori-first, immersion-school and revitalization cohorts","missing","source-acquisition-first","pass","partial","unknown","unknown","pass","pass","R1-2","S2-3","A4","N1-2","V3","P4","F4","D1","high","MIR-E032;MIR-E033;MIR-E034;MIR-E042;MIR-E043","High English overlap lowers raw access priority but not revitalization or prestige-domain value"
"GAP-PC-HAW-US","endangered_prestige","Pacific","Hawaiian","haw-Latn-US","Modern Hawaiian orthography with ʻokina and kahakō","Hawaiian-medium education and revitalization cohorts","missing","community-route-first","pass","partial","unknown","unknown","pass","pass","R1","S3-4","A4","N1-2","V4","P4","F3","D1","low","MIR-E001;MIR-E042;MIR-E043;MIR-E069","English overlap is high; recommendation is prestige/revitalization, not high marginal reader count"
"GAP-PC-CHA-GU","endangered_prestige","Micronesia / diaspora","Chamorro","ch-Latn-GU","Latin orthography; Guam/Northern Mariana profile to separate","Chamorro community and immersion readers","missing","community-route-first","pass","unknown","unknown","unknown","pass","partial","R1","S4","A2-3","N3","V4","P4","F2","D2","low","MIR-E001;MIR-E032;MIR-E033;MIR-E042;MIR-E069","Territorial profiles and English overlap require separate audits"
"GAP-PC-PAU-PW","endangered_prestige","Micronesia","Palauan","pau-Latn-PW","Latin orthography; national register","Palauan-first readers not comfortably served by English","missing","source-acquisition-first","pass","unknown","unknown","unknown","pass","pass","R1","S4","A3","N3-4","V3","P4","F2","D1","low","MIR-E001;MIR-E032;MIR-E033;MIR-E042","Exact advanced-source, terminology and model-check evidence is absent"
"GAP-PC-CHK-FM","endangered_prestige","Micronesia","Chuukese","chk-Latn-FM","Latin orthography; Chuuk educational register","Chuukese-first readers not comfortably served by English","missing","community-route-first","pass","unknown","unknown","unknown","pass","partial","R1","S4","A2-3","N4","V3","P4","F1-2","D2","low","MIR-E001;MIR-E032;MIR-E033;MIR-E042","Do not infer coverage from other Micronesian languages or English official status"
"GAP-EU-RMY","endangered_prestige","Europe / global diaspora","Vlax Romani","rmy-Latn","Dialect and country-specific orthographic profiles required","Vlax Romani community readers not comfortably served by dominant state languages","missing","community-route-first","pass","partial","unknown","unknown","pass","partial","RU-R2","S4","A2","N4","V4","P4","F2","D3","medium","MIR-E001;MIR-E053;MIR-E054;MIR-E042;MIR-E069","Romani is not one standard; use exact dialect/community governance"
"GAP-EU-RMN","endangered_prestige","Balkans / diaspora","Balkan Romani","rmn-Latn","Country and dialect profile must be fixed","Balkan Romani community readers not comfortably served by dominant state languages","missing","community-route-first","pass","partial","unknown","unknown","pass","partial","R1-2","S4","A2","N4","V4","P4","F2","D3","medium","MIR-E053;MIR-E054;MIR-E042;MIR-E069","No coverage credit from Vlax Romani"
"GAP-EU-RMO","endangered_prestige","Central Europe / diaspora","Sinte Romani","rmo-Latn","Community orthography and publication practice require agreement","Sinte Romani community readers","missing","community-route-first","pass","unknown","unknown","unknown","pass","partial","R1","S4","A1-2","N4","V4","P4","F1-2","D3","medium","MIR-E053;MIR-E054;MIR-E042;MIR-E069","Community route precedes written-register design"
"GAP-EU-YDD","endangered_prestige","Europe / global diaspora","Eastern Yiddish","ydd-Hebr","Hebrew script; Yiddish orthographic standard and community register","Yiddish-first and Yiddish-medium readers not comfortably served by English, Hebrew or other state languages","missing","community-route-first","pass","partial","unknown","unknown","partial","partial","R1-2","S3-4","A2-3","N3","V4","P4","F2-3","D2","low","MIR-E001;MIR-E042;MIR-E043;MIR-E069","Yiddish must remain outside a Latin-script Inter-Germanic design"
"GAP-EU-PDT","endangered_prestige","Global Mennonite diaspora","Plautdietsch","pdt-Latn","Orthography and country/community register vary","Plautdietsch-first readers in Mennonite communities","missing","community-route-first","pass","unknown","unknown","unknown","pass","partial","R1-2","S4","A2","N3-4","V3","P4","F1-2","D3","low","MIR-A009;MIR-A010;MIR-E048;MIR-E049;MIR-E042","Do not assume Standard German, Dutch, English or a pan-Germanic surface is comfortable coverage"
"GAP-EU-PDC","endangered_prestige","North American diaspora","Pennsylvania German","pdc-Latn","Community orthography and primarily oral use require exact intervention choice","Pennsylvania German community readers and learners","missing","community-route-first","pass","unknown","unknown","unknown","pass","partial","R1","S4","A1-2","N2-3","V4","P4","F1","D3","low","MIR-A009;MIR-A010;MIR-E048;MIR-E049;MIR-E042","Audio/bilingual delivery may be more defensible than a standalone written edition"
"GAP-EU-GEH","endangered_prestige","North American diaspora","Hutterite German","geh-Latn","Community writing practice and primarily oral register require resolution","Hutterite community readers","missing","community-route-first","pass","unknown","unknown","unknown","pass","partial","R1","S4","A1-2","N3","V4","P4","F1","D3","low","MIR-A009;MIR-A010;MIR-E048;MIR-E049;MIR-E042","A shared West-Germanic register cannot substitute for community evidence"
"GAP-EU-FY-NL","endangered_prestige","Western Europe","Western Frisian","fy-Latn-NL","Standard West Frisian orthography","Frisian-first and Frisian-medium readers in the Netherlands","missing","source-acquisition-first","pass","partial","unknown","unknown","pass","pass","R1-2","S2-3","A4","N1-2","V3","P4","F3","D1","medium","MIR-A010;MIR-E048;MIR-E049;MIR-E042;MIR-E043","High Dutch/English overlap lowers raw access; prestige-domain value remains distinct"
"GAP-EU-FRR-DE","endangered_prestige","Western Europe","Northern Frisian","frr-Latn-DE","Multiple island/mainland orthographies require exact variety selection","Northern Frisian community readers","missing","hold-flattening-risk","partial","unknown","unknown","unknown","pass","veto","R1","S4","A1-2","N2-3","V4","P4","F1","D4","medium","MIR-A010;MIR-E048;MIR-E049;MIR-E042;MIR-E069","Northern Frisian is not one production target; select an exact variety with community authority"
"GAP-EU-STQ-DE","endangered_prestige","Western Europe","Saterfrisian","stq-Latn-DE","Saterfrisian orthographic route","Saterfrisian community readers and learners","missing","community-route-first","pass","unknown","unknown","unknown","pass","partial","R1","S4","A1-2","N2-3","V4","P4","F1-2","D2","low","MIR-A010;MIR-E048;MIR-E049;MIR-E042","Small exact community; prestige/revitalization lane only"
"GAP-EU-NDS-DE","endangered_prestige","Western Europe","Low German exact regional standard unresolved","nds-Latn-DE","Regional standards and oral continua require target resolution","Low German readers and regional-language communities","missing","hold-flattening-risk","fail","unknown","unknown","unknown","pass","veto","R2","S3-4","A2","N1-2","V3","P4","F1-2","D4","low","MIR-A009;MIR-A010;MIR-E048;MIR-E049;MIR-E042;MIR-E069","Low German is not a single unproblematic standard; no Inter-Germanic substitute"
"GAP-EU-SCO-GB","endangered_prestige","Western Europe","Scots exact written profile","sco-Latn-GB","Modern Scots spelling and dialect policy require explicit choice","Scots readers and cultural-language communities","missing","target-resolution-first","partial","unknown","unknown","unknown","pass","partial","R2-3","S3","A3","N1-2","V3","P4","F2","D3","low","MIR-A009;MIR-E048;MIR-E049;MIR-E042;MIR-E069","English overlap is high and standardization contested; prestige value is separate from access count"
"GAP-EU-FO-FO","endangered_prestige","North Atlantic","Faroese national standard","fo-Latn-FO","Standard Faroese orthography","Faroese-first readers not comfortably served by Danish or English","missing","source-acquisition-first","pass","partial","unknown","unknown","pass","pass","R1","S2-3","A4","N2-3","V2","P4","F3","D1","medium","MIR-A010;MIR-E048;MIR-E049;MIR-E042;MIR-E043","Audit Faroese independently; a North-Germanic bridge offers little additional justification"
"GAP-EU-SE-NO","endangered_prestige","Sápmi","Northern Sámi","se-Latn-NO","Northern Sámi standard; country terminology profile","Northern Sámi readers in Norway; Sweden/Finland profiles separate","missing","community-route-first","pass","partial","unknown","unknown","pass","pass","R1","S3","A4","N3","V4","P4","F3","D2","high","MIR-E055;MIR-E056;MIR-E042;MIR-E043;MIR-E069","Do not collapse Sámi languages or national education systems"
"GAP-EU-SMN-FI","endangered_prestige","Sápmi","Inari Sámi","smn-Latn-FI","Inari Sámi standard","Inari Sámi community and education readers","missing","community-route-first","pass","partial","unknown","unknown","pass","pass","R1","S4","A3","N4","V4","P4","F2-3","D1","high","MIR-E055;MIR-E056;MIR-E042;MIR-E043","Exact small community with an institutional education route"
"GAP-EU-SMS-FI","endangered_prestige","Sápmi","Skolt Sámi","sms-Latn-FI","Skolt Sámi standard","Skolt Sámi community and education readers","missing","community-route-first","pass","partial","unknown","unknown","pass","pass","R1","S4","A3","N4","V4","P4","F2-3","D1","high","MIR-E055;MIR-E056;MIR-E042;MIR-E043","No coverage credit from Northern or Inari Sámi"
"GAP-EU-RUE","endangered_prestige","Carpathian region / diaspora","Rusyn exact national profile","rue-Cyrl","Country-specific standards in Slovakia, Serbia, Poland and Ukraine require separation","Rusyn readers not comfortably served by Ukrainian, Russian or Slovak","researched_only","target-resolution-first","partial","unknown","unknown","unknown","pass","partial","R1-2","S4","A2-3","N3","V4","P4","F1-2","D3","medium","MIR-A007;MIR-A027;MIR-E042;MIR-E069","Interslavic and neighboring standards receive zero automatic coverage credit"
"GAP-EU-HSB-DE","endangered_prestige","Central Europe","Upper Sorbian","hsb-Latn-DE","Standard Upper Sorbian orthography","Upper Sorbian community and education readers","researched_only","source-acquisition-first","pass","partial","unknown","unknown","pass","pass","R1","S3-4","A4","N2-3","V4","P4","F3","D1","medium","MIR-A007;MIR-A027;MIR-E042;MIR-E043","No coverage credit from Interslavic or Lower Sorbian"
"GAP-EU-DSB-DE","endangered_prestige","Central Europe","Lower Sorbian","dsb-Latn-DE","Standard Lower Sorbian orthography","Lower Sorbian community and education readers","researched_only","source-acquisition-first","pass","partial","unknown","unknown","pass","pass","R1","S4","A3-4","N3","V4","P4","F2-3","D1","medium","MIR-A007;MIR-A027;MIR-E042;MIR-E043","No coverage credit from Interslavic or Upper Sorbian"
"GAP-EU-EU-ES","endangered_prestige","Western Europe","Basque standard Euskara Batua","eu-Latn-ES","Euskara Batua; regional terminology profile","Basque-first and Basque-medium readers","missing","source-acquisition-first","pass","partial","unknown","unknown","pass","pass","R2","S2","A4","N2-3","V3","P3","F4","D1","low","MIR-E001;MIR-E042;MIR-E043;MIR-E069","Mature standard and material may make this lower scarcity than other prestige-lane profiles"
"GAP-SIGN-ASE-US","accessibility_prestige","Signed-language access","American Sign Language","ase","ASL video-spatial language; no written-language substitute","ASL-primary Deaf readers in the United States","missing","community-route-first","pass","unknown","unknown","unknown","partial","partial","R2-3","S4","A1","N4","V2","P4","F2","D2","medium","MIR-A011;MIR-A015;MIR-E035;MIR-E039;MIR-E057;MIR-E042","Requires Deaf mathematical signers and video review; English captions do not provide ASL access"
"GAP-SIGN-INS-IN","accessibility_prestige","Signed-language access","Indian Sign Language","ins","Indian Sign Language video-spatial language","ISL-primary Deaf readers in India","missing","community-route-first","pass","unknown","unknown","unknown","partial","partial","R3","S4","A1","N4","V3","P4","F1-2","D2","high","MIR-E035;MIR-E039;MIR-E057;MIR-E058;MIR-E042","Large plausible marginal cohort; community authority and mathematical sign lexicon are gating"
"GAP-SIGN-BZS-BR","accessibility_prestige","Signed-language access","Brazilian Sign Language / Libras","bzs","Libras video-spatial language","Libras-primary Deaf readers in Brazil","missing","community-route-first","pass","unknown","unknown","unknown","partial","partial","R2-3","S4","A1","N4","V2","P4","F2","D2","low","MIR-E035;MIR-E039;MIR-E057;MIR-E042","Portuguese text is not direct Libras coverage"
"GAP-SIGN-MFS-MX","accessibility_prestige","Signed-language access","Mexican Sign Language","mfs","LSM video-spatial language","LSM-primary Deaf readers in Mexico","missing","community-route-first","pass","unknown","unknown","unknown","partial","partial","R2","S4","A1","N4","V3","P4","F1-2","D2","high","MIR-E035;MIR-E039;MIR-E057;MIR-E059;MIR-E042","Spanish text is not direct LSM coverage"
"GAP-SIGN-SFS-ZA","accessibility_prestige","Signed-language access","South African Sign Language","sfs","SASL video-spatial language","SASL-primary Deaf readers in South Africa","missing","community-route-first","pass","unknown","unknown","unknown","partial","partial","R2","S4","A1","N4","V3","P4","F1-2","D2","low","MIR-E035;MIR-E039;MIR-E057;MIR-E042","Multiple written official languages do not replace SASL"
"GAP-SIGN-NSI-NG","accessibility_prestige","Signed-language access","Nigerian Sign Language","nsi","Nigerian Sign Language video-spatial language","NSL-primary Deaf readers in Nigeria","missing","community-route-first","pass","unknown","unknown","unknown","partial","partial","RU-R2","S4","A1","N4","V3","P4","F1","D3","high","MIR-E035;MIR-E039;MIR-E057;MIR-E060;MIR-E042","Exact community variation, signer cohort and review route require discovery"
"GAP-SIGN-XKI-KE","accessibility_prestige","Signed-language access","Kenyan Sign Language","xki","Kenyan Sign Language video-spatial language","KSL-primary Deaf readers in Kenya","missing","community-route-first","pass","unknown","unknown","unknown","partial","partial","RU-R2","S4","A1","N4","V3","P4","F1","D3","high","MIR-E035;MIR-E039;MIR-E057;MIR-E061;MIR-E042","Swahili or English text is not direct KSL coverage"
"GAP-SIGN-ILS","negative_control","Signed-language access","International Sign comparator","ils","Contact-sign video register","Experienced cross-border signers only","missing","deprioritize-negative-control","pass","unknown","unknown","unknown","partial","partial","R0-R1","S4","A1","N1","V0","P1","F1","D3","medium","MIR-E035;MIR-E039;MIR-E057;MIR-E042","International Sign cannot be counted as coverage for national sign languages"
"GAP-NC-EN","negative_control","Global","English","en-Latn","Richly served international scientific standard","Readers already comfortable with English","partially_covered","deprioritize-negative-control","pass","pass","partial","partial","pass","pass","R0","S0","A4","N0","V0","P0","F4","D0","high","MIR-A023;MIR-E001;MIR-E042;MIR-E043","Controls incremental-access calibration; it is not a claim that every English user is served"
"GAP-NC-DE","negative_control","Europe","German","de-Latn-DE","Richly served national scientific standard","Readers already comfortable with German or English","partially_covered","deprioritize-negative-control","pass","pass","partial","partial","pass","pass","R0-R1","S0-1","A4","N0-1","V0","P0-1","F4","D0","high","MIR-A023;MIR-E048;MIR-E049;MIR-E042;MIR-E043","German is a source authority in the corpus, not a high marginal-access target"
"GAP-NC-FR","negative_control","Global Francophone","French","fr-Latn","Richly served international scientific standard","Readers already comfortable with French","partially_covered","deprioritize-negative-control","pass","pass","partial","partial","pass","pass","R0-R1","S0-1","A4","N0-1","V0","P0-1","F4","D0","high","MIR-A025;MIR-E001;MIR-E042;MIR-E043","A French edition may still fill a work-specific gap, but language-level scarcity is low"
"GAP-NC-ES","negative_control","Global Hispanophone","Spanish","es-Latn","Richly served international scientific standard","Readers already comfortable with Spanish","partially_covered","deprioritize-negative-control","pass","pass","partial","partial","pass","pass","R0-R1","S0-1","A4","N0-1","V0","P0-1","F4","D0","high","MIR-A025;MIR-E025;MIR-E042;MIR-E043","Spanish remains a baseline comparator for Indigenous American and creole profiles"
"GAP-NC-NL","negative_control","Europe","Dutch","nl-Latn-NL","Richly served national scientific standard","Readers already comfortable with Dutch or English","missing","deprioritize-negative-control","pass","pass","partial","partial","pass","pass","R0-R1","S0-1","A4","N0-1","V0","P0","F4","D0","high","MIR-E048;MIR-E049;MIR-E042;MIR-E043","Do not prioritize a Dutch edition over actual West-Germanic gaps on language-level scarcity grounds"
"GAP-NC-SV","negative_control","Europe","Swedish","sv-Latn-SE","Richly served national scientific standard","Readers already comfortable with Swedish or English","missing","deprioritize-negative-control","pass","pass","partial","partial","pass","pass","R0-R1","S0-1","A4","N0-1","V0","P0","F4","D0","high","MIR-E048;MIR-E049;MIR-E042;MIR-E043","Calibrates why a North-Germanic bridge has low marginal-access priority"
"GAP-CMP-JA","local_comparator","East Asia","Japanese","ja-Jpan-JP","Japanese mixed script; active local programme","Japanese readers","partially_covered","evidence-ready","pass","pass","unknown","unknown","pass","partial","R3-4","S1","A4","N2","V0","P1","F4","D0","high","MIR-A021;MIR-E043","Rich global scientific material plus partial local editions make this a coverage comparator, not a missing-language priority"
"GAP-CMP-TR","local_comparator","West Asia","Turkish","tr-Latn-TR","Turkish national standard; complete local Open Logic edition","Turkish readers","already_covered","evidence-ready","pass","pass","unknown","unknown","pass","partial","R3-4","S1-2","A4","N2","V0","P1","F4","D0","high","MIR-A031;MIR-E052;MIR-E043","The completed one-work local edition does not cover other works or other Turkic languages"
