intervention_id,target_type,target_name,profile,language_subtag,iso639_3_mapped,script_code,territory_scope,country_iso3_matches,country_indicator_count,country_internet_percent_values,country_electricity_percent_values,country_adult_literacy_percent_values,country_tertiary_enrollment_percent_values,openalex_language_code,openalex_math_all,openalex_math_open_access,openalex_math_open_access_books,openalex_scarcity_percentile_among_observed_candidates,wikimedia_code,wikipedia_articles,wikipedia_activeusers,wikibooks_articles,wikiversity_articles,wikisource_articles,ai_support_match_count,ai_support_resource_levels,ai_support_varieties,source_ids,interpretation_limit
NAT-001,natural_language,Bangladesh Bangla,bn-Beng-BD,bn,ben,Beng,Bangladesh,BGD,1,53.42171316,99.5,79,23.7295608009814,bn,74,68,1,0.203704,bn,190793,1908,4155,0,38826,1,High,Rarhi,ACE-E023;ACE-E020;ACE-E022;ACE-E021,All fields are raw context or empirical-distribution proxies. OpenAlex is not an educational-material inventory; Wikimedia is not advanced-mathematics quality; country indicators are not language-specific; model benchmark support does not establish mathematical translation quality.
NAT-002,natural_language,Indian Bengali,bn-Beng-IN,bn,ben,Beng,India,IND,1,70,99.9,78.1625330351403,34.4465039692543,bn,74,68,1,0.203704,bn,190793,1908,4155,0,38826,1,High,Rarhi,ACE-E023;ACE-E020;ACE-E022;ACE-E021,All fields are raw context or empirical-distribution proxies. OpenAlex is not an educational-material inventory; Wikimedia is not advanced-mathematics quality; country indicators are not language-specific; model benchmark support does not establish mathematical translation quality.
NAT-003,natural_language,Telugu,te-Telu-IN,te,tel,Telu,Andhra Pradesh and Telangana India,IND,1,70,99.9,78.1625330351403,34.4465039692543,te,6,4,0,0.555556,te,128008,412,287,0,23834,1,Low,Coastal,ACE-E023;ACE-E020;ACE-E022;ACE-E021,All fields are raw context or empirical-distribution proxies. OpenAlex is not an educational-material inventory; Wikimedia is not advanced-mathematics quality; country indicators are not language-specific; model benchmark support does not establish mathematical translation quality.
NAT-004,natural_language,Indian Tamil,ta-Taml-IN,ta,tam,Taml,India,IND,1,70,99.9,78.1625330351403,34.4465039692543,ta,18,9,1,0.462963,ta,189709,558,714,0,37530,1,Low,Chennai,ACE-E023;ACE-E020;ACE-E022;ACE-E021,All fields are raw context or empirical-distribution proxies. OpenAlex is not an educational-material inventory; Wikimedia is not advanced-mathematics quality; country indicators are not language-specific; model benchmark support does not establish mathematical translation quality.
NAT-005,natural_language,Sri Lankan Tamil,ta-Taml-LK,ta,tam,Taml,Sri Lanka,LKA,1,54.59,100,92.7399978637695,20.7412633848006,ta,18,9,1,0.462963,ta,189709,558,714,0,37530,1,Low,Chennai,ACE-E023;ACE-E020;ACE-E022;ACE-E021,All fields are raw context or empirical-distribution proxies. OpenAlex is not an educational-material inventory; Wikimedia is not advanced-mathematics quality; country indicators are not language-specific; model benchmark support does not establish mathematical translation quality.
NAT-006,natural_language,Marathi,mr-Deva-IN,mr,mar,Deva,Maharashtra India,IND,1,70,99.9,78.1625330351403,34.4465039692543,mr,10,3,0,0.601852,mr,102819,329,989,0,4797,1,Low,Varhadi,ACE-E023;ACE-E020;ACE-E022;ACE-E021,All fields are raw context or empirical-distribution proxies. OpenAlex is not an educational-material inventory; Wikimedia is not advanced-mathematics quality; country indicators are not language-specific; model benchmark support does not establish mathematical translation quality.
NAT-007,natural_language,Gujarati,gu-Gujr-IN,gu,guj,Gujr,Gujarat India,IND,1,70,99.9,78.1625330351403,34.4465039692543,gu,2,1,0,0.768519,gu,30908,103,0,0,65980,1,Low,Amdavadi/Surti,ACE-E023;ACE-E020;ACE-E022;ACE-E021,All fields are raw context or empirical-distribution proxies. OpenAlex is not an educational-material inventory; Wikimedia is not advanced-mathematics quality; country indicators are not language-specific; model benchmark support does not establish mathematical translation quality.
NAT-008,natural_language,Kannada,kn-Knda-IN,kn,kan,Knda,Karnataka India,IND,1,70,99.9,78.1625330351403,34.4465039692543,kn,61,13,0,0.361111,kn,35662,157,2,0,1556,1,Low,Central,ACE-E023;ACE-E020;ACE-E022;ACE-E021,All fields are raw context or empirical-distribution proxies. OpenAlex is not an educational-material inventory; Wikimedia is not advanced-mathematics quality; country indicators are not language-specific; model benchmark support does not establish mathematical translation quality.
NAT-009,natural_language,Malayalam,ml-Mlym-IN,ml,mal,Mlym,Kerala India,IND,1,70,99.9,78.1625330351403,34.4465039692543,ml,16,5,0,0.518519,ml,88612,423,107,0,20834,1,Low,,ACE-E023;ACE-E020;ACE-E022;ACE-E021,All fields are raw context or empirical-distribution proxies. OpenAlex is not an educational-material inventory; Wikimedia is not advanced-mathematics quality; country indicators are not language-specific; model benchmark support does not establish mathematical translation quality.
NAT-010,natural_language,Odia,or-Orya-IN,or,ory,Orya,Odisha India,IND,1,70,99.9,78.1625330351403,34.4465039692543,or,1,0,0,0.916667,or,21017,82,0,0,1310,1,Low,Baleswari (Northern),ACE-E023;ACE-E020;ACE-E022;ACE-E021,All fields are raw context or empirical-distribution proxies. OpenAlex is not an educational-material inventory; Wikimedia is not advanced-mathematics quality; country indicators are not language-specific; model benchmark support does not establish mathematical translation quality.
NAT-011,natural_language,Assamese,as-Beng-IN,as,asm,Beng,Assam India,IND,1,70,99.9,78.1625330351403,34.4465039692543,,,,,,as,25346,133,0,0,4215,1,Low,Eastern,ACE-E020;ACE-E022;ACE-E021,All fields are raw context or empirical-distribution proxies. OpenAlex is not an educational-material inventory; Wikimedia is not advanced-mathematics quality; country indicators are not language-specific; model benchmark support does not establish mathematical translation quality.
NAT-012,natural_language,Pakistani Urdu,ur-Arab-PK,ur,urd,Arab,Pakistan,PAK,1,57.253,95.7,58.8600006103516,10.8564126844434,ur,6,2,0,0.666667,ur,673887,418,225,0,11921,1,Low,Lashkari,ACE-E023;ACE-E020;ACE-E022;ACE-E021,All fields are raw context or empirical-distribution proxies. OpenAlex is not an educational-material inventory; Wikimedia is not advanced-mathematics quality; country indicators are not language-specific; model benchmark support does not establish mathematical translation quality.
NAT-013,natural_language,Indian Urdu,ur-Arab-IN,ur,urd,Arab,India,IND,1,70,99.9,78.1625330351403,34.4465039692543,ur,6,2,0,0.666667,ur,673887,418,225,0,11921,1,Low,Lashkari,ACE-E023;ACE-E020;ACE-E022;ACE-E021,All fields are raw context or empirical-distribution proxies. OpenAlex is not an educational-material inventory; Wikimedia is not advanced-mathematics quality; country indicators are not language-specific; model benchmark support does not establish mathematical translation quality.
NAT-014,natural_language,Eastern Punjabi,pa-Guru-IN,pa,pan,Guru,Punjab India,IND,1,70,99.9,78.1625330351403,34.4465039692543,pa,3,1,0,0.768519,pa,59689,113,78,0,2529,1,Low,Majhi,ACE-E023;ACE-E020;ACE-E022;ACE-E021,All fields are raw context or empirical-distribution proxies. OpenAlex is not an educational-material inventory; Wikimedia is not advanced-mathematics quality; country indicators are not language-specific; model benchmark support does not establish mathematical translation quality.
NAT-015,natural_language,Western Punjabi,pnb-Arab-PK,pnb,pnb,Arab,Pakistan,PAK,1,57.253,95.7,58.8600006103516,10.8564126844434,,,,,,,,,,,,0,,,ACE-E021,All fields are raw context or empirical-distribution proxies. OpenAlex is not an educational-material inventory; Wikimedia is not advanced-mathematics quality; country indicators are not language-specific; model benchmark support does not establish mathematical translation quality.
NAT-016,natural_language,Afghan Pashto,ps-Arab-AF,ps,pus,Arab,Afghanistan and displaced cohorts,AFG,1,16.09499931,87.8,37.2700004577637,10.85435962677,,,,,,ps,21344,58,1,0,0,0,,,ACE-E020;ACE-E021,All fields are raw context or empirical-distribution proxies. OpenAlex is not an educational-material inventory; Wikimedia is not advanced-mathematics quality; country indicators are not language-specific; model benchmark support does not establish mathematical translation quality.
NAT-017,natural_language,Pakistani Pashto,ps-Arab-PK,ps,pus,Arab,Pakistan,PAK,1,57.253,95.7,58.8600006103516,10.8564126844434,,,,,,ps,21344,58,1,0,0,0,,,ACE-E020;ACE-E021,All fields are raw context or empirical-distribution proxies. OpenAlex is not an educational-material inventory; Wikimedia is not advanced-mathematics quality; country indicators are not language-specific; model benchmark support does not establish mathematical translation quality.
NAT-018,natural_language,Sindhi,sd-Arab-PK,sd,snd,Arab,Pakistan,PAK,1,57.253,95.7,58.8600006103516,10.8564126844434,sd,1,0,0,0.916667,sd,22171,37,0,0,0,1,Low,Vicholi,ACE-E023;ACE-E020;ACE-E022;ACE-E021,All fields are raw context or empirical-distribution proxies. OpenAlex is not an educational-material inventory; Wikimedia is not advanced-mathematics quality; country indicators are not language-specific; model benchmark support does not establish mathematical translation quality.
NAT-019,natural_language,Saraiki,skr-Arab-PK,skr,skr,Arab,Pakistan,PAK,1,57.253,95.7,58.8600006103516,10.8564126844434,,,,,,,,,,,,0,,,ACE-E021,All fields are raw context or empirical-distribution proxies. OpenAlex is not an educational-material inventory; Wikimedia is not advanced-mathematics quality; country indicators are not language-specific; model benchmark support does not establish mathematical translation quality.
NAT-020,natural_language,Balochi Pakistan profile,bal-Arab-PK,bal,bal,Arab,Pakistan,PAK,1,57.253,95.7,58.8600006103516,10.8564126844434,,,,,,,,,,,,0,,,ACE-E021,All fields are raw context or empirical-distribution proxies. OpenAlex is not an educational-material inventory; Wikimedia is not advanced-mathematics quality; country indicators are not language-specific; model benchmark support does not establish mathematical translation quality.
NAT-021,natural_language,Brahui,brh-Arab-PK,brh,brh,Arab,Pakistan,PAK,1,57.253,95.7,58.8600006103516,10.8564126844434,,,,,,,,,,,,0,,,ACE-E021,All fields are raw context or empirical-distribution proxies. OpenAlex is not an educational-material inventory; Wikimedia is not advanced-mathematics quality; country indicators are not language-specific; model benchmark support does not establish mathematical translation quality.
NAT-022,natural_language,Nepali,ne-Deva-NP,ne,nep,Deva,Nepal,NPL,1,46.32189941,97.9,68.7099990844727,21.2915596292014,ne,9,4,0,0.555556,ne,30062,153,80,0,0,0,,,ACE-E023;ACE-E020;ACE-E021,All fields are raw context or empirical-distribution proxies. OpenAlex is not an educational-material inventory; Wikimedia is not advanced-mathematics quality; country indicators are not language-specific; model benchmark support does not establish mathematical translation quality.
NAT-023,natural_language,Maithili Nepal profile,mai-Deva-NP,mai,mai,Deva,Nepal,NPL,1,46.32189941,97.9,68.7099990844727,21.2915596292014,,,,,,,,,,,,1,Low,,ACE-E022;ACE-E021,All fields are raw context or empirical-distribution proxies. OpenAlex is not an educational-material inventory; Wikimedia is not advanced-mathematics quality; country indicators are not language-specific; model benchmark support does not establish mathematical translation quality.
NAT-024,natural_language,Bhojpuri Nepal profile,bho-Deva-NP,bho,bho,Deva,Nepal,NPL,1,46.32189941,97.9,68.7099990844727,21.2915596292014,,,,,,,,,,,,1,Low,,ACE-E022;ACE-E021,All fields are raw context or empirical-distribution proxies. OpenAlex is not an educational-material inventory; Wikimedia is not advanced-mathematics quality; country indicators are not language-specific; model benchmark support does not establish mathematical translation quality.
NAT-025,natural_language,Bajjika Nepal profile,Bajjika-Deva-NP unresolved ISO,bajjika,,Deva,Nepal,NPL,1,46.32189941,97.9,68.7099990844727,21.2915596292014,,,,,,,,,,,,0,,,ACE-E021,All fields are raw context or empirical-distribution proxies. OpenAlex is not an educational-material inventory; Wikimedia is not advanced-mathematics quality; country indicators are not language-specific; model benchmark support does not establish mathematical translation quality.
NAT-026,natural_language,Avadhi Nepal profile,awa-Deva-NP,awa,awa,Deva,Nepal,NPL,1,46.32189941,97.9,68.7099990844727,21.2915596292014,,,,,,,,,,,,1,Low,Ayodhya,ACE-E022;ACE-E021,All fields are raw context or empirical-distribution proxies. OpenAlex is not an educational-material inventory; Wikimedia is not advanced-mathematics quality; country indicators are not language-specific; model benchmark support does not establish mathematical translation quality.
NAT-027,natural_language,Sinhala,si-Sinh-LK,si,sin,Sinh,Sri Lanka,LKA,1,54.59,100,92.7399978637695,20.7412633848006,si,6,5,0,0.518519,si,25643,150,1577,0,0,1,Low,,ACE-E023;ACE-E020;ACE-E022;ACE-E021,All fields are raw context or empirical-distribution proxies. OpenAlex is not an educational-material inventory; Wikimedia is not advanced-mathematics quality; country indicators are not language-specific; model benchmark support does not establish mathematical translation quality.
NAT-028,natural_language,Vietnamese,vi-Latn-VN,vi,vie,Latn,Vietnam,VNM,1,84.15,100,96.129997253418,37.5923642016718,vi,272,194,2,0.138889,vi,1304011,4940,8270,0,19101,1,High,,ACE-E023;ACE-E020;ACE-E022;ACE-E021,All fields are raw context or empirical-distribution proxies. OpenAlex is not an educational-material inventory; Wikimedia is not advanced-mathematics quality; country indicators are not language-specific; model benchmark support does not establish mathematical translation quality.
NAT-029,natural_language,Thai,th-Thai-TH,th,tha,Thai,Thailand,THA,1,90.86718789,100,91.0999984741211,49.0776442074561,th,1873,321,0,0.120370,th,186885,2891,1600,0,9626,1,High,,ACE-E023;ACE-E020;ACE-E022;ACE-E021,All fields are raw context or empirical-distribution proxies. OpenAlex is not an educational-material inventory; Wikimedia is not advanced-mathematics quality; country indicators are not language-specific; model benchmark support does not establish mathematical translation quality.
NAT-030,natural_language,Burmese,my-Mymr-MM,my,mya,Mymr,Myanmar and displaced cohorts,MMR,1,45.4477005,80.4,93.527395549521,20.3723297119141,my,2,0,0,0.916667,my,112014,296,0,0,4879,1,Low,Mandalay-Yangon,ACE-E023;ACE-E020;ACE-E022;ACE-E021,All fields are raw context or empirical-distribution proxies. OpenAlex is not an educational-material inventory; Wikimedia is not advanced-mathematics quality; country indicators are not language-specific; model benchmark support does not establish mathematical translation quality.
NAT-031,natural_language,Khmer,km-Khmr-KH,km,khm,Khmr,Cambodia,KHM,1,68.47530365,99.2,71.9300003051758,21.4437426836662,,,,,,km,12802,112,183,0,0,1,Low,Central,ACE-E020;ACE-E022;ACE-E021,All fields are raw context or empirical-distribution proxies. OpenAlex is not an educational-material inventory; Wikimedia is not advanced-mathematics quality; country indicators are not language-specific; model benchmark support does not establish mathematical translation quality.
NAT-032,natural_language,Lao,lo-Laoo-LA,lo,lao,Laoo,Laos,LAO,1,65.59269714,96.5,75.6399993896484,14.8841695785522,lo,1,1,0,0.768519,lo,5607,52,0,0,0,1,Low,Vientiane,ACE-E023;ACE-E020;ACE-E022;ACE-E021,All fields are raw context or empirical-distribution proxies. OpenAlex is not an educational-material inventory; Wikimedia is not advanced-mathematics quality; country indicators are not language-specific; model benchmark support does not establish mathematical translation quality.
NAT-033,natural_language,Filipino,fil-Latn-PH,fil,fil,Latn,Philippines,PHL,1,67.26300914,94.8,98.4700012207031,47.4134996154186,,,,,,,,,,,,0,,,ACE-E021,All fields are raw context or empirical-distribution proxies. OpenAlex is not an educational-material inventory; Wikimedia is not advanced-mathematics quality; country indicators are not language-specific; model benchmark support does not establish mathematical translation quality.
NAT-034,natural_language,Cebuano,ceb-Latn-PH,ceb,ceb,Latn,Philippines,PHL,1,67.26300914,94.8,98.4700012207031,47.4134996154186,,,,,,,,,,,,1,Low,,ACE-E022;ACE-E021,All fields are raw context or empirical-distribution proxies. OpenAlex is not an educational-material inventory; Wikimedia is not advanced-mathematics quality; country indicators are not language-specific; model benchmark support does not establish mathematical translation quality.
NAT-035,natural_language,Ilocano,ilo-Latn-PH,ilo,ilo,Latn,Philippines,PHL,1,67.26300914,94.8,98.4700012207031,47.4134996154186,,,,,,,,,,,,1,Low,,ACE-E022;ACE-E021,All fields are raw context or empirical-distribution proxies. OpenAlex is not an educational-material inventory; Wikimedia is not advanced-mathematics quality; country indicators are not language-specific; model benchmark support does not establish mathematical translation quality.
NAT-036,natural_language,Hiligaynon,hil-Latn-PH,hil,hil,Latn,Philippines,PHL,1,67.26300914,94.8,98.4700012207031,47.4134996154186,,,,,,,,,,,,0,,,ACE-E021,All fields are raw context or empirical-distribution proxies. OpenAlex is not an educational-material inventory; Wikimedia is not advanced-mathematics quality; country indicators are not language-specific; model benchmark support does not establish mathematical translation quality.
NAT-037,natural_language,Waray,war-Latn-PH,war,war,Latn,Philippines,PHL,1,67.26300914,94.8,98.4700012207031,47.4134996154186,,,,,,,,,,,,1,Low,Tacloban,ACE-E022;ACE-E021,All fields are raw context or empirical-distribution proxies. OpenAlex is not an educational-material inventory; Wikimedia is not advanced-mathematics quality; country indicators are not language-specific; model benchmark support does not establish mathematical translation quality.
NAT-038,natural_language,Javanese,jv-Latn-ID,jv,jav,Latn,Indonesia,IDN,1,72.78075544,99.9,96,44.8813034886441,jv,3,0,0,0.916667,jv,75455,125,0,0,3294,1,Low,,ACE-E023;ACE-E020;ACE-E022;ACE-E021,All fields are raw context or empirical-distribution proxies. OpenAlex is not an educational-material inventory; Wikimedia is not advanced-mathematics quality; country indicators are not language-specific; model benchmark support does not establish mathematical translation quality.
NAT-039,natural_language,Sundanese,su-Latn-ID,su,sun,Latn,Indonesia,IDN,1,72.78075544,99.9,96,44.8813034886441,su,8,2,0,0.666667,su,62967,60,2,0,410,1,Low,,ACE-E023;ACE-E020;ACE-E022;ACE-E021,All fields are raw context or empirical-distribution proxies. OpenAlex is not an educational-material inventory; Wikimedia is not advanced-mathematics quality; country indicators are not language-specific; model benchmark support does not establish mathematical translation quality.
NAT-040,natural_language,Malaysian Malay,ms-Latn-MY,ms,msa,Latn,Malaysia,MYS,1,98.0206059,100,95.7699966430664,38.5013945445142,ms,1259,404,1,0.101852,ms,441165,2059,571,0,1262,0,,,ACE-E023;ACE-E020;ACE-E021,All fields are raw context or empirical-distribution proxies. OpenAlex is not an educational-material inventory; Wikimedia is not advanced-mathematics quality; country indicators are not language-specific; model benchmark support does not establish mathematical translation quality.
NAT-041,natural_language,Tetum Prasa,tet-Latn-TL,tet,tet,Latn,Timor-Leste,TLS,1,35.04199982,94.3,69.4000015258789,30.9611108169641,,,,,,,,,,,,0,,,ACE-E021,All fields are raw context or empirical-distribution proxies. OpenAlex is not an educational-material inventory; Wikimedia is not advanced-mathematics quality; country indicators are not language-specific; model benchmark support does not establish mathematical translation quality.
NAT-042,natural_language,S'gaw Karen,ksw-Mymr-MM,ksw,ksw,Mymr,Myanmar Thailand and displaced cohorts,THA;MMR,2,90.86718789;45.4477005,100;80.4,91.0999984741211;93.527395549521,49.0776442074561;20.3723297119141,,,,,,,,,,,,0,,,ACE-E021,All fields are raw context or empirical-distribution proxies. OpenAlex is not an educational-material inventory; Wikimedia is not advanced-mathematics quality; country indicators are not language-specific; model benchmark support does not establish mathematical translation quality.
NAT-043,natural_language,Rohingya Hanifi profile,rhg-Rohg,rhg,rhg,Rohg,Myanmar Bangladesh and diaspora,BGD;MMR,2,53.42171316;45.4477005,99.5;80.4,79;93.527395549521,23.7295608009814;20.3723297119141,,,,,,,,,,,,0,,,ACE-E021,All fields are raw context or empirical-distribution proxies. OpenAlex is not an educational-material inventory; Wikimedia is not advanced-mathematics quality; country indicators are not language-specific; model benchmark support does not establish mathematical translation quality.
NAT-044,natural_language,Fataluku,ddg-Latn-TL,ddg,ddg,Latn,Timor-Leste,TLS,1,35.04199982,94.3,69.4000015258789,30.9611108169641,,,,,,,,,,,,0,,,ACE-E021,All fields are raw context or empirical-distribution proxies. OpenAlex is not an educational-material inventory; Wikimedia is not advanced-mathematics quality; country indicators are not language-specific; model benchmark support does not establish mathematical translation quality.
NAT-045,natural_language,Baikeno,bkx-Latn-TL,bkx,bkx,Latn,Timor-Leste,TLS,1,35.04199982,94.3,69.4000015258789,30.9611108169641,,,,,,,,,,,,0,,,ACE-E021,All fields are raw context or empirical-distribution proxies. OpenAlex is not an educational-material inventory; Wikimedia is not advanced-mathematics quality; country indicators are not language-specific; model benchmark support does not establish mathematical translation quality.
NAT-046,natural_language,Uzbek,uz-Latn-UZ,uz,uzb,Latn,Uzbekistan,UZB,1,89.50550079,100,100,59.8086982926392,uz,62,46,0,0.231481,uz,357320,536,4,0,0,0,,,ACE-E023;ACE-E020;ACE-E021,All fields are raw context or empirical-distribution proxies. OpenAlex is not an educational-material inventory; Wikimedia is not advanced-mathematics quality; country indicators are not language-specific; model benchmark support does not establish mathematical translation quality.
NAT-047,natural_language,Kazakh,kk-Cyrl-KZ,kk,kaz,Cyrl,Kazakhstan,KAZ,1,93.39167254,100,,52.8612860406142,kk,39,32,0,0.250000,kk,244857,384,162,0,0,1,High,,ACE-E023;ACE-E020;ACE-E022;ACE-E021,All fields are raw context or empirical-distribution proxies. OpenAlex is not an educational-material inventory; Wikimedia is not advanced-mathematics quality; country indicators are not language-specific; model benchmark support does not establish mathematical translation quality.
NAT-048,natural_language,Kyrgyz,ky-Cyrl-KG,ky,kir,Cyrl,Kyrgyzstan,KGZ,1,92.0286026,100,,53.8761747562613,ky,4,3,0,0.601852,ky,76526,100,0,0,0,1,Low,Northern,ACE-E023;ACE-E020;ACE-E022;ACE-E021,All fields are raw context or empirical-distribution proxies. OpenAlex is not an educational-material inventory; Wikimedia is not advanced-mathematics quality; country indicators are not language-specific; model benchmark support does not establish mathematical translation quality.
NAT-049,natural_language,Tajik,tg-Cyrl-TJ,tg,tgk,Cyrl,Tajikistan,TJK,1,55.79339981,99.9,,35.6398418742497,,,,,,tg,118879,108,56,0,0,1,Low,,ACE-E020;ACE-E022;ACE-E021,All fields are raw context or empirical-distribution proxies. OpenAlex is not an educational-material inventory; Wikimedia is not advanced-mathematics quality; country indicators are not language-specific; model benchmark support does not establish mathematical translation quality.
NAT-050,natural_language,Mongolian,mn-Cyrl-MN,mn,mon,Cyrl,Mongolia,MNG,1,85.12349701,99.1,98.6399993896484,69.044059753418,mn,13,12,0,0.407407,mn,28130,259,0,0,0,0,,,ACE-E023;ACE-E020;ACE-E021,All fields are raw context or empirical-distribution proxies. OpenAlex is not an educational-material inventory; Wikimedia is not advanced-mathematics quality; country indicators are not language-specific; model benchmark support does not establish mathematical translation quality.
NAT-051,natural_language,Georgian,ka-Geor-GE,ka,kat,Geor,Georgia,GEO,1,83.79855689,100,99.6800003051758,89.4861221313477,ka,73,17,6,0.324074,ka,198309,360,299,0,7018,1,Low,Kartlian,ACE-E023;ACE-E020;ACE-E022;ACE-E021,All fields are raw context or empirical-distribution proxies. OpenAlex is not an educational-material inventory; Wikimedia is not advanced-mathematics quality; country indicators are not language-specific; model benchmark support does not establish mathematical translation quality.
NAT-052,natural_language,Armenian,hy-Armn-AM,hy,hye,Armn,Armenia and separately tagged diaspora,ARM,1,81.33930206,100,99.8399963378906,52.7748065090859,hy,19,6,0,0.490741,hy,331339,644,77,0,36165,1,Low,Yerevan,ACE-E023;ACE-E020;ACE-E022;ACE-E021,All fields are raw context or empirical-distribution proxies. OpenAlex is not an educational-material inventory; Wikimedia is not advanced-mathematics quality; country indicators are not language-specific; model benchmark support does not establish mathematical translation quality.
NAT-053,natural_language,Azerbaijani,az-Latn-AZ,az,aze,Latn,Azerbaijan,AZE,1,90.80000181,100,99.7799987792969,41.3413783372226,az,32,13,0,0.361111,az,216744,858,3442,0,11840,0,,,ACE-E023;ACE-E020;ACE-E021,All fields are raw context or empirical-distribution proxies. OpenAlex is not an educational-material inventory; Wikimedia is not advanced-mathematics quality; country indicators are not language-specific; model benchmark support does not establish mathematical translation quality.
NAT-054,natural_language,Uyghur,ug-Arab-CN,ug,uig,Arab,Xinjiang and diaspora,CHN,1,91.6,100,96.7399978637695,76.8757843123403,ug,1,0,0,0.916667,ug,9727,27,0,0,0,1,Low,,ACE-E023;ACE-E020;ACE-E022;ACE-E021,All fields are raw context or empirical-distribution proxies. OpenAlex is not an educational-material inventory; Wikimedia is not advanced-mathematics quality; country indicators are not language-specific; model benchmark support does not establish mathematical translation quality.
NAT-055,natural_language,Turkmen,tk-Latn-TM,tk,tuk,Latn,Turkmenistan,TKM,1,,100,99.9000015258789,20.4250351701637,tk,1,1,0,0.768519,tk,7212,43,0,0,0,1,Low,Teke,ACE-E023;ACE-E020;ACE-E022;ACE-E021,All fields are raw context or empirical-distribution proxies. OpenAlex is not an educational-material inventory; Wikimedia is not advanced-mathematics quality; country indicators are not language-specific; model benchmark support does not establish mathematical translation quality.
NAT-056,natural_language,Kurmanji Kurdish,kmr-Latn-TR,kmr,kmr,Latn,Turkey Syria and separately modeled diaspora,TUR;SYR,2,89.77024003;33.77000046,100;89.3,97.2600021362305;94.4199981689453,105.88606262207;,,,,,,,,,,,,1,Low,,ACE-E022;ACE-E021,All fields are raw context or empirical-distribution proxies. OpenAlex is not an educational-material inventory; Wikimedia is not advanced-mathematics quality; country indicators are not language-specific; model benchmark support does not establish mathematical translation quality.
NAT-057,natural_language,Sorani Kurdish,ckb-Arab-IQ,ckb,ckb,Arab,Iraq Iran and diaspora,IRN;IRQ,2,85.3404007;81.47450256,100;100,88.9168161136597;84.0648941705243,58.6838607788086;,,,,,,,,,,,,1,Low,,ACE-E022;ACE-E021,All fields are raw context or empirical-distribution proxies. OpenAlex is not an educational-material inventory; Wikimedia is not advanced-mathematics quality; country indicators are not language-specific; model benchmark support does not establish mathematical translation quality.
NAT-058,natural_language,Dari,prs-Arab-AF,prs,prs,Arab,Afghanistan and displaced cohorts,AFG,1,16.09499931,87.8,37.2700004577637,10.85435962677,,,,,,,,,,,,1,Low,Kabuli,ACE-E022;ACE-E021,All fields are raw context or empirical-distribution proxies. OpenAlex is not an educational-material inventory; Wikimedia is not advanced-mathematics quality; country indicators are not language-specific; model benchmark support does not establish mathematical translation quality.
NAT-059,natural_language,Zazaki,diq-Latn-TR,diq,diq,Latn,Turkey and diaspora,TUR,1,89.77024003,100,97.2600021362305,105.88606262207,,,,,,,,,,,,0,,,ACE-E021,All fields are raw context or empirical-distribution proxies. OpenAlex is not an educational-material inventory; Wikimedia is not advanced-mathematics quality; country indicators are not language-specific; model benchmark support does not establish mathematical translation quality.
NAT-060,natural_language,Tatar,tt-Cyrl-RU,tt,tat,Cyrl,Russian Federation,RUS,1,94.36495368,100,99.9300003051758,60.3891235376867,tt,18,10,3,0.435185,tt,709027,93,270,0,0,1,Low,Central and Middle,ACE-E023;ACE-E020;ACE-E022;ACE-E021,All fields are raw context or empirical-distribution proxies. OpenAlex is not an educational-material inventory; Wikimedia is not advanced-mathematics quality; country indicators are not language-specific; model benchmark support does not establish mathematical translation quality.
NAT-061,natural_language,Bashkir,ba-Cyrl-RU,ba,bak,Cyrl,Russian Federation,RUS,1,94.36495368,100,99.9300003051758,60.3891235376867,ba,1,0,0,0.916667,ba,64299,83,1216,0,0,1,Low,Literary,ACE-E023;ACE-E020;ACE-E022;ACE-E021,All fields are raw context or empirical-distribution proxies. OpenAlex is not an educational-material inventory; Wikimedia is not advanced-mathematics quality; country indicators are not language-specific; model benchmark support does not establish mathematical translation quality.
NAT-062,natural_language,Sakha,sah-Cyrl-RU,sah,sah,Cyrl,Sakha Republic,RUS,1,94.36495368,100,99.9300003051758,60.3891235376867,,,,,,,,,,,,0,,,ACE-E021,All fields are raw context or empirical-distribution proxies. OpenAlex is not an educational-material inventory; Wikimedia is not advanced-mathematics quality; country indicators are not language-specific; model benchmark support does not establish mathematical translation quality.
NAT-063,natural_language,Tanzanian Swahili,sw-Latn-TZ,sw,swa,Latn,Tanzania,TZA,1,31.16209984,52.4,78.2099990844727,4.01880979537964,sw,33,23,0,0.277778,sw,124797,225,9,0,0,0,,,ACE-E023;ACE-E020;ACE-E021,All fields are raw context or empirical-distribution proxies. OpenAlex is not an educational-material inventory; Wikimedia is not advanced-mathematics quality; country indicators are not language-specific; model benchmark support does not establish mathematical translation quality.
NAT-064,natural_language,Kenyan Swahili,sw-Latn-KE,sw,swa,Latn,Kenya,KEN,1,34.97622513,77,,10.4185962462804,sw,33,23,0,0.277778,sw,124797,225,9,0,0,0,,,ACE-E023;ACE-E020;ACE-E021,All fields are raw context or empirical-distribution proxies. OpenAlex is not an educational-material inventory; Wikimedia is not advanced-mathematics quality; country indicators are not language-specific; model benchmark support does not establish mathematical translation quality.
NAT-065,natural_language,Amharic,am-Ethi-ET,am,amh,Ethi,Ethiopia,ETH,1,21.94129944,56.6,60.4599990844727,,am,3,0,0,0.916667,am,15723,86,0,0,0,1,Low,Addis Ababa,ACE-E023;ACE-E020;ACE-E022;ACE-E021,All fields are raw context or empirical-distribution proxies. OpenAlex is not an educational-material inventory; Wikimedia is not advanced-mathematics quality; country indicators are not language-specific; model benchmark support does not establish mathematical translation quality.
NAT-066,natural_language,Oromo,om-Latn-ET,om,orm,Latn,Ethiopia and neighboring cells,ETH,1,21.94129944,56.6,60.4599990844727,,,,,,,om,1970,24,0,0,0,0,,,ACE-E020;ACE-E021,All fields are raw context or empirical-distribution proxies. OpenAlex is not an educational-material inventory; Wikimedia is not advanced-mathematics quality; country indicators are not language-specific; model benchmark support does not establish mathematical translation quality.
NAT-067,natural_language,Somali,so-Latn-SO,so,som,Latn,Somalia and separately modeled neighboring or diaspora cells,SOM,1,27.94020081,54.4,54.1199989318848,,so,5,1,0,0.768519,so,13478,130,0,0,0,1,Low,Nsom,ACE-E023;ACE-E020;ACE-E022;ACE-E021,All fields are raw context or empirical-distribution proxies. OpenAlex is not an educational-material inventory; Wikimedia is not advanced-mathematics quality; country indicators are not language-specific; model benchmark support does not establish mathematical translation quality.
NAT-068,natural_language,Tigrinya,ti-Ethi-ET,ti,tir,Ethi,Ethiopia and separately Eritrea,ETH;ERI,2,21.94129944;14.34939957,56.6;55.3,60.4599990844727;,;,,,,,,ti,366,13,0,0,0,1,Low,,ACE-E020;ACE-E022;ACE-E021,All fields are raw context or empirical-distribution proxies. OpenAlex is not an educational-material inventory; Wikimedia is not advanced-mathematics quality; country indicators are not language-specific; model benchmark support does not establish mathematical translation quality.
NAT-069,natural_language,Hausa,ha-Latn-NG,ha,hau,Latn,Nigeria and separately tagged cross-border cells,NGA,1,41.21139908,62.5,70.4100036621094,,,,,,,ha,108852,271,0,0,0,1,Low,,ACE-E020;ACE-E022;ACE-E021,All fields are raw context or empirical-distribution proxies. OpenAlex is not an educational-material inventory; Wikimedia is not advanced-mathematics quality; country indicators are not language-specific; model benchmark support does not establish mathematical translation quality.
NAT-070,natural_language,Yoruba,yo-Latn-NG,yo,yor,Latn,Nigeria and diaspora,NGA,1,41.21139908,62.5,70.4100036621094,,yo,14,13,0,0.361111,yo,39551,75,0,0,0,1,Low,Ọyọ and Ibadan,ACE-E023;ACE-E020;ACE-E022;ACE-E021,All fields are raw context or empirical-distribution proxies. OpenAlex is not an educational-material inventory; Wikimedia is not advanced-mathematics quality; country indicators are not language-specific; model benchmark support does not establish mathematical translation quality.
NAT-071,natural_language,Igbo,ig-Latn-NG,ig,ibo,Latn,Nigeria and diaspora,NGA,1,41.21139908,62.5,70.4100036621094,,,,,,,ig,48249,98,0,0,0,1,Low,Central,ACE-E020;ACE-E022;ACE-E021,All fields are raw context or empirical-distribution proxies. OpenAlex is not an educational-material inventory; Wikimedia is not advanced-mathematics quality; country indicators are not language-specific; model benchmark support does not establish mathematical translation quality.
NAT-072,natural_language,Nigerian Pidgin,pcm-Latn-NG,pcm,pcm,Latn,Nigeria,NGA,1,41.21139908,62.5,70.4100036621094,,,,,,,,,,,,,0,,,ACE-E021,All fields are raw context or empirical-distribution proxies. OpenAlex is not an educational-material inventory; Wikimedia is not advanced-mathematics quality; country indicators are not language-specific; model benchmark support does not establish mathematical translation quality.
NAT-073,natural_language,isiZulu,zu-Latn-ZA,zu,zul,Latn,South Africa,ZAF,1,78.35759735,90.2,91.1500015258789,23.493768799339,,,,,,zu,12575,67,1,0,0,1,High,,ACE-E020;ACE-E022;ACE-E021,All fields are raw context or empirical-distribution proxies. OpenAlex is not an educational-material inventory; Wikimedia is not advanced-mathematics quality; country indicators are not language-specific; model benchmark support does not establish mathematical translation quality.
NAT-074,natural_language,isiXhosa,xh-Latn-ZA,xh,xho,Latn,South Africa,ZAF,1,78.35759735,90.2,91.1500015258789,23.493768799339,,,,,,xh,2512,26,1,0,0,1,High,Ngqika,ACE-E020;ACE-E022;ACE-E021,All fields are raw context or empirical-distribution proxies. OpenAlex is not an educational-material inventory; Wikimedia is not advanced-mathematics quality; country indicators are not language-specific; model benchmark support does not establish mathematical translation quality.
NAT-075,natural_language,Shona,sn-Latn-ZW,sn,sna,Latn,Zimbabwe,ZWE,1,41.64279938,62,93.2300033569336,7.74912957845971,,,,,,sn,11752,18,0,0,0,1,Low,,ACE-E020;ACE-E022;ACE-E021,All fields are raw context or empirical-distribution proxies. OpenAlex is not an educational-material inventory; Wikimedia is not advanced-mathematics quality; country indicators are not language-specific; model benchmark support does not establish mathematical translation quality.
NAT-076,natural_language,Zimbabwean Ndebele,nd-Latn-ZW,nd,nde,Latn,Zimbabwe,ZWE,1,41.64279938,62,93.2300033569336,7.74912957845971,,,,,,,,,,,,0,,,ACE-E021,All fields are raw context or empirical-distribution proxies. OpenAlex is not an educational-material inventory; Wikimedia is not advanced-mathematics quality; country indicators are not language-specific; model benchmark support does not establish mathematical translation quality.
NAT-077,natural_language,Chichewa Malawi profile,ny-Latn-MW,ny,nya,Latn,Malawi,MWI,1,18.96159935,15.6,70.1500015258789,2.70813684546823,,,,,,ny,1143,20,0,0,0,1,Low,,ACE-E020;ACE-E022;ACE-E021,All fields are raw context or empirical-distribution proxies. OpenAlex is not an educational-material inventory; Wikimedia is not advanced-mathematics quality; country indicators are not language-specific; model benchmark support does not establish mathematical translation quality.
NAT-078,natural_language,Kinyarwanda,rw-Latn-RW,rw,kin,Latn,Rwanda,RWA,1,31.70330048,72,78.7600021362305,9.41173924647801,,,,,,rw,9903,39,0,0,0,1,Low,,ACE-E020;ACE-E022;ACE-E021,All fields are raw context or empirical-distribution proxies. OpenAlex is not an educational-material inventory; Wikimedia is not advanced-mathematics quality; country indicators are not language-specific; model benchmark support does not establish mathematical translation quality.
NAT-079,natural_language,Kirundi,rn-Latn-BI,rn,run,Latn,Burundi,BDI,1,8.595999718,20.1,71.3374789737041,6.38454008102417,,,,,,rn,729,11,0,0,0,1,Low,,ACE-E020;ACE-E022;ACE-E021,All fields are raw context or empirical-distribution proxies. OpenAlex is not an educational-material inventory; Wikimedia is not advanced-mathematics quality; country indicators are not language-specific; model benchmark support does not establish mathematical translation quality.
NAT-080,natural_language,Malagasy,mg-Latn-MG,mg,mlg,Latn,Madagascar,MDG,1,18.67790031,42.5,74.6900024414062,6.1466638463036,mg,14,12,0,0.407407,mg,103635,96,39,0,0,0,,,ACE-E023;ACE-E020;ACE-E021,All fields are raw context or empirical-distribution proxies. OpenAlex is not an educational-material inventory; Wikimedia is not advanced-mathematics quality; country indicators are not language-specific; model benchmark support does not establish mathematical translation quality.
NAT-081,natural_language,Wolof,wo-Latn-SN,wo,wol,Latn,Senegal,SEN,1,60.11780167,82.9,50.3600006103516,15.3302400879779,,,,,,wo,1741,15,0,0,0,1,Low,Dakkar,ACE-E020;ACE-E022;ACE-E021,All fields are raw context or empirical-distribution proxies. OpenAlex is not an educational-material inventory; Wikimedia is not advanced-mathematics quality; country indicators are not language-specific; model benchmark support does not establish mathematical translation quality.
NAT-082,natural_language,Bambara,bm-Latn-ML,bm,bam,Latn,Mali,MLI,1,36.80149841,49.5,35.6300010681152,,,,,,,bm,930,14,0,0,0,1,Low,,ACE-E020;ACE-E022;ACE-E021,All fields are raw context or empirical-distribution proxies. OpenAlex is not an educational-material inventory; Wikimedia is not advanced-mathematics quality; country indicators are not language-specific; model benchmark support does not establish mathematical translation quality.
NAT-083,natural_language,Jula,dyu-Latn-CI,dyu,dyu,Latn,Cote d'Ivoire and separately tagged cross-border cells,CIV,1,41.43219902,72.9,50,12.3354902267456,,,,,,,,,,,,1,Low,,ACE-E022;ACE-E021,All fields are raw context or empirical-distribution proxies. OpenAlex is not an educational-material inventory; Wikimedia is not advanced-mathematics quality; country indicators are not language-specific; model benchmark support does not establish mathematical translation quality.
NAT-084,natural_language,Fula exact profile unresolved,ff-Latn,ff,ful,Latn,West Africa exact country and variety pending,,0,,,,,,,,,,ff,21070,36,0,0,0,0,,,ACE-E020,All fields are raw context or empirical-distribution proxies. OpenAlex is not an educational-material inventory; Wikimedia is not advanced-mathematics quality; country indicators are not language-specific; model benchmark support does not establish mathematical translation quality.
NAT-085,natural_language,Kabyle,kab-Latn-DZ,kab,kab,Latn,Algeria,DZA,1,77.4178009,100,,54.4283410150344,,,,,,,,,,,,1,Low,North Eastern,ACE-E022;ACE-E021,All fields are raw context or empirical-distribution proxies. OpenAlex is not an educational-material inventory; Wikimedia is not advanced-mathematics quality; country indicators are not language-specific; model benchmark support does not establish mathematical translation quality.
NAT-086,natural_language,Standard Moroccan Amazigh,zgh-Tfng-MA,zgh,zgh,Tfng,Morocco,MAR,1,91.2,100,,48.1839617510572,,,,,,,,,,,,0,,,ACE-E021,All fields are raw context or empirical-distribution proxies. OpenAlex is not an educational-material inventory; Wikimedia is not advanced-mathematics quality; country indicators are not language-specific; model benchmark support does not establish mathematical translation quality.
NAT-087,natural_language,Haitian Creole,ht-Latn-HT,ht,hat,Latn,Haiti and separately tagged diaspora,HTI,1,47.8614006,53.9,,,,,,,,ht,72095,69,0,0,12,1,Low,,ACE-E020;ACE-E022;ACE-E021,All fields are raw context or empirical-distribution proxies. OpenAlex is not an educational-material inventory; Wikimedia is not advanced-mathematics quality; country indicators are not language-specific; model benchmark support does not establish mathematical translation quality.
NAT-088,natural_language,Paraguayan Guarani,gug-Latn-PY,gug,gug,Latn,Paraguay,PRY,1,81.57806793,99.8,94.8600006103516,,,,,,,,,,,,,0,,,ACE-E021,All fields are raw context or empirical-distribution proxies. OpenAlex is not an educational-material inventory; Wikimedia is not advanced-mathematics quality; country indicators are not language-specific; model benchmark support does not establish mathematical translation quality.
NAT-089,natural_language,Ayacucho Quechua,quy-Latn-PE,quy,quy,Latn,Peru,PER,1,81.95705992,96.5,93.6600036621094,,,,,,,,,,,,,1,Low,Southern Quechua,ACE-E022;ACE-E021,All fields are raw context or empirical-distribution proxies. OpenAlex is not an educational-material inventory; Wikimedia is not advanced-mathematics quality; country indicators are not language-specific; model benchmark support does not establish mathematical translation quality.
NAT-090,natural_language,Cusco Quechua,quz-Latn-PE,quz,quz,Latn,Peru,PER,1,81.95705992,96.5,93.6600036621094,,,,,,,,,,,,,0,,,ACE-E021,All fields are raw context or empirical-distribution proxies. OpenAlex is not an educational-material inventory; Wikimedia is not advanced-mathematics quality; country indicators are not language-specific; model benchmark support does not establish mathematical translation quality.
NAT-091,natural_language,South Bolivian Quechua,quh-Latn-BO,quh,quh,Latn,Bolivia,BOL,1,79.70469666,96.6,96.7300033569336,,,,,,,,,,,,,0,,,ACE-E021,All fields are raw context or empirical-distribution proxies. OpenAlex is not an educational-material inventory; Wikimedia is not advanced-mathematics quality; country indicators are not language-specific; model benchmark support does not establish mathematical translation quality.
NAT-092,natural_language,Central Aymara,ayr-Latn-BO,ayr,ayr,Latn,Bolivia and separately Peru,BOL;PER,2,79.70469666;81.95705992,96.6;96.5,96.7300033569336;93.6600036621094,;,,,,,,,,,,,,1,Low,Aymara La Paz jilata,ACE-E022;ACE-E021,All fields are raw context or empirical-distribution proxies. OpenAlex is not an educational-material inventory; Wikimedia is not advanced-mathematics quality; country indicators are not language-specific; model benchmark support does not establish mathematical translation quality.
NAT-093,natural_language,Yucatec Maya,yua-Latn-MX,yua,yua,Latn,Mexico,MEX,1,83.12233799,99.8,95.5500030517578,48.203441619873,,,,,,,,,,,,0,,,ACE-E021,All fields are raw context or empirical-distribution proxies. OpenAlex is not an educational-material inventory; Wikimedia is not advanced-mathematics quality; country indicators are not language-specific; model benchmark support does not establish mathematical translation quality.
NAT-094,natural_language,K'iche',quc-Latn-GT,quc,quc,Latn,Guatemala,GTM,1,60.22140121,90.9,82.1100006103516,27.2948879201171,,,,,,,,,,,,0,,,ACE-E021,All fields are raw context or empirical-distribution proxies. OpenAlex is not an educational-material inventory; Wikimedia is not advanced-mathematics quality; country indicators are not language-specific; model benchmark support does not establish mathematical translation quality.
NAT-095,natural_language,Q'eqchi',kek-Latn-GT,kek,kek,Latn,Guatemala and Belize cells kept separate,GTM;BLZ,2,60.22140121;80.00582262,90.9;99.6,82.1100006103516;87.879997253418,27.2948879201171;24.8098643151325,,,,,,,,,,,,0,,,ACE-E021,All fields are raw context or empirical-distribution proxies. OpenAlex is not an educational-material inventory; Wikimedia is not advanced-mathematics quality; country indicators are not language-specific; model benchmark support does not establish mathematical translation quality.
NAT-096,natural_language,Mam,mam-Latn-GT,mam,mam,Latn,Guatemala and Mexico cells kept separate,GTM;MEX,2,60.22140121;83.12233799,90.9;99.8,82.1100006103516;95.5500030517578,27.2948879201171;48.203441619873,,,,,,,,,,,,0,,,ACE-E021,All fields are raw context or empirical-distribution proxies. OpenAlex is not an educational-material inventory; Wikimedia is not advanced-mathematics quality; country indicators are not language-specific; model benchmark support does not establish mathematical translation quality.
NAT-097,natural_language,Kaqchikel,cak-Latn-GT,cak,cak,Latn,Guatemala,GTM,1,60.22140121,90.9,82.1100006103516,27.2948879201171,,,,,,,,,,,,0,,,ACE-E021,All fields are raw context or empirical-distribution proxies. OpenAlex is not an educational-material inventory; Wikimedia is not advanced-mathematics quality; country indicators are not language-specific; model benchmark support does not establish mathematical translation quality.
NAT-098,natural_language,Mapudungun,arn-Latn-CL,arn,arn,Latn,Chile and separately Argentina,ARG;CHL,2,89.66715228;95.590243,98.4;99,99.1399993896484;,107.822574129434;110.176902770996,,,,,,,,,,,,0,,,ACE-E021,All fields are raw context or empirical-distribution proxies. OpenAlex is not an educational-material inventory; Wikimedia is not advanced-mathematics quality; country indicators are not language-specific; model benchmark support does not establish mathematical translation quality.
NAT-099,natural_language,Wayuunaiki,guc-Latn-CO,guc,guc,Latn,Colombia and Venezuela cells kept separate,COL,1,79.34543299,98.9,95.3399963378906,59.2901382446289,,,,,,,,,,,,0,,,ACE-E021,All fields are raw context or empirical-distribution proxies. OpenAlex is not an educational-material inventory; Wikimedia is not advanced-mathematics quality; country indicators are not language-specific; model benchmark support does not establish mathematical translation quality.
NAT-100,natural_language,Eastern Huasteca Nahuatl,nhe-Latn-MX,nhe,nhe,Latn,Mexico exact municipalities pending,MEX,1,83.12233799,99.8,95.5500030517578,48.203441619873,,,,,,,,,,,,0,,,ACE-E021,All fields are raw context or empirical-distribution proxies. OpenAlex is not an educational-material inventory; Wikimedia is not advanced-mathematics quality; country indicators are not language-specific; model benchmark support does not establish mathematical translation quality.
NAT-101,natural_language,Eastern Canadian Inuktitut syllabics profile,iu-Cans-CA,iu,iku,Cans,Canada exact region pending,CAN,1,94.353302,100,,76.2666931152344,,,,,,iu,425,29,0,0,0,0,,,ACE-E020;ACE-E021,All fields are raw context or empirical-distribution proxies. OpenAlex is not an educational-material inventory; Wikimedia is not advanced-mathematics quality; country indicators are not language-specific; model benchmark support does not establish mathematical translation quality.
NAT-102,natural_language,Inuinnaqtun Roman profile,ikt-Latn-CA,ikt,ikt,Latn,Canada exact region pending,CAN,1,94.353302,100,,76.2666931152344,,,,,,,,,,,,0,,,ACE-E021,All fields are raw context or empirical-distribution proxies. OpenAlex is not an educational-material inventory; Wikimedia is not advanced-mathematics quality; country indicators are not language-specific; model benchmark support does not establish mathematical translation quality.
NAT-103,natural_language,Greenlandic,kl-Latn-GL,kl,kal,Latn,Greenland,GRL,1,,100,,,,,,,,kl,0,5,0,0,0,0,,,ACE-E020;ACE-E021,All fields are raw context or empirical-distribution proxies. OpenAlex is not an educational-material inventory; Wikimedia is not advanced-mathematics quality; country indicators are not language-specific; model benchmark support does not establish mathematical translation quality.
NAT-104,natural_language,Plains Cree,crk-Cans-CA,crk,crk,Cans,Canada exact communities pending,CAN,1,94.353302,100,,76.2666931152344,,,,,,,,,,,,0,,,ACE-E021,All fields are raw context or empirical-distribution proxies. OpenAlex is not an educational-material inventory; Wikimedia is not advanced-mathematics quality; country indicators are not language-specific; model benchmark support does not establish mathematical translation quality.
NAT-105,natural_language,Maori,mi-Latn-NZ,mi,mri,Latn,New Zealand,NZL,1,93.51930237,100,,77.2406463623047,mi,1,0,0,0.916667,mi,8066,31,0,0,0,1,Low,Waikato-Ngapuhi,ACE-E023;ACE-E020;ACE-E022;ACE-E021,All fields are raw context or empirical-distribution proxies. OpenAlex is not an educational-material inventory; Wikimedia is not advanced-mathematics quality; country indicators are not language-specific; model benchmark support does not establish mathematical translation quality.
NAT-106,natural_language,Samoan,sm-Latn-WS,sm,smo,Latn,Samoa and separately American Samoa or diaspora,ASM;WSM,2,;,;100,;97.9899978637695,;16.0263900756836,,,,,,sm,1207,15,0,0,0,1,Low,,ACE-E020;ACE-E022;ACE-E021,All fields are raw context or empirical-distribution proxies. OpenAlex is not an educational-material inventory; Wikimedia is not advanced-mathematics quality; country indicators are not language-specific; model benchmark support does not establish mathematical translation quality.
NAT-107,natural_language,Tok Pisin,tpi-Latn-PG,tpi,tpi,Latn,Papua New Guinea,PNG,1,18.81159973,43.3,87.0046890533686,,,,,,,,,,,,,1,Low,,ACE-E022;ACE-E021,All fields are raw context or empirical-distribution proxies. OpenAlex is not an educational-material inventory; Wikimedia is not advanced-mathematics quality; country indicators are not language-specific; model benchmark support does not establish mathematical translation quality.
NAT-108,natural_language,Bislama,bi-Latn-VU,bi,bis,Latn,Vanuatu,VUT,1,,65.5,87.9599990844727,,,,,,,bi,1489,21,0,0,0,0,,,ACE-E020;ACE-E021,All fields are raw context or empirical-distribution proxies. OpenAlex is not an educational-material inventory; Wikimedia is not advanced-mathematics quality; country indicators are not language-specific; model benchmark support does not establish mathematical translation quality.
NAT-109,natural_language,Welsh,cy-Latn-GB,cy,cym,Latn,Wales,GBR,1,95.4720993,100,,80.4146499633789,cy,21,3,0,0.601852,cy,284540,173,25,0,16608,1,Low,Y Wyndodeg,ACE-E023;ACE-E020;ACE-E022;ACE-E021,All fields are raw context or empirical-distribution proxies. OpenAlex is not an educational-material inventory; Wikimedia is not advanced-mathematics quality; country indicators are not language-specific; model benchmark support does not establish mathematical translation quality.
NAT-110,natural_language,Basque,eu-Latn-ES,eu,eus,Latn,Basque Country exact territory cells,ESP,1,95.7574516,100,99.6999969482422,93.7689666748047,eu,283,77,2,0.175926,eu,494190,420,2246,0,1547,1,High,,ACE-E023;ACE-E020;ACE-E022;ACE-E021,All fields are raw context or empirical-distribution proxies. OpenAlex is not an educational-material inventory; Wikimedia is not advanced-mathematics quality; country indicators are not language-specific; model benchmark support does not establish mathematical translation quality.
NAT-111,natural_language,Yiddish,yi-Hebr,yi,yid,Hebr,Exact diaspora territories modeled separately,,0,,,,,yi,134,22,0,0.305556,yi,15778,41,0,0,2639,0,,,ACE-E023;ACE-E020,All fields are raw context or empirical-distribution proxies. OpenAlex is not an educational-material inventory; Wikimedia is not advanced-mathematics quality; country indicators are not language-specific; model benchmark support does not establish mathematical translation quality.
NAT-112,natural_language,Low German,nds-Latn-DE,nds,nds,Latn,Germany and separately diaspora,DEU,1,93.49999579,100,,76.7096862792969,,,,,,,,,,,,0,,,ACE-E021,All fields are raw context or empirical-distribution proxies. OpenAlex is not an educational-material inventory; Wikimedia is not advanced-mathematics quality; country indicators are not language-specific; model benchmark support does not establish mathematical translation quality.
NAT-113,natural_language,Faroese,fo-Latn-FO,fo,fao,Latn,Faroe Islands,FRO,1,,100,,,,,,,,fo,14221,52,0,0,79,1,Low,,ACE-E020;ACE-E022;ACE-E021,All fields are raw context or empirical-distribution proxies. OpenAlex is not an educational-material inventory; Wikimedia is not advanced-mathematics quality; country indicators are not language-specific; model benchmark support does not establish mathematical translation quality.
NAT-114,natural_language,Scottish Gaelic,gd-Latn-GB,gd,gla,Latn,Scotland,GBR,1,95.4720993,100,,80.4146499633789,gd,8,1,0,0.768519,gd,16063,39,0,0,0,1,Low,Northern Hebrides,ACE-E023;ACE-E020;ACE-E022;ACE-E021,All fields are raw context or empirical-distribution proxies. OpenAlex is not an educational-material inventory; Wikimedia is not advanced-mathematics quality; country indicators are not language-specific; model benchmark support does not establish mathematical translation quality.
NAT-115,natural_language,Breton,br-Latn-FR,br,bre,Latn,Brittany France,FRA,1,88.65381638,100,,71.5346908569336,br,11,1,0,0.768519,br,91571,113,0,0,10540,0,,,ACE-E023;ACE-E020;ACE-E021,All fields are raw context or empirical-distribution proxies. OpenAlex is not an educational-material inventory; Wikimedia is not advanced-mathematics quality; country indicators are not language-specific; model benchmark support does not establish mathematical translation quality.
NAT-116,natural_language,Sardinian,sc-Latn-IT,sc,srd,Latn,Sardinia exact standard pending,ITA,1,89.2207202,100,99.3499984741211,75.9496536254883,,,,,,sc,7837,40,0,0,0,1,Low,Logudorese and Campidanese,ACE-E020;ACE-E022;ACE-E021,All fields are raw context or empirical-distribution proxies. OpenAlex is not an educational-material inventory; Wikimedia is not advanced-mathematics quality; country indicators are not language-specific; model benchmark support does not establish mathematical translation quality.
NAT-117,natural_language,Friulian,fur-Latn-IT,fur,fur,Latn,Friuli Italy,ITA,1,89.2207202,100,99.3499984741211,75.9496536254883,,,,,,,,,,,,1,Low,Central,ACE-E022;ACE-E021,All fields are raw context or empirical-distribution proxies. OpenAlex is not an educational-material inventory; Wikimedia is not advanced-mathematics quality; country indicators are not language-specific; model benchmark support does not establish mathematical translation quality.
NAT-118,natural_language,Romansh,rm-Latn-CH,rm,roh,Latn,Switzerland exact idiom or Rumantsch Grischun pending,CHE,1,97.32103855,100,,73.5430526733398,rm,8,0,0,0.916667,rm,3876,35,0,0,0,0,,,ACE-E023;ACE-E020;ACE-E021,All fields are raw context or empirical-distribution proxies. OpenAlex is not an educational-material inventory; Wikimedia is not advanced-mathematics quality; country indicators are not language-specific; model benchmark support does not establish mathematical translation quality.
NAT-119,natural_language,North Sami,se-Latn,se,sme,Latn,Norway Sweden and Finland cells kept separate,FIN;NOR;SWE,3,93.72405196;99;95.76629783,100;100;100,;;,110.304496765137;95.4987564086914;83.9988098144531,,,,,,se,7907,20,0,0,0,0,,,ACE-E020;ACE-E021,All fields are raw context or empirical-distribution proxies. OpenAlex is not an educational-material inventory; Wikimedia is not advanced-mathematics quality; country indicators are not language-specific; model benchmark support does not establish mathematical translation quality.
NAT-120,natural_language,Scots,sco-Latn-GB,sco,sco,Latn,Scotland,GBR,1,95.4720993,100,,80.4146499633789,,,,,,,,,,,,0,,,ACE-E021,All fields are raw context or empirical-distribution proxies. OpenAlex is not an educational-material inventory; Wikimedia is not advanced-mathematics quality; country indicators are not language-specific; model benchmark support does not establish mathematical translation quality.
NAT-121,natural_language,Bahasa Indonesia,id-Latn-ID,id,ind,Latn,Indonesia,IDN,1,72.78075544,99.9,96,44.8813034886441,id,56926,32350,126,0.009259,id,792764,4612,5588,0,14028,1,High,,ACE-E023;ACE-E020;ACE-E022;ACE-E021,All fields are raw context or empirical-distribution proxies. OpenAlex is not an educational-material inventory; Wikimedia is not advanced-mathematics quality; country indicators are not language-specific; model benchmark support does not establish mathematical translation quality.
IL-ISV,constructed_bridge,Interslavic constructed bridge,isv-Latn plus separately rendered isv-Cyrl,isv,isv,Cyrl,declared Slavic cohorts only,,0,,,,,,,,,,,,,,,,0,,,,All fields are raw context or empirical-distribution proxies. OpenAlex is not an educational-material inventory; Wikimedia is not advanced-mathematics quality; country indicators are not language-specific; model benchmark support does not establish mathematical translation quality.
IL-ROM,pluricentric_shared_core,Romance semantic core with named localized editions,es;pt-BR;fr;it;ro;ca and other separately named outputs,es;pt,,,named Romance-language territories,,0,,,,,,,,,,,,,,,,0,,,,All fields are raw context or empirical-distribution proxies. OpenAlex is not an educational-material inventory; Wikimedia is not advanced-mathematics quality; country indicators are not language-specific; model benchmark support does not establish mathematical translation quality.
IL-TURKIC,natural_intercomprehension_reuse,Turkic branch-level reuse,separate Oghuz Kipchak and Karluk named outputs,separate oghuz kipchak and karluk named outputs,,,exact language territories,,0,,,,,,,,,,,,,,,,0,,,,All fields are raw context or empirical-distribution proxies. OpenAlex is not an educational-material inventory; Wikimedia is not advanced-mathematics quality; country indicators are not language-specific; model benchmark support does not establish mathematical translation quality.
IL-GERM,natural_intercomprehension_reuse,Targeted Germanic reuse,Dutch-Afrikaans pair first; other residual communities separately,dutch,,,exact language and diaspora cells,,0,,,,,,,,,,,,,,,,0,,,,All fields are raw context or empirical-distribution proxies. OpenAlex is not an educational-material inventory; Wikimedia is not advanced-mathematics quality; country indicators are not language-specific; model benchmark support does not establish mathematical translation quality.
IL-IDMS,pluricentric_shared_core,Indonesian-Malaysian Malay package,id-Latn-ID and ms-Latn-MY with optional named Jawi derivatives,id,ind,Latn,Indonesia Malaysia and Brunei cells separate,IDN;MYS;BRN,3,72.78075544;98.0206059;96.29828801,99.9;100;100,96;95.7699966430664;,44.8813034886441;38.5013945445142;36.4182725443167,id,56926,32350,126,,id,792764,4612,5588,0,14028,1,High,,ACE-E023;ACE-E020;ACE-E022;ACE-E021,All fields are raw context or empirical-distribution proxies. OpenAlex is not an educational-material inventory; Wikimedia is not advanced-mathematics quality; country indicators are not language-specific; model benchmark support does not establish mathematical translation quality.
IL-SCAND,natural_intercomprehension_reuse,Mainland Scandinavian localized package,da-DK;nb-NO;nn-NO;sv-SE,da,dan,,Denmark Norway Sweden,DNK;NOR;SWE,3,99.76915157;99;95.76629783,100;100;100,;;,78.9604110717773;95.4987564086914;83.9988098144531,da,510,154,8,,da,315516,1521,1340,0,3975,1,High,,ACE-E023;ACE-E020;ACE-E022;ACE-E021,All fields are raw context or empirical-distribution proxies. OpenAlex is not an educational-material inventory; Wikimedia is not advanced-mathematics quality; country indicators are not language-specific; model benchmark support does not establish mathematical translation quality.
IL-AR,pluricentric_shared_core,Modern Standard Arabic plus dialect scaffolds,complete ar base plus named regional plain-language audio and glossary layers,complete ar base plus named regional plain,,,Arabic-using territories modeled separately,,0,,,,,,,,,,,,,,,,0,,,,All fields are raw context or empirical-distribution proxies. OpenAlex is not an educational-material inventory; Wikimedia is not advanced-mathematics quality; country indicators are not language-specific; model benchmark support does not establish mathematical translation quality.
IL-PDT,pluricentric_shared_core,Persian-Dari-Tajik package,fa-IR;prs-Arab-AF;tg-Cyrl-TJ,fa,fas,Arab,Iran Afghanistan Tajikistan and displaced cells separate,AFG;TJK;IRN,3,16.09499931;55.79339981;85.3404007,87.8;99.9;100,37.2700004577637;;88.9168161136597,10.85435962677;35.6398418742497;58.6838607788086,fa,424,146,4,,fa,1086831,7863,3567,0,33885,0,,,ACE-E023;ACE-E020;ACE-E021,All fields are raw context or empirical-distribution proxies. OpenAlex is not an educational-material inventory; Wikimedia is not advanced-mathematics quality; country indicators are not language-specific; model benchmark support does not establish mathematical translation quality.
IL-BCMS,pluricentric_shared_core,BCMS common source with named standards,bs-Latn;hr-Latn;cnr-Latn;sr-Latn;sr-Cyrl,bs,bos,Cyrl,Bosnia and Herzegovina Croatia Montenegro Serbia,BIH;MNE;HRV;SRB,4,86.10091103;88.88258428;83.63240029;87.69071294,100;100;100;100,;98.5299987792969;;99.3399963378906,45.5027618408203;55.1743011474609;81.1775207519531;70.582649230957,bs,73,34,1,,bs,98657,303,33,0,646,0,,,ACE-E023;ACE-E020;ACE-E021,All fields are raw context or empirical-distribution proxies. OpenAlex is not an educational-material inventory; Wikimedia is not advanced-mathematics quality; country indicators are not language-specific; model benchmark support does not establish mathematical translation quality.
IL-HU,dual_script_register,Hindi-Urdu shared semantic and term graph,hi-Deva-IN;ur-Arab-PK;ur-Arab-IN,hi,hin,Deva,India Pakistan and diaspora cells separate,PAK;IND,2,57.253;70,95.7;99.9,58.8600006103516;78.1625330351403,10.8564126844434;34.4465039692543,hi,162,119,0,,hi,170977,982,1283,335,6050,1,High,,ACE-E023;ACE-E020;ACE-E022;ACE-E021,All fields are raw context or empirical-distribution proxies. OpenAlex is not an educational-material inventory; Wikimedia is not advanced-mathematics quality; country indicators are not language-specific; model benchmark support does not establish mathematical translation quality.
IL-PUNJABI,dual_script_register,Punjabi synchronized two-script package,pa-Guru-IN;pnb-Arab-PK,pa,pan,Guru,India and Pakistan,PAK;IND,2,57.253;70,95.7;99.9,58.8600006103516;78.1625330351403,10.8564126844434;34.4465039692543,pa,3,1,0,,pa,59689,113,78,0,2529,1,Low,Majhi,ACE-E023;ACE-E020;ACE-E022;ACE-E021,All fields are raw context or empirical-distribution proxies. OpenAlex is not an educational-material inventory; Wikimedia is not advanced-mathematics quality; country indicators are not language-specific; model benchmark support does not establish mathematical translation quality.
IL-NGUNI,pluricentric_shared_core,Nguni harmonized core with named standards,zu-Latn-ZA;xh-Latn-ZA;ss-Latn-ZA;nr-Latn-ZA,zu,zul,Latn,South Africa and neighboring-country cells separate,ZAF,1,78.35759735,90.2,91.1500015258789,23.493768799339,,,,,,zu,12575,67,1,0,0,1,High,,ACE-E020;ACE-E022;ACE-E021,All fields are raw context or empirical-distribution proxies. OpenAlex is not an educational-material inventory; Wikimedia is not advanced-mathematics quality; country indicators are not language-specific; model benchmark support does not establish mathematical translation quality.
IL-SOTHO,pluricentric_shared_core,Sotho-Tswana harmonized core with named standards,nso-Latn-ZA;tn-Latn-ZA;st-Latn-ZA and locale layers,nso,nso,Latn,South Africa Botswana Lesotho cells separate,ZAF;BWA;LSO,3,78.35759735;57.45950036;51.79660034,90.2;80.2;60.6,91.1500015258789;;90.4499969482422,23.493768799339;21.4087908549348;9.93844298033582,,,,,,,,,,,,1,Low,,ACE-E022;ACE-E021,All fields are raw context or empirical-distribution proxies. OpenAlex is not an educational-material inventory; Wikimedia is not advanced-mathematics quality; country indicators are not language-specific; model benchmark support does not establish mathematical translation quality.
IL-MANDING,pluricentric_shared_core,Manding named standards plus N'Ko derivative,bm-Latn-ML;man-Latn;dyu-Latn-CI plus named N'Ko outputs,bm,bam,Latn,Mali Guinea Cote d'Ivoire and other exact cells,CIV;GIN;MLI,3,41.43219902;33.30469894;36.80149841,72.9;53.8;49.5,50;39.6199989318848;35.6300010681152,12.3354902267456;;,,,,,,bm,930,14,0,0,0,1,Low,,ACE-E020;ACE-E022;ACE-E021,All fields are raw context or empirical-distribution proxies. OpenAlex is not an educational-material inventory; Wikimedia is not advanced-mathematics quality; country indicators are not language-specific; model benchmark support does not establish mathematical translation quality.
IL-SQUECHUA,pluricentric_shared_core,Southern Quechua shared semantic core,quy-Latn-PE;quz-Latn-PE;quh-Latn-BO,quy,quy,Latn,Peru and Bolivia exact cells,BOL;PER,2,79.70469666;81.95705992,96.6;96.5,96.7300033569336;93.6600036621094,;,,,,,,,,,,,,1,Low,Southern Quechua,ACE-E022;ACE-E021,All fields are raw context or empirical-distribution proxies. OpenAlex is not an educational-material inventory; Wikimedia is not advanced-mathematics quality; country indicators are not language-specific; model benchmark support does not establish mathematical translation quality.
ACC-001,accessibility,Semantic HTML with MathML,all selected language editions,all selected language editions,,,global target-language cells,,0,,,,,,,,,,,,,,,,0,,,,All fields are raw context or empirical-distribution proxies. OpenAlex is not an educational-material inventory; Wikimedia is not advanced-mathematics quality; country indicators are not language-specific; model benchmark support does not establish mathematical translation quality.
ACC-002,accessibility,Tagged searchable PDF,all selected language editions,all selected language editions,,,global target-language cells,,0,,,,,,,,,,,,,,,,0,,,,All fields are raw context or empirical-distribution proxies. OpenAlex is not an educational-material inventory; Wikimedia is not advanced-mathematics quality; country indicators are not language-specific; model benchmark support does not establish mathematical translation quality.
ACC-003,accessibility,Offline EPUB or SCORM package,all selected language editions,all selected language editions,,,low-connectivity and institutional cells,,0,,,,,,,,,,,,,,,,0,,,,All fields are raw context or empirical-distribution proxies. OpenAlex is not an educational-material inventory; Wikimedia is not advanced-mathematics quality; country indicators are not language-specific; model benchmark support does not establish mathematical translation quality.
ACC-004,accessibility,Low-bandwidth static HTML bundle,all selected language editions,all selected language editions,,,expensive slow or unstable connection cells,,0,,,,,,,,,,,,,,,,0,,,,All fields are raw context or empirical-distribution proxies. OpenAlex is not an educational-material inventory; Wikimedia is not advanced-mathematics quality; country indicators are not language-specific; model benchmark support does not establish mathematical translation quality.
ACC-005,accessibility,Formula narration and audio,all selected language editions,all selected language editions,,,blind low-literacy and audio-learning cells,,0,,,,,,,,,,,,,,,,0,,,,All fields are raw context or empirical-distribution proxies. OpenAlex is not an educational-material inventory; Wikimedia is not advanced-mathematics quality; country indicators are not language-specific; model benchmark support does not establish mathematical translation quality.
ACC-006,accessibility,Plain-language companion,all selected language editions,all selected language editions,,,cognitive and second-language literacy cells,,0,,,,,,,,,,,,,,,,0,,,,All fields are raw context or empirical-distribution proxies. OpenAlex is not an educational-material inventory; Wikimedia is not advanced-mathematics quality; country indicators are not language-specific; model benchmark support does not establish mathematical translation quality.
ACC-007,accessibility,Logic figure remediation,Open Logic selected editions,open logic selected editions,,,nonvisual formal-reasoning cells,,0,,,,,,,,,,,,,,,,0,,,,All fields are raw context or empirical-distribution proxies. OpenAlex is not an educational-material inventory; Wikimedia is not advanced-mathematics quality; country indicators are not language-specific; model benchmark support does not establish mathematical translation quality.
ACC-008,accessibility,Mathematics figure remediation,OpenStax mathematics selected editions,openstax mathematics selected editions,,,nonvisual quantitative-learning cells,,0,,,,,,,,,,,,,,,,0,,,,All fields are raw context or empirical-distribution proxies. OpenAlex is not an educational-material inventory; Wikimedia is not advanced-mathematics quality; country indicators are not language-specific; model benchmark support does not establish mathematical translation quality.
ACC-009,accessibility,Science figure remediation,OpenStax science selected editions,openstax science selected editions,,,nonvisual science-learning cells,,0,,,,,,,,,,,,,,,,0,,,,All fields are raw context or empirical-distribution proxies. OpenAlex is not an educational-material inventory; Wikimedia is not advanced-mathematics quality; country indicators are not language-specific; model benchmark support does not establish mathematical translation quality.
ACC-010,accessibility,Aligned bilingual edition,selected target plus exact academic-lingua-franca pair,selected target plus exact academic,,,transitioning bilingual learner cells,,0,,,,,,,,,,,,,,,,0,,,,All fields are raw context or empirical-distribution proxies. OpenAlex is not an educational-material inventory; Wikimedia is not advanced-mathematics quality; country indicators are not language-specific; model benchmark support does not establish mathematical translation quality.
ACC-011,accessibility,Locale-specific Braille mathematics,selected language and exact Braille code,selected language and exact braille code,,,Braille-reading cells,,0,,,,,,,,,,,,,,,,0,,,,All fields are raw context or empirical-distribution proxies. OpenAlex is not an educational-material inventory; Wikimedia is not advanced-mathematics quality; country indicators are not language-specific; model benchmark support does not establish mathematical translation quality.
ACC-012,signed_language_access,Indian Sign Language mathematics video,ins,ins,ins,,India,IND,1,70,99.9,78.1625330351403,34.4465039692543,,,,,,,,,,,,0,,,ACE-E021,All fields are raw context or empirical-distribution proxies. OpenAlex is not an educational-material inventory; Wikimedia is not advanced-mathematics quality; country indicators are not language-specific; model benchmark support does not establish mathematical translation quality.
ACC-013,signed_language_access,Bangla Sign Language mathematics video,bds,bds,bds,,Bangladesh,BGD,1,53.42171316,99.5,79,23.7295608009814,,,,,,,,,,,,0,,,ACE-E021,All fields are raw context or empirical-distribution proxies. OpenAlex is not an educational-material inventory; Wikimedia is not advanced-mathematics quality; country indicators are not language-specific; model benchmark support does not establish mathematical translation quality.
ACC-014,signed_language_access,Pakistan Sign Language mathematics video,pks,pks,pks,,Pakistan,PAK,1,57.253,95.7,58.8600006103516,10.8564126844434,,,,,,,,,,,,0,,,ACE-E021,All fields are raw context or empirical-distribution proxies. OpenAlex is not an educational-material inventory; Wikimedia is not advanced-mathematics quality; country indicators are not language-specific; model benchmark support does not establish mathematical translation quality.
ACC-015,signed_language_access,Nigerian Sign Language mathematics video,nsi,nsi,nsi,,Nigeria,NGA,1,41.21139908,62.5,70.4100036621094,,,,,,,,,,,,,0,,,ACE-E021,All fields are raw context or empirical-distribution proxies. OpenAlex is not an educational-material inventory; Wikimedia is not advanced-mathematics quality; country indicators are not language-specific; model benchmark support does not establish mathematical translation quality.
ACC-016,signed_language_access,Brazilian Sign Language mathematics video,bzs,bzs,bzs,,Brazil,BRA,1,84.46347227,99.8,94.7399978637695,69.7317733764648,,,,,,,,,,,,0,,,ACE-E021,All fields are raw context or empirical-distribution proxies. OpenAlex is not an educational-material inventory; Wikimedia is not advanced-mathematics quality; country indicators are not language-specific; model benchmark support does not establish mathematical translation quality.
CMP-ID-ID,natural_language_completion,Indonesian Open Logic completion,id-Latn-ID,id,ind,Latn,Indonesia,IDN,1,72.78075544,99.9,96,44.8813034886441,id,56926,32350,126,0.009259,id,792764,4612,5588,0,14028,1,High,,ACE-E023;ACE-E020;ACE-E022;ACE-E021,All fields are raw context or empirical-distribution proxies. OpenAlex is not an educational-material inventory; Wikimedia is not advanced-mathematics quality; country indicators are not language-specific; model benchmark support does not establish mathematical translation quality.
OBS-POP-SN-AFG-002,natural_language,Pulaar,fuc-Latn-SN,fuc,fuc,Latn,Senegal,SEN,1,60.11780167,82.9,50.3600006103516,15.3302400879779,,,,,,,,,,,,0,,,ACE-E021,All fields are raw context or empirical-distribution proxies. OpenAlex is not an educational-material inventory; Wikimedia is not advanced-mathematics quality; country indicators are not language-specific; model benchmark support does not establish mathematical translation quality.
OBS-POP-SN-AFG-005,natural_language,Màndienka,mnk-Latn-SN,mnk,mnk,Latn,Senegal,SEN,1,60.11780167,82.9,50.3600006103516,15.3302400879779,,,,,,,,,,,,0,,,ACE-E021,All fields are raw context or empirical-distribution proxies. OpenAlex is not an educational-material inventory; Wikimedia is not advanced-mathematics quality; country indicators are not language-specific; model benchmark support does not establish mathematical translation quality.
OBS-GRG-US-001,natural_language,Central Yupik,esu-Latn-US,esu,esu,Latn,United States,USA,1,94.69380188,100,,79.361930847168,,,,,,,,,,,,0,,,ACE-E021,All fields are raw context or empirical-distribution proxies. OpenAlex is not an educational-material inventory; Wikimedia is not advanced-mathematics quality; country indicators are not language-specific; model benchmark support does not establish mathematical translation quality.
OBS-GRG-US-002,natural_language,Western Apache,apw-Latn-US,apw,apw,Latn,United States,USA,1,94.69380188,100,,79.361930847168,,,,,,,,,,,,0,,,ACE-E021,All fields are raw context or empirical-distribution proxies. OpenAlex is not an educational-material inventory; Wikimedia is not advanced-mathematics quality; country indicators are not language-specific; model benchmark support does not establish mathematical translation quality.
OBS-GRG-US-003,natural_language,Navajo,nv-Latn-US,nv,nav,Latn,United States,USA,1,94.69380188,100,,79.361930847168,,,,,,nv,22667,21,0,0,0,0,,,ACE-E020;ACE-E021,All fields are raw context or empirical-distribution proxies. OpenAlex is not an educational-material inventory; Wikimedia is not advanced-mathematics quality; country indicators are not language-specific; model benchmark support does not establish mathematical translation quality.
OBS-GRG-US-004,natural_language,Eastern Keres,kee-Zzzz-US target profile; script unresolved by population source,kee,kee,Zzzz,United States,USA,1,94.69380188,100,,79.361930847168,,,,,,,,,,,,0,,,ACE-E021,All fields are raw context or empirical-distribution proxies. OpenAlex is not an educational-material inventory; Wikimedia is not advanced-mathematics quality; country indicators are not language-specific; model benchmark support does not establish mathematical translation quality.
OBS-GRG-US-005,natural_language,Lakota,lkt-Latn-US,lkt,lkt,Latn,United States,USA,1,94.69380188,100,,79.361930847168,,,,,,,,,,,,0,,,ACE-E021,All fields are raw context or empirical-distribution proxies. OpenAlex is not an educational-material inventory; Wikimedia is not advanced-mathematics quality; country indicators are not language-specific; model benchmark support does not establish mathematical translation quality.
OBS-GRG-US-006,natural_language,Choctaw,cho-Latn-US,cho,cho,Latn,United States,USA,1,94.69380188,100,,79.361930847168,,,,,,,,,,,,0,,,ACE-E021,All fields are raw context or empirical-distribution proxies. OpenAlex is not an educational-material inventory; Wikimedia is not advanced-mathematics quality; country indicators are not language-specific; model benchmark support does not establish mathematical translation quality.
OBS-GRG-US-007,natural_language,Cherokee,chr-Cher-US,chr,chr,Cher,United States,USA,1,94.69380188,100,,79.361930847168,,,,,,,,,,,,0,,,ACE-E021,All fields are raw context or empirical-distribution proxies. OpenAlex is not an educational-material inventory; Wikimedia is not advanced-mathematics quality; country indicators are not language-specific; model benchmark support does not establish mathematical translation quality.
OBS-GRG-US-008,natural_language,Zuni,zun-Latn-US,zun,zun,Latn,United States,USA,1,94.69380188,100,,79.361930847168,,,,,,,,,,,,0,,,ACE-E021,All fields are raw context or empirical-distribution proxies. OpenAlex is not an educational-material inventory; Wikimedia is not advanced-mathematics quality; country indicators are not language-specific; model benchmark support does not establish mathematical translation quality.
OBS-GRG-US-009,natural_language,Hopi,hop-Latn-US,hop,hop,Latn,United States,USA,1,94.69380188,100,,79.361930847168,,,,,,,,,,,,0,,,ACE-E021,All fields are raw context or empirical-distribution proxies. OpenAlex is not an educational-material inventory; Wikimedia is not advanced-mathematics quality; country indicators are not language-specific; model benchmark support does not establish mathematical translation quality.
OBS-GRG-US-010,natural_language,Tohono O'odham,ood-Latn-US,ood,ood,Latn,United States,USA,1,94.69380188,100,,79.361930847168,,,,,,,,,,,,0,,,ACE-E021,All fields are raw context or empirical-distribution proxies. OpenAlex is not an educational-material inventory; Wikimedia is not advanced-mathematics quality; country indicators are not language-specific; model benchmark support does not establish mathematical translation quality.
OBS-GRG-US-011,natural_language,Inupiaq,ik-Latn-US,ik,ipk,Latn,United States,USA,1,94.69380188,100,,79.361930847168,,,,,,ik,597,13,0,0,0,0,,,ACE-E020;ACE-E021,All fields are raw context or empirical-distribution proxies. OpenAlex is not an educational-material inventory; Wikimedia is not advanced-mathematics quality; country indicators are not language-specific; model benchmark support does not establish mathematical translation quality.
OBS-GRG-US-012,natural_language,Tewa,tew-Zzzz-US target profile; script unresolved by population source,tew,tew,Zzzz,United States,USA,1,94.69380188,100,,79.361930847168,,,,,,,,,,,,0,,,ACE-E021,All fields are raw context or empirical-distribution proxies. OpenAlex is not an educational-material inventory; Wikimedia is not advanced-mathematics quality; country indicators are not language-specific; model benchmark support does not establish mathematical translation quality.
OBS-GRG-US-013,natural_language,Ottawa,otw-Latn-US,otw,otw,Latn,United States,USA,1,94.69380188,100,,79.361930847168,,,,,,,,,,,,0,,,ACE-E021,All fields are raw context or empirical-distribution proxies. OpenAlex is not an educational-material inventory; Wikimedia is not advanced-mathematics quality; country indicators are not language-specific; model benchmark support does not establish mathematical translation quality.
OBS-GRG-US-014,natural_language,Crow,cro-Latn-US,cro,cro,Latn,United States,USA,1,94.69380188,100,,79.361930847168,,,,,,,,,,,,0,,,ACE-E021,All fields are raw context or empirical-distribution proxies. OpenAlex is not an educational-material inventory; Wikimedia is not advanced-mathematics quality; country indicators are not language-specific; model benchmark support does not establish mathematical translation quality.
OBS-GRG-US-015,natural_language,Dakota,dak-Latn-US,dak,dak,Latn,United States,USA,1,94.69380188,100,,79.361930847168,,,,,,,,,,,,0,,,ACE-E021,All fields are raw context or empirical-distribution proxies. OpenAlex is not an educational-material inventory; Wikimedia is not advanced-mathematics quality; country indicators are not language-specific; model benchmark support does not establish mathematical translation quality.
OBS-GRG-US-016,natural_language,Chippewa,ciw-Latn-US,ciw,ciw,Latn,United States,USA,1,94.69380188,100,,79.361930847168,,,,,,,,,,,,0,,,ACE-E021,All fields are raw context or empirical-distribution proxies. OpenAlex is not an educational-material inventory; Wikimedia is not advanced-mathematics quality; country indicators are not language-specific; model benchmark support does not establish mathematical translation quality.
OBS-GRG-US-017,natural_language,Marshallese,mh-Latn-MH,mh,mah,Latn,United States,USA,1,94.69380188,100,,79.361930847168,,,,,,mh,4,1,0,0,0,0,,,ACE-E020;ACE-E021,All fields are raw context or empirical-distribution proxies. OpenAlex is not an educational-material inventory; Wikimedia is not advanced-mathematics quality; country indicators are not language-specific; model benchmark support does not establish mathematical translation quality.
OBS-GRG-US-018,natural_language,Chuukese,chk-Latn-FM,chk,chk,Latn,United States,USA,1,94.69380188,100,,79.361930847168,,,,,,,,,,,,0,,,ACE-E021,All fields are raw context or empirical-distribution proxies. OpenAlex is not an educational-material inventory; Wikimedia is not advanced-mathematics quality; country indicators are not language-specific; model benchmark support does not establish mathematical translation quality.
OBS-GRG-US-019,natural_language,Pohnpeian,pon-Latn-FM,pon,pon,Latn,United States,USA,1,94.69380188,100,,79.361930847168,,,,,,,,,,,,0,,,ACE-E021,All fields are raw context or empirical-distribution proxies. OpenAlex is not an educational-material inventory; Wikimedia is not advanced-mathematics quality; country indicators are not language-specific; model benchmark support does not establish mathematical translation quality.
OBS-GRG-US-020,natural_language,Palauan,pau-Latn-PW,pau,pau,Latn,United States,USA,1,94.69380188,100,,79.361930847168,,,,,,,,,,,,0,,,ACE-E021,All fields are raw context or empirical-distribution proxies. OpenAlex is not an educational-material inventory; Wikimedia is not advanced-mathematics quality; country indicators are not language-specific; model benchmark support does not establish mathematical translation quality.
OBS-GRG-US-021,natural_language,Chamorro,ch-Latn-GU|ch-Latn-MP,ch,cha,Latn,United States,USA,1,94.69380188,100,,79.361930847168,,,,,,ch,583,12,0,0,0,0,,,ACE-E020;ACE-E021,All fields are raw context or empirical-distribution proxies. OpenAlex is not an educational-material inventory; Wikimedia is not advanced-mathematics quality; country indicators are not language-specific; model benchmark support does not establish mathematical translation quality.
OBS-GRG-US-022,natural_language,Kosraean,kos-Latn-FM,kos,kos,Latn,United States,USA,1,94.69380188,100,,79.361930847168,,,,,,,,,,,,0,,,ACE-E021,All fields are raw context or empirical-distribution proxies. OpenAlex is not an educational-material inventory; Wikimedia is not advanced-mathematics quality; country indicators are not language-specific; model benchmark support does not establish mathematical translation quality.
OBS-GRG-US-023,natural_language,Hawaiian,haw-Latn-US,haw,haw,Latn,United States,USA,1,94.69380188,100,,79.361930847168,,,,,,,,,,,,0,,,ACE-E021,All fields are raw context or empirical-distribution proxies. OpenAlex is not an educational-material inventory; Wikimedia is not advanced-mathematics quality; country indicators are not language-specific; model benchmark support does not establish mathematical translation quality.
OBS-GRG-US-024,natural_language,Fijian,fj-Latn-FJ,fj,fij,Latn,United States,USA,1,94.69380188,100,,79.361930847168,,,,,,fj,1726,16,0,0,0,1,Low,Bau,ACE-E020;ACE-E022;ACE-E021,All fields are raw context or empirical-distribution proxies. OpenAlex is not an educational-material inventory; Wikimedia is not advanced-mathematics quality; country indicators are not language-specific; model benchmark support does not establish mathematical translation quality.
OBS-GRG-US-025,natural_language,Haitian,ht-Latn-HT,ht,hat,Latn,United States,USA,1,94.69380188,100,,79.361930847168,,,,,,ht,72095,69,0,0,12,1,Low,,ACE-E020;ACE-E022;ACE-E021,All fields are raw context or empirical-distribution proxies. OpenAlex is not an educational-material inventory; Wikimedia is not advanced-mathematics quality; country indicators are not language-specific; model benchmark support does not establish mathematical translation quality.
OBS-GRG-US-026,natural_language,Jamaican Creole English,jam-Latn-JM,jam,jam,Latn,United States,USA,1,94.69380188,100,,79.361930847168,,,,,,,,,,,,0,,,ACE-E021,All fields are raw context or empirical-distribution proxies. OpenAlex is not an educational-material inventory; Wikimedia is not advanced-mathematics quality; country indicators are not language-specific; model benchmark support does not establish mathematical translation quality.
OBS-GRG-US-027,natural_language,Guyanese Creole English,gyn-Latn-GY,gyn,gyn,Latn,United States,USA,1,94.69380188,100,,79.361930847168,,,,,,,,,,,,0,,,ACE-E021,All fields are raw context or empirical-distribution proxies. OpenAlex is not an educational-material inventory; Wikimedia is not advanced-mathematics quality; country indicators are not language-specific; model benchmark support does not establish mathematical translation quality.
OBS-GRG-US-028,natural_language,Papiamento,pap-Latn-AW|pap-Latn-CW|pap-Latn-BQ,pap,pap,Latn,United States,USA,1,94.69380188,100,,79.361930847168,,,,,,,,,,,,1,Low,Römer-Maduro-Jonis,ACE-E022;ACE-E021,All fields are raw context or empirical-distribution proxies. OpenAlex is not an educational-material inventory; Wikimedia is not advanced-mathematics quality; country indicators are not language-specific; model benchmark support does not establish mathematical translation quality.
OBS-GRG-US-029,natural_language,Pennsylvania German,pdc-Latn-US,pdc,pdc,Latn,United States,USA,1,94.69380188,100,,79.361930847168,,,,,,,,,,,,0,,,ACE-E021,All fields are raw context or empirical-distribution proxies. OpenAlex is not an educational-material inventory; Wikimedia is not advanced-mathematics quality; country indicators are not language-specific; model benchmark support does not establish mathematical translation quality.
OBS-GRG-US-030,natural_language,Eastern Yiddish,ydd-Hebr-US,ydd,ydd,Hebr,United States,USA,1,94.69380188,100,,79.361930847168,,,,,,,,,,,,1,Low,Hasidic,ACE-E022;ACE-E021,All fields are raw context or empirical-distribution proxies. OpenAlex is not an educational-material inventory; Wikimedia is not advanced-mathematics quality; country indicators are not language-specific; model benchmark support does not establish mathematical translation quality.
OBS-GRG-US-031,natural_language,Mam,mam-Latn-GT,mam,mam,Latn,United States,USA,1,94.69380188,100,,79.361930847168,,,,,,,,,,,,0,,,ACE-E021,All fields are raw context or empirical-distribution proxies. OpenAlex is not an educational-material inventory; Wikimedia is not advanced-mathematics quality; country indicators are not language-specific; model benchmark support does not establish mathematical translation quality.
OBS-GRG-US-032,natural_language,Kiche,quc-Latn-GT,quc,quc,Latn,United States,USA,1,94.69380188,100,,79.361930847168,,,,,,,,,,,,0,,,ACE-E021,All fields are raw context or empirical-distribution proxies. OpenAlex is not an educational-material inventory; Wikimedia is not advanced-mathematics quality; country indicators are not language-specific; model benchmark support does not establish mathematical translation quality.
OBS-GRG-US-033,natural_language,Qanjobal,kjb-Latn-GT,kjb,kjb,Latn,United States,USA,1,94.69380188,100,,79.361930847168,,,,,,,,,,,,0,,,ACE-E021,All fields are raw context or empirical-distribution proxies. OpenAlex is not an educational-material inventory; Wikimedia is not advanced-mathematics quality; country indicators are not language-specific; model benchmark support does not establish mathematical translation quality.
OBS-GRG-US-034,natural_language,Yucateco,yua-Latn-MX,yua,yua,Latn,United States,USA,1,94.69380188,100,,79.361930847168,,,,,,,,,,,,0,,,ACE-E021,All fields are raw context or empirical-distribution proxies. OpenAlex is not an educational-material inventory; Wikimedia is not advanced-mathematics quality; country indicators are not language-specific; model benchmark support does not establish mathematical translation quality.
OBS-GRG-US-035,natural_language,Garifuna,cab-Latn-HN|cab-Latn-BZ|cab-Latn-GT|cab-Latn-NI,cab,cab,Latn,United States,USA,1,94.69380188,100,,79.361930847168,,,,,,,,,,,,0,,,ACE-E021,All fields are raw context or empirical-distribution proxies. OpenAlex is not an educational-material inventory; Wikimedia is not advanced-mathematics quality; country indicators are not language-specific; model benchmark support does not establish mathematical translation quality.
OBS-GRG-AU-001,natural_language,Kriol,rop-Latn-AU,rop,rop,Latn,Australia,AUS,1,96.13140106,100,,108.421989440918,,,,,,,,,,,,0,,,ACE-E021,All fields are raw context or empirical-distribution proxies. OpenAlex is not an educational-material inventory; Wikimedia is not advanced-mathematics quality; country indicators are not language-specific; model benchmark support does not establish mathematical translation quality.
OBS-GRG-AU-002,natural_language,Djambarrpuyngu,djr-Latn-AU,djr,djr,Latn,Australia,AUS,1,96.13140106,100,,108.421989440918,,,,,,,,,,,,0,,,ACE-E021,All fields are raw context or empirical-distribution proxies. OpenAlex is not an educational-material inventory; Wikimedia is not advanced-mathematics quality; country indicators are not language-specific; model benchmark support does not establish mathematical translation quality.
OBS-GRG-AU-003,natural_language,Warlpiri,wbp-Latn-AU,wbp,wbp,Latn,Australia,AUS,1,96.13140106,100,,108.421989440918,,,,,,,,,,,,0,,,ACE-E021,All fields are raw context or empirical-distribution proxies. OpenAlex is not an educational-material inventory; Wikimedia is not advanced-mathematics quality; country indicators are not language-specific; model benchmark support does not establish mathematical translation quality.
OBS-GRG-AU-004,natural_language,Murrinh Patha,mwf-Latn-AU,mwf,mwf,Latn,Australia,AUS,1,96.13140106,100,,108.421989440918,,,,,,,,,,,,0,,,ACE-E021,All fields are raw context or empirical-distribution proxies. OpenAlex is not an educational-material inventory; Wikimedia is not advanced-mathematics quality; country indicators are not language-specific; model benchmark support does not establish mathematical translation quality.
OBS-GRG-AU-005,natural_language,Alyawarr,aly-Latn-AU,aly,aly,Latn,Australia,AUS,1,96.13140106,100,,108.421989440918,,,,,,,,,,,,0,,,ACE-E021,All fields are raw context or empirical-distribution proxies. OpenAlex is not an educational-material inventory; Wikimedia is not advanced-mathematics quality; country indicators are not language-specific; model benchmark support does not establish mathematical translation quality.
OBS-GRG-AU-006,natural_language,Pitjantjatjara,pjt-Latn-AU,pjt,pjt,Latn,Australia,AUS,1,96.13140106,100,,108.421989440918,,,,,,,,,,,,0,,,ACE-E021,All fields are raw context or empirical-distribution proxies. OpenAlex is not an educational-material inventory; Wikimedia is not advanced-mathematics quality; country indicators are not language-specific; model benchmark support does not establish mathematical translation quality.
OBS-GRG-AU-007,natural_language,Gurindji,gue-Latn-AU,gue,gue,Latn,Australia,AUS,1,96.13140106,100,,108.421989440918,,,,,,,,,,,,0,,,ACE-E021,All fields are raw context or empirical-distribution proxies. OpenAlex is not an educational-material inventory; Wikimedia is not advanced-mathematics quality; country indicators are not language-specific; model benchmark support does not establish mathematical translation quality.
OBS-GRG-AU-008,natural_language,Ngarinyman,nbj-Latn-AU,nbj,nbj,Latn,Australia,AUS,1,96.13140106,100,,108.421989440918,,,,,,,,,,,,0,,,ACE-E021,All fields are raw context or empirical-distribution proxies. OpenAlex is not an educational-material inventory; Wikimedia is not advanced-mathematics quality; country indicators are not language-specific; model benchmark support does not establish mathematical translation quality.
OBS-GRG-AU-009,natural_language,Nunggubuyu,nuy-Latn-AU,nuy,nuy,Latn,Australia,AUS,1,96.13140106,100,,108.421989440918,,,,,,,,,,,,0,,,ACE-E021,All fields are raw context or empirical-distribution proxies. OpenAlex is not an educational-material inventory; Wikimedia is not advanced-mathematics quality; country indicators are not language-specific; model benchmark support does not establish mathematical translation quality.
OBS-GRG-AU-010,natural_language,Warumungu,wrm-Latn-AU,wrm,wrm,Latn,Australia,AUS,1,96.13140106,100,,108.421989440918,,,,,,,,,,,,0,,,ACE-E021,All fields are raw context or empirical-distribution proxies. OpenAlex is not an educational-material inventory; Wikimedia is not advanced-mathematics quality; country indicators are not language-specific; model benchmark support does not establish mathematical translation quality.
OBS-GRG-PL-001,natural_language,Polish,pl-Latn-PL,pl,pol,Latn,Poland,POL,1,88.58496367,100,,80.9149627685547,pl,3353,1073,123,0.083333,pl,1705561,8744,7228,0,1320347,1,High,,ACE-E023;ACE-E020;ACE-E022;ACE-E021,All fields are raw context or empirical-distribution proxies. OpenAlex is not an educational-material inventory; Wikimedia is not advanced-mathematics quality; country indicators are not language-specific; model benchmark support does not establish mathematical translation quality.
OBS-GRG-PL-002,natural_language,Silesian,szl-Latn-PL,szl,szl,Latn,Poland,POL,1,88.58496367,100,,80.9149627685547,,,,,,,,,,,,1,Low,,ACE-E022;ACE-E021,All fields are raw context or empirical-distribution proxies. OpenAlex is not an educational-material inventory; Wikimedia is not advanced-mathematics quality; country indicators are not language-specific; model benchmark support does not establish mathematical translation quality.
OBS-GRG-PL-003,natural_language,German,de-Latn,de,deu,Latn,Poland,POL,1,88.58496367,100,,80.9149627685547,de,89181,18872,1086,0.027778,de,3146191,33047,34336,78207,653029,1,High,,ACE-E023;ACE-E020;ACE-E022;ACE-E021,All fields are raw context or empirical-distribution proxies. OpenAlex is not an educational-material inventory; Wikimedia is not advanced-mathematics quality; country indicators are not language-specific; model benchmark support does not establish mathematical translation quality.
OBS-GRG-PL-004,natural_language,Kashubian,csb-Latn-PL,csb,csb,Latn,Poland,POL,1,88.58496367,100,,80.9149627685547,,,,,,,,,,,,0,,,ACE-E021,All fields are raw context or empirical-distribution proxies. OpenAlex is not an educational-material inventory; Wikimedia is not advanced-mathematics quality; country indicators are not language-specific; model benchmark support does not establish mathematical translation quality.
OBS-GRG-PL-005,natural_language,Czech,cs-Latn-CZ,cs,ces,Latn,Poland,POL,1,88.58496367,100,,80.9149627685547,cs,6135,2637,15,0.064815,cs,597354,3926,1579,4558,62433,1,High,,ACE-E023;ACE-E020;ACE-E022;ACE-E021,All fields are raw context or empirical-distribution proxies. OpenAlex is not an educational-material inventory; Wikimedia is not advanced-mathematics quality; country indicators are not language-specific; model benchmark support does not establish mathematical translation quality.
OBS-GRG-PL-006,natural_language,Ukrainian,uk-Cyrl-UA,uk,ukr,Cyrl,Poland,POL,1,88.58496367,100,,80.9149627685547,uk,5061,4441,1506,0.046296,uk,1432296,4805,1160,0,400530,1,High,,ACE-E023;ACE-E020;ACE-E022;ACE-E021,All fields are raw context or empirical-distribution proxies. OpenAlex is not an educational-material inventory; Wikimedia is not advanced-mathematics quality; country indicators are not language-specific; model benchmark support does not establish mathematical translation quality.
OBS-GRG-PL-007,natural_language,Byelorussian,be-Cyrl-BY,be,bel,Cyrl,Poland,POL,1,88.58496367,100,,80.9149627685547,be,2,2,0,0.666667,be,265832,355,187,0,30284,1,Low,Central,ACE-E023;ACE-E020;ACE-E022;ACE-E021,All fields are raw context or empirical-distribution proxies. OpenAlex is not an educational-material inventory; Wikimedia is not advanced-mathematics quality; country indicators are not language-specific; model benchmark support does not establish mathematical translation quality.
OBS-GRG-PL-008,signed_language_access,Polish Sign Language,pso-Zzzz-PL target profile; script unresolved by population source,pso,pso,Zzzz,Poland,POL,1,88.58496367,100,,80.9149627685547,,,,,,,,,,,,0,,,ACE-E021,All fields are raw context or empirical-distribution proxies. OpenAlex is not an educational-material inventory; Wikimedia is not advanced-mathematics quality; country indicators are not language-specific; model benchmark support does not establish mathematical translation quality.
OBS-GRG-PL-009,natural_language,Lemko,und-Zzzz-PL target profile; script unresolved by population source,und,und,Zzzz,Poland,POL,1,88.58496367,100,,80.9149627685547,,,,,,,,,,,,0,,,ACE-E021,All fields are raw context or empirical-distribution proxies. OpenAlex is not an educational-material inventory; Wikimedia is not advanced-mathematics quality; country indicators are not language-specific; model benchmark support does not establish mathematical translation quality.
OBS-GRG-PL-010,natural_language,Lithuanian,lt-Latn-LT,lt,lit,Latn,Poland,POL,1,88.58496367,100,,80.9149627685547,lt,391,180,2,0.157407,lt,226646,555,3571,0,1802,1,High,,ACE-E023;ACE-E020;ACE-E022;ACE-E021,All fields are raw context or empirical-distribution proxies. OpenAlex is not an educational-material inventory; Wikimedia is not advanced-mathematics quality; country indicators are not language-specific; model benchmark support does not establish mathematical translation quality.
