"source_key","entity","authority_or_authors","registered_date","title","version_identity","license_identity","url","local_evidence_workspace_relative","registered_bytes","recomputed_bytes","bytes_status","registered_sha256","recomputed_sha256","hash_status","supporting_evidence_workspace_relative","supporting_evidence_sha256","apa_reference_draft","manuscript_source_statement","missing_or_bounded_evidence"
"OPENSTAX-OS-ZH-01","OpenStax","OpenStax","not registered","Algebra and Trigonometry 2e","repository commit 789b54099106b071d1d32bfcee454fed72eb4768; collection UUID eaefdaf1-bda0-4ada-a9fe-f1c065bfcc4e; collection SHA-256 3E094B2648AC7EBFD2E6DF14E3D08B4E412F1EFD6884E5C00A9F91AC4601E144","CC BY-NC-SA 4.0; registered license-file SHA-256 8E63D319B3D085A7571278EA3033D713131AC0D330B87CF9AC854E05EE44229D","https://github.com/openstax/osbooks-college-algebra-bundle","03_projects/language_management/cjk/zh_hans_cn_open_math_20260812/openstax/BOOKS.jsonl","5322","5322","PASS","2C6D6CA2A527A147347E73F2CF3287D8A1B215FB9711567D3ADC3C64630C7C57","2C6D6CA2A527A147347E73F2CF3287D8A1B215FB9711567D3ADC3C64630C7C57","PASS","","","OpenStax. (n.d.). *Algebra and Trigonometry 2e* [CNXML collection; repository snapshot at commit 789b54099106b071d1d32bfcee454fed72eb4768]. GitHub. https://github.com/openstax/osbooks-college-algebra-bundle","The locally pinned OpenStax manifest identifies Algebra and Trigonometry 2e by collection collections/algebra-and-trigonometry-2e.collection.xml (UUID eaefdaf1-bda0-4ada-a9fe-f1c065bfcc4e) at repository commit 789b54099106b071d1d32bfcee454fed72eb4768; it records 94 module references and license CC BY-NC-SA 4.0 with license-file SHA-256 8E63D319B3D085A7571278EA3033D713131AC0D330B87CF9AC854E05EE44229D.","Named authors/editors and the book publication year are not registered in the bounded local manifest. Title-level AI-ingestion permissions remain a separate unresolved legal/provenance check; the manifest license string alone must not be expanded into that permission."
"OPENSTAX-OS-ZH-02","OpenStax","OpenStax","not registered","Calculus Volume 1","repository commit 8dbc2ce19e804924b2517b89ac72ee45be949d15; collection UUID 8b89d172-2927-466f-8661-01abc7ccdba4; collection SHA-256 07BDEA41E47E979DF930E9F0163317A156E2251710549B915C5873C7AFFFB798","CC BY-NC-SA 4.0; registered license-file SHA-256 61288B08584B51308CBC7128A809BBFFDFC1529EB303DE26C2ADBB396A8E9431","https://github.com/openstax/osbooks-calculus-bundle","03_projects/language_management/cjk/zh_hans_cn_open_math_20260812/openstax/BOOKS.jsonl","5322","5322","PASS","2C6D6CA2A527A147347E73F2CF3287D8A1B215FB9711567D3ADC3C64630C7C57","2C6D6CA2A527A147347E73F2CF3287D8A1B215FB9711567D3ADC3C64630C7C57","PASS","","","OpenStax. (n.d.). *Calculus Volume 1* [CNXML collection; repository snapshot at commit 8dbc2ce19e804924b2517b89ac72ee45be949d15]. GitHub. https://github.com/openstax/osbooks-calculus-bundle","The locally pinned OpenStax manifest identifies Calculus Volume 1 by collection collections/calculus-volume-1.collection.xml (UUID 8b89d172-2927-466f-8661-01abc7ccdba4) at repository commit 8dbc2ce19e804924b2517b89ac72ee45be949d15; it records 55 module references and license CC BY-NC-SA 4.0 with license-file SHA-256 61288B08584B51308CBC7128A809BBFFDFC1529EB303DE26C2ADBB396A8E9431.","Named authors/editors and the book publication year are not registered in the bounded local manifest. Title-level AI-ingestion permissions remain a separate unresolved legal/provenance check; the manifest license string alone must not be expanded into that permission."
"OPENSTAX-OS-ZH-03","OpenStax","OpenStax","not registered","Calculus Volume 2","repository commit 8dbc2ce19e804924b2517b89ac72ee45be949d15; collection UUID 1d39a348-071f-4537-85b6-c98912458c3c; collection SHA-256 182FD9B771C09B231D0A7DC53FC7FCB3202FC478C5AF3EF7FD7B27D55C68AA23","CC BY-NC-SA 4.0; registered license-file SHA-256 61288B08584B51308CBC7128A809BBFFDFC1529EB303DE26C2ADBB396A8E9431","https://github.com/openstax/osbooks-calculus-bundle","03_projects/language_management/cjk/zh_hans_cn_open_math_20260812/openstax/BOOKS.jsonl","5322","5322","PASS","2C6D6CA2A527A147347E73F2CF3287D8A1B215FB9711567D3ADC3C64630C7C57","2C6D6CA2A527A147347E73F2CF3287D8A1B215FB9711567D3ADC3C64630C7C57","PASS","","","OpenStax. (n.d.). *Calculus Volume 2* [CNXML collection; repository snapshot at commit 8dbc2ce19e804924b2517b89ac72ee45be949d15]. GitHub. https://github.com/openstax/osbooks-calculus-bundle","The locally pinned OpenStax manifest identifies Calculus Volume 2 by collection collections/calculus-volume-2.collection.xml (UUID 1d39a348-071f-4537-85b6-c98912458c3c) at repository commit 8dbc2ce19e804924b2517b89ac72ee45be949d15; it records 54 module references and license CC BY-NC-SA 4.0 with license-file SHA-256 61288B08584B51308CBC7128A809BBFFDFC1529EB303DE26C2ADBB396A8E9431.","Named authors/editors and the book publication year are not registered in the bounded local manifest. Title-level AI-ingestion permissions remain a separate unresolved legal/provenance check; the manifest license string alone must not be expanded into that permission."
"OPENSTAX-OS-ZH-04","OpenStax","OpenStax","not registered","Calculus Volume 3","repository commit 8dbc2ce19e804924b2517b89ac72ee45be949d15; collection UUID a31cd793-2162-4e9e-acb5-6e6bbd76a5fa; collection SHA-256 36110E7C344866780DD07691AF61DAFDB3EE69D19BCA19AEEF1B8EDC247862AA","CC BY-NC-SA 4.0; registered license-file SHA-256 61288B08584B51308CBC7128A809BBFFDFC1529EB303DE26C2ADBB396A8E9431","https://github.com/openstax/osbooks-calculus-bundle","03_projects/language_management/cjk/zh_hans_cn_open_math_20260812/openstax/BOOKS.jsonl","5322","5322","PASS","2C6D6CA2A527A147347E73F2CF3287D8A1B215FB9711567D3ADC3C64630C7C57","2C6D6CA2A527A147347E73F2CF3287D8A1B215FB9711567D3ADC3C64630C7C57","PASS","","","OpenStax. (n.d.). *Calculus Volume 3* [CNXML collection; repository snapshot at commit 8dbc2ce19e804924b2517b89ac72ee45be949d15]. GitHub. https://github.com/openstax/osbooks-calculus-bundle","The locally pinned OpenStax manifest identifies Calculus Volume 3 by collection collections/calculus-volume-3.collection.xml (UUID a31cd793-2162-4e9e-acb5-6e6bbd76a5fa) at repository commit 8dbc2ce19e804924b2517b89ac72ee45be949d15; it records 54 module references and license CC BY-NC-SA 4.0 with license-file SHA-256 61288B08584B51308CBC7128A809BBFFDFC1529EB303DE26C2ADBB396A8E9431.","Named authors/editors and the book publication year are not registered in the bounded local manifest. Title-level AI-ingestion permissions remain a separate unresolved legal/provenance check; the manifest license string alone must not be expanded into that permission."
"OPENSTAX-OS-ZH-05","OpenStax","OpenStax","not registered","Introductory Statistics 2e","repository commit 1f6a35825395bb4aa2834cf1eca37512655f920c; collection UUID c4b474e4-4e3b-4232-b35c-2c3535bfae73; collection SHA-256 927A69AAA7D07CE8B0524CE96B53D115C128DC5766D4B12A4FA8963F9842E4F6","CC BY-NC-SA 4.0; registered license-file SHA-256 AB1A44BBBA58252630134574D7B2534813339240EB645825FFCC2487DBE8114A","https://github.com/openstax/osbooks-introductory-statistics-bundle","03_projects/language_management/cjk/zh_hans_cn_open_math_20260812/openstax/BOOKS.jsonl","5322","5322","PASS","2C6D6CA2A527A147347E73F2CF3287D8A1B215FB9711567D3ADC3C64630C7C57","2C6D6CA2A527A147347E73F2CF3287D8A1B215FB9711567D3ADC3C64630C7C57","PASS","","","OpenStax. (n.d.). *Introductory Statistics 2e* [CNXML collection; repository snapshot at commit 1f6a35825395bb4aa2834cf1eca37512655f920c]. GitHub. https://github.com/openstax/osbooks-introductory-statistics-bundle","The locally pinned OpenStax manifest identifies Introductory Statistics 2e by collection collections/introductory-statistics-2e.collection.xml (UUID c4b474e4-4e3b-4232-b35c-2c3535bfae73) at repository commit 1f6a35825395bb4aa2834cf1eca37512655f920c; it records 102 module references and license CC BY-NC-SA 4.0 with license-file SHA-256 AB1A44BBBA58252630134574D7B2534813339240EB645825FFCC2487DBE8114A.","Named authors/editors and the book publication year are not registered in the bounded local manifest. Title-level AI-ingestion permissions remain a separate unresolved legal/provenance check; the manifest license string alone must not be expanded into that permission."
"OPENSTAX-OS-ZH-06","OpenStax","OpenStax","not registered","College Physics 2e","repository commit fd1b25dfd5d8c6580c6e2b2b34a19e29cc69ada9; collection UUID a31df062-930a-4f46-8953-605711e6d204; collection SHA-256 5CCA3DC1360415035B6387172EA9B934E19E3C22632A842A48CF6A196416F097","CC BY-NC-SA 4.0; registered license-file SHA-256 AB1A44BBBA58252630134574D7B2534813339240EB645825FFCC2487DBE8114A","https://github.com/openstax/osbooks-college-physics-bundle","03_projects/language_management/cjk/zh_hans_cn_open_math_20260812/openstax/BOOKS.jsonl","5322","5322","PASS","2C6D6CA2A527A147347E73F2CF3287D8A1B215FB9711567D3ADC3C64630C7C57","2C6D6CA2A527A147347E73F2CF3287D8A1B215FB9711567D3ADC3C64630C7C57","PASS","","","OpenStax. (n.d.). *College Physics 2e* [CNXML collection; repository snapshot at commit fd1b25dfd5d8c6580c6e2b2b34a19e29cc69ada9]. GitHub. https://github.com/openstax/osbooks-college-physics-bundle","The locally pinned OpenStax manifest identifies College Physics 2e by collection collections/college-physics-2e.collection.xml (UUID a31df062-930a-4f46-8953-605711e6d204) at repository commit fd1b25dfd5d8c6580c6e2b2b34a19e29cc69ada9; it records 283 module references and license CC BY-NC-SA 4.0 with license-file SHA-256 AB1A44BBBA58252630134574D7B2534813339240EB645825FFCC2487DBE8114A.","Named authors/editors and the book publication year are not registered in the bounded local manifest. Title-level AI-ingestion permissions remain a separate unresolved legal/provenance check; the manifest license string alone must not be expanded into that permission."
"OPENSTAX-OS-ZH-07","OpenStax","OpenStax","not registered","Chemistry 2e","repository commit 3be4b60ff501f29a445f0cacf003e5f5cc16244d; collection UUID 7fccc9cf-9b71-44f6-800b-f9457fd64335; collection SHA-256 96967AC297FC0D32C3138893393AFF0E0C3E878F8569EC48BB9934C9B0438C35","CC BY-NC-SA 4.0; registered license-file SHA-256 AB1A44BBBA58252630134574D7B2534813339240EB645825FFCC2487DBE8114A","https://github.com/openstax/osbooks-chemistry-bundle","03_projects/language_management/cjk/zh_hans_cn_open_math_20260812/openstax/BOOKS.jsonl","5322","5322","PASS","2C6D6CA2A527A147347E73F2CF3287D8A1B215FB9711567D3ADC3C64630C7C57","2C6D6CA2A527A147347E73F2CF3287D8A1B215FB9711567D3ADC3C64630C7C57","PASS","","","OpenStax. (n.d.). *Chemistry 2e* [CNXML collection; repository snapshot at commit 3be4b60ff501f29a445f0cacf003e5f5cc16244d]. GitHub. https://github.com/openstax/osbooks-chemistry-bundle","The locally pinned OpenStax manifest identifies Chemistry 2e by collection collections/chemistry-2e.collection.xml (UUID 7fccc9cf-9b71-44f6-800b-f9457fd64335) at repository commit 3be4b60ff501f29a445f0cacf003e5f5cc16244d; it records 149 module references and license CC BY-NC-SA 4.0 with license-file SHA-256 AB1A44BBBA58252630134574D7B2534813339240EB645825FFCC2487DBE8114A.","Named authors/editors and the book publication year are not registered in the bounded local manifest. Title-level AI-ingestion permissions remain a separate unresolved legal/provenance check; the manifest license string alone must not be expanded into that permission."
"OPENSTAX-OS-ZH-08","OpenStax","OpenStax","not registered","Biology 2e","repository commit 63f8b6f8d129dd1582989bb755011e9a6d523471; collection UUID 8d50a0af-948b-4204-a71d-4826cba765b8; collection SHA-256 07ECFDBDEEEA0EC0605AE82593A720D3A611966C35F6141CD618FD9639E8E48B","CC BY-NC-SA 4.0; registered license-file SHA-256 AB1A44BBBA58252630134574D7B2534813339240EB645825FFCC2487DBE8114A","https://github.com/openstax/osbooks-biology-bundle","03_projects/language_management/cjk/zh_hans_cn_open_math_20260812/openstax/BOOKS.jsonl","5322","5322","PASS","2C6D6CA2A527A147347E73F2CF3287D8A1B215FB9711567D3ADC3C64630C7C57","2C6D6CA2A527A147347E73F2CF3287D8A1B215FB9711567D3ADC3C64630C7C57","PASS","","","OpenStax. (n.d.). *Biology 2e* [CNXML collection; repository snapshot at commit 63f8b6f8d129dd1582989bb755011e9a6d523471]. GitHub. https://github.com/openstax/osbooks-biology-bundle","The locally pinned OpenStax manifest identifies Biology 2e by collection collections/biology-2e.collection.xml (UUID 8d50a0af-948b-4204-a71d-4826cba765b8) at repository commit 63f8b6f8d129dd1582989bb755011e9a6d523471; it records 259 module references and license CC BY-NC-SA 4.0 with license-file SHA-256 AB1A44BBBA58252630134574D7B2534813339240EB645825FFCC2487DBE8114A.","Named authors/editors and the book publication year are not registered in the bounded local manifest. Title-level AI-ingestion permissions remain a separate unresolved legal/provenance check; the manifest license string alone must not be expanded into that permission."
"OPENLOGIC-PIN","Open Logic Project","Open Logic Project","08/14/2026 15:51:03","OpenLogic","commit 1e960beff9ed7835bf3e3f1335e21af3439cd107; tree 45cad6b3bf0dd96985a7b3d1dc5c343984b0e1c8","CC BY 4.0 unless a component is separately noted; license-file SHA-256 BB5E0179A1E9BDB55634A4303784CF73C297A1DCEE27B92CD546BF398075531C","https://github.com/OpenLogicProject/OpenLogic","03_projects/language_management/interlanguage_hub_open_logic_interslavic_20260824/02_open_logic_interslavic/SOURCE_RELEASE.json","6690","6690","PASS","F30DDE4E884DEB5D280EF991AEDABB70E60BC8A44B310FD07232DC934B775FDC","F30DDE4E884DEB5D280EF991AEDABB70E60BC8A44B310FD07232DC934B775FDC","PASS","03_projects/language_management/interlanguage_hub_open_logic_interslavic_20260824/02_open_logic_interslavic/SOURCE_CLOSURE.csv","B2B7B6D96C3CDE33BBFA9FC9E3D0423D1FE4BEE0F6149DC6CE527D689AF1B55A","Open Logic Project. (2026). *OpenLogic* [Source repository snapshot; commit 1e960beff9ed7835bf3e3f1335e21af3439cd107]. GitHub. https://github.com/OpenLogicProject/OpenLogic","The source release pins OpenLogic commit 1e960beff9ed7835bf3e3f1335e21af3439cd107, tree 45cad6b3bf0dd96985a7b3d1dc5c343984b0e1c8, dated 8/14/2026 3:51:03 PM. Its validated closure contains 722 TeX units and 367220 source alpha tokens; the closure SHA-256 is B2B7B6D96C3CDE33BBFA9FC9E3D0423D1FE4BEE0F6149DC6CE527D689AF1B55A. The registered license identity is ""CC BY 4.0 unless a component is separately noted"", license-file SHA-256 BB5E0179A1E9BDB55634A4303784CF73C297A1DCEE27B92CD546BF398075531C.","Named corpus authors/editors and a formal release/version number are not registered in this bounded source-release receipt; do not invent them."
"ASSEC-S001","Unicode CLDR","Unicode Consortium CLDR Technical Committee","2026-03-17","Unicode CLDR 48.2 supplemental territory and language population data","CLDR 48/48.2 as stated in the registered title/date field","not registered in the bounded source register","https://raw.githubusercontent.com/unicode-org/cldr/release-48-2/common/supplemental/supplementalData.xml","01_methodology/research_department/ai_compute_educational_access_20260825/staging/asia_secondary_estimates/sources/cldr_48_2_supplementalData.xml","399983","399983","PASS","CD2AF39AEF82FDBFBA4D591C87548203350538AD2318486D104B3B38B8D62F1A","CD2AF39AEF82FDBFBA4D591C87548203350538AD2318486D104B3B38B8D62F1A","PASS","","","Unicode Consortium CLDR Technical Committee. (2026, March 17). *Unicode CLDR 48.2 supplemental territory and language population data* [authoritative secondary standardization dataset XML]. https://raw.githubusercontent.com/unicode-org/cldr/release-48-2/common/supplemental/supplementalData.xml","ASSEC-S001: Territory population and language population percentage inputs; interpretation supplied by the CLDR territory-language chart Registered locator: /supplementalData/territoryInfo/territory and child languagePopulation elements for BD MM LA MN LK MY TJ; reference nodes R1028 R1055 R1218 R1263 audited for exclusions Limitation: Component estimate years and confidence intervals are not stated. CLDR warns that inputs are heterogeneous and not necessarily current or comparable. Only target elements without a references attribute are used; rows explicitly referencing Wikipedia are excluded.","No publication metadata beyond the registered fields is inferred. Component estimate years and confidence intervals are not stated. CLDR warns that inputs are heterogeneous and not necessarily current or comparable. Only target elements without a references attribute are used; rows explicitly referencing Wikipedia are excluded."
"ASSEC-S002","Unicode CLDR","Unicode Consortium CLDR Technical Committee","2025-10-29 CLDR 48 release","CLDR 48 Territory-Language Information chart","CLDR 48/48.2 as stated in the registered title/date field","not registered in the bounded source register","https://www.unicode.org/cldr/charts/48/supplemental/territory_language_information.html","01_methodology/research_department/ai_compute_educational_access_20260825/staging/asia_secondary_estimates/sources/cldr_48_territory_language_information.html","476732","476732","PASS","7FE267322DAED97533C2A5EE5E847FA0F847F2C2B903906F371F4990BE733C9A","7FE267322DAED97533C2A5EE5E847FA0F847F2C2B903906F371F4990BE733C9A","PASS","","","Unicode Consortium CLDR Technical Committee. (2025, October 29). *CLDR 48 Territory-Language Information chart* [authoritative secondary dataset chart and measure definition]. https://www.unicode.org/cldr/charts/48/supplemental/territory_language_information.html","ASSEC-S002: Approximate literate functional language population comfortable using the language with computers; may include L1 and later-language users Registered locator: Introduction immediately before Territory Code table; target territory rows used only as human-readable corroboration of XML Limitation: Chart counts are visibly rounded and are not used as arithmetic inputs. Chart version 48 supplies the measure definition for the release-48-2 XML; the pinned 48.2 XML supplies all staged values.","No publication metadata beyond the registered fields is inferred. Chart counts are visibly rounded and are not used as arithmetic inputs. Chart version 48 supplies the measure definition for the release-48-2 XML; the pinned 48.2 XML supplies all staged values."
"ASSEC-S003","Unicode CLDR","Unicode Consortium CLDR Technical Committee","accessed 2026-08-25; page publication date not stated","Requesting Additions or Updates to CLDR Language and Population Data","CLDR 48/48.2 as stated in the registered title/date field","not registered in the bounded source register","https://cldr.unicode.org/index/requesting-additionsupdates-to-cldr-languagepopulation-data","01_methodology/research_department/ai_compute_educational_access_20260825/staging/asia_secondary_estimates/sources/cldr_language_population_methodology.html","5191","5191","PASS","A8B1EBB525CF85B182596ABC272260A3AB8228EDA35D93E0493DA71442018883","A8B1EBB525CF85B182596ABC272260A3AB8228EDA35D93E0493DA71442018883","PASS","","","Unicode Consortium CLDR Technical Committee. (n.d.). *Requesting Additions or Updates to CLDR Language and Population Data* [official methodology page]. Retrieved August 25, 2026, from https://cldr.unicode.org/index/requesting-additionsupdates-to-cldr-languagepopulation-data","ASSEC-S003: CLDR inclusion purpose and requirements for reliable population and literacy sources Registered locator: Paragraphs on computer-interface usefulness and reliable sources for population updates Limitation: Methodology support only; it provides no observation. Its language-name resource list mentions Wikipedia, but this package does not use that link or Wikipedia evidence.","No publication metadata beyond the registered fields is inferred. Methodology support only; it provides no observation. Its language-name resource list mentions Wikipedia, but this package does not use that link or Wikipedia evidence."
"ASSEC-S004","Unicode CLDR","Unicode Consortium CLDR Technical Committee","2026-03-17","CLDR Releases and Downloads","CLDR 48/48.2 as stated in the registered title/date field","not registered in the bounded source register","https://cldr.unicode.org/index/downloads","01_methodology/research_department/ai_compute_educational_access_20260825/staging/asia_secondary_estimates/sources/cldr_releases_downloads.html","80418","80418","PASS","11CBD48F07E7F8022867CE804375ED88950C25E38893D78943A8E0D0B78B7828","11CBD48F07E7F8022867CE804375ED88950C25E38893D78943A8E0D0B78B7828","PASS","","","Unicode Consortium CLDR Technical Committee. (2026, March 17). *CLDR Releases and Downloads* [official release metadata]. https://cldr.unicode.org/index/downloads","ASSEC-S004: Identifies CLDR 48.2 as a stable release and gives its release date and GitHub tag Registered locator: Release table row 48.2 Limitation: Release metadata only; not population evidence by itself.","No publication metadata beyond the registered fields is inferred. Release metadata only; not population evidence by itself."
"ASSEC-S005","Unicode CLDR","Unicode Consortium CLDR Technical Committee","2026-03-17","Unicode CLDR 48.2 likely-subtag mappings","CLDR 48/48.2 as stated in the registered title/date field","not registered in the bounded source register","https://raw.githubusercontent.com/unicode-org/cldr/release-48-2/common/supplemental/likelySubtags.xml","01_methodology/research_department/ai_compute_educational_access_20260825/staging/asia_secondary_estimates/sources/cldr_48_2_likelySubtags.xml","919361","919361","PASS","B0049BC6420715B1E3010F43D95745DCA227C5AA60357D1D89A1BDCB06287312","B0049BC6420715B1E3010F43D95745DCA227C5AA60357D1D89A1BDCB06287312","PASS","","","Unicode Consortium CLDR Technical Committee. (2026, March 17). *Unicode CLDR 48.2 likely-subtag mappings* [authoritative profile-mapping XML]. https://raw.githubusercontent.com/unicode-org/cldr/release-48-2/common/supplemental/likelySubtags.xml","ASSEC-S005: Likely language-script-territory mappings used only to check candidate profile alignment Registered locator: likelySubtag elements from bn my lo mn si ta ms tg and Philippine language codes Limitation: Profile support only; not population evidence. Tamil defaults to ta-Taml-IN and therefore supports script but not a Sri Lanka-specific likely profile.","No publication metadata beyond the registered fields is inferred. Profile support only; not population evidence. Tamil defaults to ta-Taml-IN and therefore supports script but not a Sri Lanka-specific likely profile."
"ASSEC-S006","Unicode CLDR","Arithmetic derivation from ASSEC-S001 through ASSEC-S005","2026-03-17 release; component years not stated","Transparent CLDR 48.2 target person-count derivations and exclusion audit","CLDR 48/48.2 as stated in the registered title/date field","not registered in the bounded source register","https://raw.githubusercontent.com/unicode-org/cldr/release-48-2/common/supplemental/supplementalData.xml","01_methodology/research_department/ai_compute_educational_access_20260825/staging/asia_secondary_estimates/sources/cldr_target_derivations.md","3740","3740","PASS","C953259BCD31245CED999D553C6289E48BBB7BB727F9411DBB95AF340466AAE5","C953259BCD31245CED999D553C6289E48BBB7BB727F9411DBB95AF340466AAE5","PASS","","","*Transparent CLDR 48.2 target person-count derivations and exclusion audit*. (2026, March 17). [transparent secondary derivation witness]. https://raw.githubusercontent.com/unicode-org/cldr/release-48-2/common/supplemental/supplementalData.xml","ASSEC-S006: Nearest-person arithmetic from pinned territory population times pinned language population percentage; no invented confidence interval Registered locator: cldr_target_derivations.md formulas table and exclusion audit Limitation: Derived point counts inherit CLDR's unspecified component vintages and uncertainty. Integer percentage rounding rules are not published, so observation low/high fields remain blank. Not direct census evidence.","No publication metadata beyond the registered fields is inferred. Derived point counts inherit CLDR's unspecified component vintages and uncertainty. Integer percentage rounding rules are not published, so observation low/high fields remain blank. Not direct census evidence."
"FLORES-SONAR-MAPPING","FLORES-200 / SONAR","Paul-Ambroise Duquenne; Holger Schwenk; Benoit Sagot (paper); Meta AI / facebookresearch (repository)","2023 paper; repository snapshot retrieved 2026-08-25","SONAR: Sentence-Level Multimodal and Language-Agnostic Representations / supported-language mapping","README states sonar-space ~=0.5.0; repository commit not registered","README: code MIT; models may be MIT or non-commercial; exact linked license files not preserved","https://github.com/facebookresearch/SONAR/blob/main/README.md","01_methodology/research_department/ai_compute_educational_access_20260825/sources/SONAR_README_20260825.md","58239","58239","PASS","D420A781FE70198DAF1231F60FFB4EF8203C3760CF75A89052BC32E971D5E386","D420A781FE70198DAF1231F60FFB4EF8203C3760CF75A89052BC32E971D5E386","PASS","","","Duquenne, P.-A., Schwenk, H., & Sagot, B. (2023). *SONAR: Sentence-level multimodal and language-agnostic representations*. arXiv. https://arxiv.org/abs/2308.11466","The preserved official SONAR README states that its text encoders/decoders cover the 202 NLLB-200 model languages and comprise all 204 FLORES-200 language-script profiles; the mapping table beginning at local line 273 provides exact codes, scripts, families, subgroupings, NLLB resource levels, and occasional benchmark varieties. Use this only as benchmark/model-support context, not as evidence of current translation quality, terminology, or educational usability.","The local README registers the three-author 2023 SONAR paper citation, but not the full author/publication metadata for the linked No Language Left Behind/FLORES paper. The preserved snapshot has no repository commit identifier. It states sonar-space ~=0.5.0 as current, code under MIT, and warns that some models use a non-commercial license; the linked license files were not preserved in this bounded evidence set."
"FORMALISM-SCORING","Recovered local formalism","no author printed","no date printed","Marginal-intelligibility opportunity heuristic for OpenLogic","exact local byte identity only","not stated in the artifact","","01_methodology/research_department/marginal_intelligibility_reach_20260816/SCORING_MODEL.md","8257","8257","PASS","4F8377EED3F4E44C346A568230EAD8E972F6C98AED1BAC8378CBB6B1C956F1C7","4F8377EED3F4E44C346A568230EAD8E972F6C98AED1BAC8378CBB6B1C956F1C7","PASS","","","*Marginal-intelligibility opportunity heuristic for OpenLogic*. (n.d.). [Unpublished internal methodology artifact].","The manuscript may cite this recovered local formalism only by exact title, workspace-relative path, and SHA-256. No author or publication date is printed in the artifact; n.d. is therefore required.","Author, publication date, publisher, and license are not printed; do not infer them from directory naming or file timestamps."
"FORMALISM-CROSSWALK","Recovered local formalism","no author printed","no date printed","Crosswalk to earlier local marginal-intelligibility research","exact local byte identity only","not stated in the artifact","","01_methodology/research_department/marginal_intelligibility_reach_20260816/FORMALISM_CROSSWALK.md","4649","4649","PASS","81B8208CAFDF73D0182AB29539C94D2F9A3E3E73927D3768BA7F8AD53809B50C","81B8208CAFDF73D0182AB29539C94D2F9A3E3E73927D3768BA7F8AD53809B50C","PASS","","","*Crosswalk to earlier local marginal-intelligibility research*. (n.d.). [Unpublished internal methodology artifact].","The manuscript may cite this recovered local formalism only by exact title, workspace-relative path, and SHA-256. No author or publication date is printed in the artifact; n.d. is therefore required.","Author, publication date, publisher, and license are not printed; do not infer them from directory naming or file timestamps."
"WIKIMEDIA-SITE-STATS","Wikimedia project statistics","Numberof bot (poster/calculator named in dataset metadata)","last update 2026-08-24 21:45:18 UTC","Wikipedia Site Statistics","988-row snapshot; last update 2026-08-24 21:45:18 UTC","CC0-1.0","https://commons.wikimedia.org/wiki/Data:Wikipedia_statistics/data.tab","01_methodology/research_department/ai_compute_educational_access_20260825/sources/Wikimedia_statistics_20260824.tab","49104","49104","PASS","53647853ED8A33C487E9D73FDE1CB698304AE47AAC77A7AA99E92214EEECD2D9","53647853ED8A33C487E9D73FDE1CB698304AE47AAC77A7AA99E92214EEECD2D9","PASS","","","Numberof bot. (2026, August 24). *Wikipedia site statistics* [Data set]. Wikimedia Commons. https://commons.wikimedia.org/wiki/Data:Wikipedia_statistics/data.tab","The dataset metadata identifies MediaWiki API:Siteinfo as the calculation source and Numberof bot as the poster. Numberof bot is therefore the locally evidenced creator/author field for the dataset reference; Wikimedia Commons is the hosting platform and MediaWiki Siteinfo is the upstream data source, not a substitute author.","No natural-person creator name is present. Do not cite Wikimedia Commons or MediaWiki Siteinfo as the dataset author."
"DBE-CAPS-FOUNDATION","South African language standards","Department of Basic Education","no publication date registered; accessed 2026-08-25","Curriculum Assessment Policy Statements: Foundation phase","preserved official HTML witness","not registered","https://www.education.gov.za/Curriculum/CurriculumAssessmentPolicyStatements/CAPSFoundation/tabid/571/Default.aspx","01_methodology/research_department/ai_compute_educational_access_20260825/source_witnesses/south_africa_language_profiles/DBE_CAPS_Foundation_language_and_mathematics.html","108156","108156","PASS","F9712DFB78E2782E47E6F15BC6933B3743A674537E8A4D03BBDFD4A554E46994","F9712DFB78E2782E47E6F15BC6933B3743A674537E8A4D03BBDFD4A554E46994","PASS","","","Department of Basic Education. (n.d.). *Curriculum Assessment Policy Statements: Foundation phase*. Retrieved August 25, 2026, from https://www.education.gov.za/Curriculum/CurriculumAssessmentPolicyStatements/CAPSFoundation/tabid/571/Default.aspx","The official CAPS Foundation page lists Home Language and Mathematics documents under the named African official-language standards. It supports standard/profile identity and curriculum availability, not audience size, resource abundance, or mutual intelligibility.","The page does not print a publication date in the registered evidence; n.d. plus retrieval date is required."
"DBE-ORTHOGRAPHY-2015","South African language standards","Department of Basic Education","2015","Official languages: Home language: Examination guidelines, Senior Certificate, Grade 12","23-page official PDF witness","not registered","https://www.education.gov.za/LinkClick.aspx?fileticket=4bgvpFIDeso%3D&mid=2506&portalid=0&tabid=631","01_methodology/research_department/ai_compute_educational_access_20260825/source_witnesses/south_africa_language_profiles/DBE_Official_Languages_Home_Language_Examination_Guidelines_2015.pdf","226285","226285","PASS","3D9C016AF977A88CF0F561CB7350F83441D4FA529C04194420D75C319576569D","3D9C016AF977A88CF0F561CB7350F83441D4FA529C04194420D75C319576569D","PASS","","","Department of Basic Education. (2015). *Official languages: Home language: Examination guidelines, Senior Certificate, Grade 12*. https://www.education.gov.za/LinkClick.aspx?fileticket=4bgvpFIDeso%3D&mid=2506&portalid=0&tabid=631","The guideline explicitly classifies English, Afrikaans, Sepedi, Sesotho, Setswana, Tshivenda, and Xitsonga as disjunctive orthographies, and IsiXhosa, IsiNdebele, IsiZulu, and Siswati as conjunctive orthographies. This supports distinct output-profile identities; it does not measure cross-language comprehension.","No broader mutual-intelligibility or readership claim follows from this orthographic classification."

