source_id,title,authority,reference_date_or_year,source_type,territory,measure_definition,url,source_locator,local_witness_path,local_witness_sha256,local_witness_bytes,pdf_pages,accessed_date,source_tier,confidence,limitations,provenance_table
PM-S001,"C-16 Population by Mother Tongue, Statement 1: Abstract of Speakers' Strength of Languages and Mother Tongues, Census of India 2011","Office of the Registrar General & Census Commissioner, India",2011,official census table,India,Persons returned under each census language or mother-tongue category,https://censusindia.gov.in/nada/index.php/catalog/42458/download/46089/C-16_25062018.pdf,"Statement 1, printed pp. 5-12; Part A scheduled-language totals and named mother-tongue components",private_local_witness_omitted; verify by registered URL and SHA-256,2AAC967E452FC6AF7768A1266E8F88BBD031B61C62383EBDA6B16C8E633B40F3,,,2026-08-25,1,high,"Census language categories can aggregate distinct mother tongues; Hindi parent total overlaps its listed child categories and must not be summed with them. Counts are 2011 observations, not current estimates.",ACE-A074
PM-S002,"C-17 Population by Bilingualism and Trilingualism, Census of India 2011","Office of the Registrar General & Census Commissioner, India",2011,official census workbook with bounded derived sensitivity table,India,Reported English or Hindi as first or second subsidiary language within each C-17 census language category,https://censusindia.gov.in/nada/index.php/catalog/10262/download/13374/DDW-C17-0000.XLSX,C-17 national rows; total speakers and first/second subsidiary-language hierarchy,private_local_witness_omitted; verify by registered URL and SHA-256,CD74F457DBD62017C919E763E8F4E956B4F8C46C0920500907D949828CCFE673,,,2026-08-25,1,medium,"Reported language knowledge is not academic reading comfort. Sensitivity bounds in the derived table are scenario factors, not observed educational access. Categories can aggregate mother tongues.",ACE-A074
PM-S003,"Table 11: Population by Mother Tongue, Sex and Rural/Urban, Census 2023",Pakistan Bureau of Statistics,2023,official census table,Pakistan,All-localities all-sexes persons by reported mother tongue,https://www.pbs.gov.pk/wp-content/uploads/census_tables/tables/table_11_national.pdf,"Table 11, national row, PDF p. 1",private_local_witness_omitted; verify by registered URL and SHA-256,B74C5E37D943B28F625467FF3AF2AFD73F1EF79573169C9DDD026A2994D5C6F4,,,2026-08-25,1,high,"Several labels are census aggregates (for example Pushto, Balochi, Kohistani); they are not automatically single edition targets.",ACE-A074
PM-S004,Languages in Nepal: National Population and Housing Census 2021 Thematic Report,"National Statistics Office, Nepal",2021,official census thematic report,Nepal,Persons by reported mother tongue,https://censusnepal.cbs.gov.np/results/files/result-folder/Language%20in%20Nepal.pdf,"Annex 1, printed pp. 123-126",private_local_witness_omitted; verify by registered URL and SHA-256,1E41F6C52A47B93A88907007C13D2C38FDCA4303EAC203F8A5C5CF09C64086AF,,,2026-08-25,1,high,Some census labels aggregate varieties; the Sign Language entry is a census mother-tongue response category rather than a full sign-language-use census.,ACE-A074
PM-S005,"Kewarganegaraan, Suku Bangsa, Agama, dan Bahasa Sehari-hari Penduduk Indonesia: Hasil Sensus Penduduk 2010",BPS-Statistics Indonesia,2010,official census publication,Indonesia,Population aged 5 and over by language used daily at home,https://www.bps.go.id/en/publication/2012/05/23/55eca38b7fe0830834605b35/nationality--ethnicity--religion--and-dailylanguage-of-indonesian-population.html,"Table L4.1, printed p. 47 (PDF p. 55)",,,,,2026-08-25,1,high,"Home-use counts are not L1 totals. Several rows are broad language groups, including Batak and regional clusters; only individually named cells are retained here.",ACE-A074
PM-S006,Tagalog is the Most Widely Spoken Language at Home (2020 Census of Population and Housing),Philippine Statistics Authority,2020,official census press release and table,Philippines,Households by language or dialect generally spoken at home,https://psa.gov.ph/system/files/phcd/02%20-Press%20Release%20on%20Language_Dialect%20Generally%20Spoken%20at%20Home_030323_PMMJ_CRD.pdf,"Table 1, PDF p. 2",,,,,2026-08-25,1,high,"Unit is households, not persons; excludes households enumerated as homeless. Several labels, including Bisaya/Binisaya and Bikol/Bicol, aggregate varieties.",ACE-A074
PM-S007,"Peru: Perfil Sociodemográfico, Censos Nacionales 2017",Instituto Nacional de Estadística e Informática (INEI),2017,official census report,Peru,Census population aged 3 and over by language or mother tongue learned in childhood,https://www.inei.gob.pe/media/MenuRecursivo/publicaciones_digitales/Est/Lib1544/00TOMO_01.pdf,"Cuadro 4, printed p. 618, total column",private_local_witness_omitted; verify by registered URL and SHA-256,899D64794B9CE1596F4CBB779B293C2D4D094E0368FABC6D9A14CC53CDCFBF53,,,2026-08-25,1,high,Quechua and Aimara are aggregate census labels spanning varieties. The total column is used from a health-insurance cross-tabulation; it remains the national count for the stated age and language universe.,ACE-A074
PM-S008,"Censo de Población y Vivienda 2020: Presentación de resultados, Estados Unidos Mexicanos",Instituto Nacional de Estadística y Geografía (INEGI),2020,official census presentation,Mexico,"Population aged 3 and over who speaks an Indigenous language, by principal census linguistic grouping",https://www.inegi.org.mx/contenidos/programas/ccpv/2020/doc/Censo2020_Principales_resultados_EUM.pdf,"Chart 'Población de 3 años y más hablante de lengua indígena por principales lenguas', PDF p. 46",,,,,2026-08-25,1,high,"INEGI agrupaciones lingüísticas such as Nahuatl, Mixtec, Zapotec, Otomi, Totonac and Mazatec include multiple varieties; they must not be treated as single standardized edition targets.",ACE-A074
PM-S009,"Census Profile, 2021 Census of Population: Canada [Country]",Statistics Canada,2021,official census profile,Canada,"Mother tongue for population excluding institutional residents, 100% data",https://www12.statcan.gc.ca/census-recensement/2021/dp-pd/prof/details/page.cfm?DGUIDlist=2021A000011124&GENDERlist=1&HEADERlist=14&LANG=E&STATISTIClist=1%2C4&SearchText=Canada,"Mother tongue section, Canada profile",,,,,2026-08-25,1,high,Counts preserve named census response categories. Census confidentiality processing and multiple-response structure can affect totals; English and French rows are negative controls.,ACE-A074
PM-S010,Chart 2: Indigenous languages spoken predominantly at home by the most people,Statistics Canada,2021,official census chart,Canada,Persons speaking the named Indigenous language predominantly at home,https://www150.statcan.gc.ca/n1/daily-quotidien/220817/cg-a002-eng.htm,"Accessible chart description, Chart 2",,,,,2026-08-25,1,high,"Cree languages, Dene languages and Ojibway languages are aggregates; predominant-home-language counts are not mother-tongue or knowledge totals.",ACE-A074
PM-S011,"Zimbabwe 2022 Population and Housing Census Report, Volume 1",Zimbabwe National Statistics Agency (ZIMSTAT),2022,official census report,Zimbabwe,Population by reported mother tongue,https://www.zimstat.co.zw/wp-content/uploads/Demography/Census/2022_PHC_Report_27012023_Final.pdf,"Table 2.17, printed p. 123",private_local_witness_omitted; verify by registered URL and SHA-256,BDEBD23BE87E1AA5C1EC73874EFF733A524A93BAD6FCCF7DA7E9C854666BB1ED,,,2026-08-25,1,high,"Census labels do not resolve every dialect or orthographic choice. Sign Language is a census mother-tongue category, not a complete sign-language-use measure.",ACE-A074
PM-S012,2018 Malawi Population and Housing Census Main Report,National Statistical Office of Malawi,2018,official census report,Malawi,Population by tribe; retained only as an explicitly ineligible language-population proxy,https://cms.nsomalawi.mw/api/download/270/2018-Malawi-Population-and-Housing-Census-Main-Report.pdf,"Section 3.4, Table 3.5, printed p. 20",private_local_witness_omitted; verify by registered URL and SHA-256,1A44AD127E84AF4B016401861936E4099263BADF3090A9795ABE41E7C34D0CB2,,,2026-08-25,1,low,Tribe is not language. These rows must never enter strict language-reach arithmetic until replaced or calibrated by a direct language-use source.,ACE-A074
PM-S013,"2022 Housing and Population Census, Volume II: Demographic and Fertility Characteristics",Statistics Mauritius,2022,official census report,Mauritius,Resident population by language usually spoken at home,https://statsmauritius.govmu.org/Documents/Census_and_Surveys/Census2022/HPC_TR_Vol2_Demography_Yr22.pdf,"Table D9, printed p. 165, Republic of Mauritius row",private_local_witness_omitted; verify by registered URL and SHA-256,F21D1DC6543694352C92ACC1E41D632C1AF7822C4A44D0D19122F6046BABE1D5,,,2026-08-25,1,high,Chinese languages is an aggregate. Home language is not necessarily L1. The published table excludes Agalega and St Brandon as documented in the report.,ACE-A074
PM-S014,Place and ethnic group summaries: Total New Zealand population language comparator,Stats NZ,2023,official census summary table,New Zealand,Persons who reported speaking each language; multiple-response census measure,https://tools.summaries.stats.govt.nz/ethnic-group/pacific-peoples-not-elsewhere-classified,"Table 'Percentage of population that speak each language', Total New Zealand population, 2023 column",,,,,2026-08-25,1,high,"Multiple responses are permitted and figures use fixed random rounding; rows are not L1 counts and must not be summed. Northern Chinese is a census category, not a single unqualified language target.",ACE-A074
PM-S015,Welsh language in Wales (Census 2021),Welsh Government / Office for National Statistics,2021,official census bulletin,Wales,Usual residents aged 3 and over reported able to speak Welsh,https://www.gov.wales/welsh-language-wales-census-2021-html,Main points; Ability to speak Welsh,private_local_witness_omitted; verify by registered URL and SHA-256,,,,2026-08-25,1,high,"Self-assessed ability, sometimes proxy-reported for children. Published count is an estimate rounded to the nearest hundred (538,300).",ACE-A074
PM-S016,Census of Population 2022 Summary Results: Education and Irish Language,Central Statistics Office Ireland,2022,official census release,Ireland,Population aged 3 and over reporting ability to speak Irish; and daily use outside education,https://www.cso.ie/en/releasesandpublications/ep/p-cpsr/censusofpopulation2022-summaryresults/educationandirishlanguage/,Table 6.2 and Figure 6.4 text,,,,,2026-08-25,1,high,Ability and daily-use measures are not interchangeable; cells are separated and must not be summed.,ACE-A074
PM-S017,"Population of the Basque Country aged 2 and over by province and overall level of Basque, 01/01/2021",Eustat - Basque Statistics Institute,2021,official census statistical table,Basque Country (Spain),Persons aged 2 and over classified as Basque speakers who understand and speak Basque well,https://www.eustat.eus/elementos/tbl0000488_i.html,"Basque Country total row, Basque speakers total",,,,,2026-08-25,1,high,"Knowledge measure, not home use or L1. Territorial scope is the Basque Autonomous Community, not all Basque-speaking territories.",ACE-A074
PM-S018,"Scotland's Census 2022: Ethnic group, national identity, language and religion",National Records of Scotland,2022,official census report,Scotland,Population aged 3 and over reporting ability to use British Sign Language,https://www.scotlandscensus.gov.uk/2022-reports/scotland-s-census-2022-ethnic-group-national-identity-language-and-religion/,Section 'British Sign Language',,,,,2026-08-25,1,high,Published count is rounded to the nearest hundred; ability to use BSL includes second-language users and is not the same as main-language population.,ACE-A074
PM-S019,"Rohingya refugee population dashboard, Joint Government of Bangladesh - UNHCR",Government of Bangladesh and UNHCR,2026-07-31,official operational population dashboard,Bangladesh,"Rohingya refugee individuals in Bangladesh (registered, post-2017 FDMN and biometrically identified new arrivals)",https://data.unhcr.org/en/documents/details/123674,"Dashboard headline, 31 July 2026",private_local_witness_omitted; verify by registered URL and SHA-256,407D9E6C5BE718FB63AC318EB3A64A3C35981461E3BE6BBFB773F1592DD11D21,,,2026-08-25,1,medium,"This is a displacement population, not a direct language-use census. Treat as a Rohingya-language planning proxy only; literacy, script preference and variety require separate evidence.",ACE-A074
PM-S020,Population and Housing Census 2007: National Statistical Report,Central Statistical Agency of Ethiopia (now Ethiopian Statistical Service),2007,official census statistical report,Ethiopia,Population by mother tongue used with family members or guardians during childhood,https://ess.gov.et/wp-content/uploads/2007/09/Population-and-Housing-Census-2007-National_Statistical.pdf,"Table 3.2, printed pp. 91-93, Urban + Rural both sexes",private_local_witness_omitted; verify by registered URL and SHA-256,E21590781EC9843018369A590EAADE3B9407AE87E492B2A52451675E69FF396F,,,2026-08-25,1,high,"The observation is old but remains the latest Ethiopian national census. Several census labels, especially Guragiegna, aggregate distinct languages; counts are not current projections.",ACE-A074
TH-S001,The 2010 Population and Housing Census (Whole Kingdom),National Statistical Office Thailand,2010-09-01,official national census report,Thailand,Population by usual languages spoken at home,https://catalogapi.nso.go.th/api/doc/department/D10/SD10_04/SD10_04_165_2.pdf,"Table 7, PDF pp. 98-99; census day described on PDF pp. 49-50",private_local_witness_omitted; verify by registered URL and SHA-256,9A3A58232A25398D0FAAA8812A075D3019C34F99237227FD1BFE2D316F7BAAD8,,,2026-08-25,1,high,"The table mixes mutually exclusive Thai-only/Thai-plus-other/other-only strata with named other-language categories that can overlap the Thai-plus-other stratum. English labels contain several typographic or country-name substitutions. Counts are 2010 observations, not current projections; the report warns that independently rounded totals may differ slightly.",ACE-A068
ZA-S001,Census 2022 in Brief,Statistics South Africa,2024-06,official national census report,South Africa,Population aged 1 year and older by language most often spoken in the household,https://www.statssa.gov.za/publications/Census2022inBrief/Census2022inBriefJune2024.pdf,"Table 3.8 (1)-(2), printed pp. 26-27; PDF pp. 34-35",private_local_witness_omitted; verify by registered URL and SHA-256,78FE83B5CDEC6DF3DBD491B456F1A5612064DB3125E516419E8C86FAA1CF612B,1235449,91,2026-08-25,1,high,"The measure is language most often spoken with other household members, not mother tongue, proficiency, literacy, or academic-language comfort. The table excludes Not applicable (638,736) and Unspecified (258,967). Census label 'Sign language' does not identify a signed-language variety.",ACE-A089
ZA-S002,Census 2022 Statistical Release (P0301.4),Statistics South Africa,2023,official national census statistical release,South Africa,Percentage distribution by language most often spoken in the household,https://census.statssa.gov.za/assets/documents/2022/P03014_Census_2022_Statistical_Release.pdf,"Table 2.8, printed p. 22; PDF p. 34",private_local_witness_omitted; verify by registered URL and SHA-256,A56ED6A19E880256F655FA14EB68EF8C211A111E35E2338B99E6CC1E1ADA85FC,3587195,113,2026-08-25,1,high,"Publishes mostly one-decimal percentage shares, with Sign language printed at 0.02%; used only as an official cross-check on Table 3.8 counts.",ACE-A089
ZA-S003,Cultural Dynamics in South Africa (Report 03-01-84),Statistics South Africa,2025-03-05,official Census 2022 thematic report,South Africa,Language most often spoken in the household; official and non-official language profiles,https://www.statssa.gov.za/publications/03-01-84/03-01-84.pdf,"Figure 2.1, printed p. 5 / PDF p. 16; Table 2.4, printed pp. 11-12 / PDF pp. 22-23",private_local_witness_omitted; verify by registered URL and SHA-256,2DA5D165128648EA46630126280845B9373094A58F08980FF3C59C5E97FFBEBE,3159594,80,2026-08-25,1,high,"The report notes potential under-enumeration. Its Table 2.4 nonofficial-category counts differ from ZA-S001: 1,252,633 total versus 1,247,275. Preserve both as source-specific observations; do not treat this report as an identical exact-count corroboration.",ACE-A089
ZA-S004,The Status of the Language of Learning and Teaching (LoLT) in Schools: A Quantitative Overview: 2008-2016,South Africa Department of Basic Education,2023-05,official education report using Annual School Survey and EMIS data,South Africa,Aggregated learner-level home-language and school LoLT correspondence in 2016,https://www.education.gov.za/Portals/0/Documents/Reports/The%20Status%20of%20LoLT%20In%20Schools%202023.pdf?ver=2023-06-26-112813-890,"Methodology and data-quality caution, printed pp. 16-17 / PDF pp. 18-19; Figure 9 and Table 7, printed pp. 31-32 / PDF pp. 33-34; Figure 11 and Table 8, printed p. 34 / PDF p. 36",private_local_witness_omitted; verify by registered URL and SHA-256,CC5D59232986B1DB3F4A2A9EA9DDCDD7F1FFA8BA6D28088B8BD9D5E976DDAA1B,2529298,73,2026-08-25,1,medium,"The report itself cautions that principal-reported data were not always sufficiently verified, that year-to-year discrepancies distort trends, and that exact values should not be over-read. The home-language/LoLT correspondence is aggregated from EMIS school records; it is not a direct test of each learner's classroom language or comprehension.",ACE-A089
ALG-S001,"Population and Housing Census 2022, National Report (Volume I)",Bangladesh Bureau of Statistics,2022,official national census report,Bangladesh,Population by self-reported ethnic category,https://file.portal.gov.bd/uploads/34bdd5b8-5c48-4624-a299-4a1b43862f9a/659/d2c/7e3/659d2c7e3f35e896330676.pdf,"Table P29, printed pp. 365-372",private_local_witness_omitted; verify by registered URL and SHA-256,B38231AB13516002D4171A965C1257A878CD91019076CB2C57FB32199CBE41CC,,,2026-08-25,1,high,"Ethnicity, not language. The official PDF host repeatedly timed out from the local environment; the local witness is an explicit selected-row transcription with the official URL, not primary PDF bytes. No national language table was identified.",ACE-A110
ALG-S002,Bangladesh Multiple Indicator Cluster Survey 2019 Round 6,Bangladesh Bureau of Statistics / UNICEF,2019,authoritative primary survey metadata,Bangladesh,Language category of the household head in the survey household file,https://microdata.worldbank.org/catalog/4147/variable/F4/V755?name=HC1B,Variable HC1B in hh.sav,private_local_witness_omitted; verify by registered URL and SHA-256,DFF31A1D629F32AAD81EE43D7A60A46ED05DBC15007CBC0AAEB81828C867A4C0,,,2026-08-25,1,high,"Metadata frequencies are cases in the data file and explicitly cannot be interpreted as national population summary statistics. This is household-head language, not the language of all persons.",ACE-A110
ALG-S003,Results of the Survey on the Socio-economic Situation of 53 Ethnic Minority Groups in 2019,General Statistics Office of Vietnam / Committee for Ethnic Minority Affairs,2019-04-01,official national statistical report,Vietnam,Population by ethnic group,https://www.gso.gov.vn/wp-content/uploads/2020/07/02-Bao-cao-53-dan-toc-thieu-so-2019_ban-in.pdf,Biểu 2.1 and Biểu 2.2; selected national totals,private_local_witness_omitted; verify by registered URL and SHA-256,9BC5C6E334BE1CAEC6C0354A34311066BF86041F637A93AE9AC65DE4289CB0B1,,,2026-08-25,1,high,"Ethnicity, not language. The official GSO host timed out from the local environment; the local witness is an explicit selected-row transcription with official URLs, not primary PDF bytes. Kinh is not converted to Vietnamese speakers.",ACE-A110
ALG-S004,Myanmar Poverty and Living Conditions Survey 2014-2015,World Bank,2014-2015,authoritative primary survey metadata,Myanmar,Individual survey response to the literal mother-tongue question,https://microdata.worldbank.org/catalog/4036/variable/F2/V4155?name=q1_10,Variable q1_10 in 02_world_bank_mplcs-hh_member.dta,private_local_witness_omitted; verify by registered URL and SHA-256,CE640FFFD65446BAAE8A5BF8EE2A29F33A32F824A6F8A14D34A18E6E6DA737CF,,,2026-08-25,1,high,Metadata frequencies are sample cases and explicitly cannot be interpreted as population summary statistics. Several source labels are broad ethnolinguistic umbrellas; Myanmar is preserved as the source label and is not silently renamed Burmese.,ACE-A110
ALG-S005,Census stock-taking ceremony,United Nations Population Fund Myanmar,2018-03-29,authoritative census-program status statement,Myanmar,Status of the unreleased 2014 census ethnicity dataset,https://myanmar.unfpa.org/en/news/census-stock-taking-ceremony,Paragraph stating that ethnic data were the last dataset not yet released,private_local_witness_omitted; verify by registered URL and SHA-256,E749AF37922DC50E95CE3E608F8087F158CA6775B9D6792B921936AA2066A4CB,,,2026-08-25,2,high,Coverage-gap evidence only; it supplies no population observation. The statement is dated 2018 and does not by itself prove the status after that date.,ACE-A110
ALG-S006,The 2014 Population and Housing Census of Myanmar: Questions and Answers about Myanmar's Census,Department of Population Myanmar / United Nations Population Fund,2014,official census methodology and dissemination booklet,Myanmar,Ethnicity question design and contested 135-category coding,https://myanmar.unfpa.org/sites/default/files/pub-pdf/Census_Q%26A_ENG_0.pdf,"Questions 32-34, PDF pp. 18-20",private_local_witness_omitted; verify by registered URL and SHA-256,4E643A73B43ED8A3605FEA74FEABB50BA32534300060147DF64421C1B4CF9B2D,,,2026-08-25,1,high,Coverage and methodology evidence only; it supplies no released language or ethnicity counts. It documents that ethnicity and language are different constructs and that the 135-category list was contested.,ACE-A110
ALG-S007,"National composition, religion and language proficiency in the Republic of Kazakhstan",Bureau of National Statistics of the Agency for Strategic Planning and Reforms of the Republic of Kazakhstan,2021,official national census statistical collection,Kazakhstan,Native language by nationality and population language proficiency,https://stat.gov.kz/upload/medialibrary/cee/3rsfg8ps3xo19orb284esg4rx27ihqf7/%D0%9D%D0%B0%D1%86%D0%B8%D0%BE%D0%BD%D0%B0%D0%BB%D1%8C%D0%BD%D1%8B%D0%B9%20%D1%81%D0%BE%D1%81%D1%82%D0%B0%D0%B2.pdf,"Table 6, printed p. 243; Table 8, printed p. 366",private_local_witness_omitted; verify by registered URL and SHA-256,7526D0EC8C1C23DCB37760A5CE5F6A2D43BEE9255DAF6D6C2CDB0C4D08496204,,,2026-08-25,1,high,"Table 6 counts language-of-own-nationality only within each nationality and omits cross-nationality native speakers. Table 8 proficiency is not mother tongue or academic comfort; its 17,194,712-person universe appears to be age 5+ from the age table, so the age interpretation is retained as a caveat.",ACE-A110
ALG-S008,"Population and Housing Census of the Kyrgyz Republic 2022: Book II (Part One), Population of Kyrgyzstan",National Statistical Committee of the Kyrgyz Republic,2022,official national census statistical collection,Kyrgyzstan,Native language by ethnic group,https://stat.gov.kg/media/publicationarchive/0f717d2d-5078-4e18-8b56-fb2a530462a2.pdf,"Table 3.8, printed pp. 118-119",private_local_witness_omitted; verify by registered URL and SHA-256,C9390DD29B4415572139E4A249057B0A35F130BA9F17E548727C0F35E71BF46D,,,2026-08-25,1,high,"National Kyrgyz, Uzbek, and Russian native-language totals in the observation file are exact sums of mutually exclusive own-ethnicity and cross-ethnicity cells. Other named groups are nationality-scoped own-language counts and therefore lower bounds on total speakers.",ACE-A110
ALG-S009,Results of the Complete Population and Housing Census of Turkmenistan - 2022: National Composition and Language Proficiency,State Committee of Turkmenistan on Statistics,2022,official national census tables,Turkmenistan,Population by mother tongue,https://stat.gov.tm/population-census-pdfs/results/en/4.pdf,"Table 4.9, PDF section pp. 8-10",private_local_witness_omitted; verify by registered URL and SHA-256,2AE148462D99088ACBBE5BEE055E50E7B3017BD6B3D655959B6144DA6780F1A1,,,2026-08-25,1,high,Direct mother-tongue totals. Published category labels such as Baloch are retained as-is and do not establish a narrower variety.,ACE-A110
ALG-S010,Mongolia's Social and Economic Overview 2019-2023,National Statistics Office of Mongolia,2020,official statistical report reproducing 2020 census results,Mongolia,Population of Mongolian citizens by ethnicity,https://downloads.1212.mn/C_ubG0KK_FNA1_1-A-i-Z-CNeJTieAJpcV-g__q-.pdf,"Table 1.1.5, printed p. 20",private_local_witness_omitted; verify by registered URL and SHA-256,25EA36866A10E5FDD2F23ED98409B5B68B68AB08E3B9CAF9390693EDEBFAEDA8,,,2026-08-25,1,high,"Ethnicity of Mongolian citizens, not language and not the complete resident population. Khalkh and Kazakh ethnic counts are not converted to speaker counts.",ACE-A110
ALG-S011,General Population Census of the Kingdom of Cambodia 2019: National Report on Final Census Results,National Institute of Statistics Cambodia,2019,official national census report,Cambodia,Population by mother tongue,https://nis.gov.kh/nis/Census2019/Final%20General%20Population%20Census%202019-English.pdf,"Table 2.7.1, PDF p. 53 / printed p. 25",private_local_witness_omitted; verify by registered URL and SHA-256,8A10064A917F4492136ABC770901DDFC868490E0558BD12AC1E4DED86D9D36B5,,,2026-08-25,1,high,"The table covers all persons in census households and excludes migrants working abroad. Published total-category counts sum to the stated universe, but multiple male/female subtotals do not sum to their published category totals; only the total-category column is staged.",ACE-A110
ALG-S012,Cambodia 2019 General Population Census 10 percent microdata,National Institute of Statistics Cambodia,2019,official census microdata metadata,Cambodia,Detailed mother-tongue category cases and supplied weights,https://microdata.nis.gov.kh/index.php/catalog/39/variable/F5/V149?name=p09_m_to,Variable p09_m_to in Person file; weighted variable V247,private_local_witness_omitted; verify by registered URL and SHA-256,DB004C3D0302FD6741D0FE5C99769BAD04C258B461537E9F326E4EE44C466AA6,,,2026-08-25,1,high,"The metadata explicitly warns that displayed figures are cases in the data file and cannot be interpreted as population summary statistics. Weighted values are staged as weighted microdata cases, not official census population estimates. Several category spellings do not uniquely identify a standard linguistic variety.",ACE-A110
ALG-S013,"Resident Population Aged 5 Years and Over by Language Most / Second Most Frequently Spoken at Home, Type of Dwelling and Ethnic Group (All Ethnic Groups)",Singapore Department of Statistics,2020,official census Table Builder API output,Singapore,Language most and second most frequently spoken at home,https://tablebuilder.singstat.gov.sg/api/table/tabledata/17441,"Resource 17441; top-level language rows, Total dwelling column",private_local_witness_omitted; verify by registered URL and SHA-256,CFB331EBB435720C413B35777FA2571DE8007ECC13CE168891A06E435954F0F4,,,2026-08-25,1,high,"Excludes persons unable to speak, people in one-person households, and households comprising only unrelated persons. Top-level rows are language most frequently spoken at home; nested rows partition second-most/only combinations and are not added to the top-level totals.",ACE-A110
ALG-S014,Timor-Leste Population and Housing Census 2015 Volume 2 Language Tables,General Directorate of Statistics Timor-Leste,2015,official national census workbook,Timor-Leste,Population by mother tongue,https://www.laohamutuk.org/DVD/DGS/Cens15/Census2015v2data.zip,"Workbook 4_2015 V2 Language.xls, sheet 2.12, Table 12",private_local_witness_omitted; verify by registered URL and SHA-256,6330C19CCFF1204763546E205BE4D86BF5687461BA4AC4EF9F09D13E79D28FF2,,,2026-08-25,1,high,The official DGS workbook is preserved from a longstanding external mirror archive. Counts are direct mother-tongue totals; distinct source varieties such as Tetun Prasa and Tetun Terik remain separate.,ACE-A110
ALG-S015,Timor-Leste Population and Housing Census 2022 Final Main Report,National Institute of Statistics Timor-Leste / United Nations Population Fund,2022,official national census report,Timor-Leste,Mother-tongue question design and current-report coverage gap,https://timor-leste.unfpa.org/sites/default/files/pub-pdf/final-main-report_tlphc-census_2022.pdf,"Question E58, PDF p. 176; main text does not tabulate mother-tongue counts",private_local_witness_omitted; verify by registered URL and SHA-256,BD4177C7B2B06D5AD52237A2811337926C3F0F430808384364E4BB83593A650E,,,2026-08-25,1,high,"The questionnaire collected one or two childhood languages, but the final main report does not publish a mother-tongue count table. It is retained only to explain why the direct observations use 2015.",ACE-A110
ALG-S016,Results of Population and Housing Census 2015,Lao Statistics Bureau,2015,official national census report,Lao PDR,Population of Lao citizens by ethnicity,https://lao.unfpa.org/sites/default/files/pub-pdf/PHC-ENG-FNAL-WEB_0.pdf,"Table 3.4, printed p. 37; detailed Table P2.7, printed pp. 120-121",private_local_witness_omitted; verify by registered URL and SHA-256,8EF06BE581E3357FA454F104D4EBF834B785C1A1126D2702DB9A59E13980500A,,,2026-08-25,1,high,"Ethnicity of Lao citizens, not language and not the complete resident population. No ethnicity row is converted into a speaker count.",ACE-A110
ALG-S017,Population and Housing Census publications,Agency on Statistics under the President of the Republic of Tajikistan,2020,official census publication index,Tajikistan,Availability of national composition and language-proficiency volume,https://www.stat.tj/en/population-and-housing-census/,Volume III listing,private_local_witness_omitted; verify by registered URL and SHA-256,68E92A36EEA3F0F640635401B3931084A58078644D1DBB089A64B9DE42235B87,,,2026-08-25,1,medium,"Coverage-gap evidence only. The official page names Volume III on national composition, language proficiency, and citizenship, but its disclosure block contains no downloadable file or table; no count is staged.",ACE-A110
ALG-S018,Проведена конференция посвящённая предварительным результатам переписи населения и сельского хозяйства,National Statistics Committee of the Republic of Uzbekistan,2026-06-30,official preliminary national census release,Uzbekistan,Preliminary national population and Uzbek mother-tongue results,https://stat.uz/ru/press-tsentr/novosti-goskomstata/68978-a-oli-va-ishlo-kh-zhaligini-r-jkhatga-olish-tadbirining-dastlabki-natizhalariga-ba-ishlangan-konferentsiya-tkazildi-3,Paragraphs reporting the exact preliminary population total and 35.7 million / 91.3 percent Uzbek mother tongue,private_local_witness_omitted; verify by registered URL and SHA-256,407366E390DE51D15021FD8C2CF5437A003566B6D90023999D485554D8FE62AF,,,2026-08-25,1,high,"Preliminary release. The mother-tongue count is rounded to 0.1 million; its separately published 91.3 percent does not arithmetically reproduce 35.7 million against the exact preliminary population total, so the percentage is not used to narrow the count range. Post-enumeration coverage was reported as 97.3 percent.",ACE-A110
ALG-S019,Launching of Report on the Key Findings Population and Housing Census of Malaysia 2020,Department of Statistics Malaysia,2020,official national census findings release,Malaysia,Named Sabah and Sarawak Bumiputera populations by ethnicity,https://www.dosm.gov.my/portal-main/release-content/launching-of-report-on-the-key-findings-population-and-housing-census-of-malaysia-2020-,"Population by Ethnic Group paragraph naming Kadazan/Dusun, Bajau, Murut, Iban, Bidayuh, and Melanau",private_local_witness_omitted; verify by registered URL and SHA-256,20BDEA6CBBFB7D3519DBE7BC2FA464FEA4705F4E207C6DDE1E75FD9576298138,,,2026-08-25,1,high,Ethnicity rather than language. Named-group counts are published to 0.1 thousand persons and are nested within the broad Bumiputera aggregate; no row is converted to a speaker count.,ACE-A110
AFG-S001,Afrobarometer Round 9 Nigeria release dataset (fieldwork 2022),Afrobarometer,2022,authoritative primary probability-survey microdata,Nigeria,Weighted share of valid adult respondents by Q2 primary language spoken in the home,https://www.afrobarometer.org/wp-content/uploads/2023/06/afrobarometer_release-dataset_nig_r9_en_2023-04-01.sav,"SAV Q2; DATEINTR 2022-03-05 to 2022-04-01; withinwt_hh; valid Q2 n=1,600",private_local_witness_omitted; verify by registered URL and SHA-256,0F09326EECF7BBDD46C4A8589F9E909618B451C2368783E79AA42F59EA85DC90,1351590,,2026-08-25,2,medium,"Adult probability-sample share, not a census count. Q2 records one primary home language, not all languages spoken, literacy, or academic reading ability. Weighted point estimates have sampling and design uncertainty; no design-correct confidence interval is encoded.",ACE-A113
AFG-S002,Afrobarometer Round 9 Tanzania release dataset (fieldwork 2022),Afrobarometer,2022,authoritative primary probability-survey microdata,Tanzania,Weighted share of valid adult respondents by Q2 primary language spoken in the home,https://www.afrobarometer.org/wp-content/uploads/2024/02/TAN_R9.data_.final_.wtd_release.30May23.sav,"SAV Q2; DATEINTR 2022-10-06 to 2022-11-21; withinwt_hh; valid Q2 n=2,400",private_local_witness_omitted; verify by registered URL and SHA-256,DECE4811AB886DE0D83987EDE76898BCA84F3C5D8DB8DDE5A4F81E6E0ACE2840,1889899,,2026-08-25,2,medium,"Adult probability-sample share, not a census count. Q2 records one primary home language, not multilingual repertoire, literacy, or academic reading ability. No design-correct confidence interval is encoded.",ACE-A113
AFG-S003,Afrobarometer Round 9 Kenya release dataset (fieldwork 2021),Afrobarometer,2021,authoritative primary probability-survey microdata,Kenya,Weighted share of valid adult respondents by Q2 primary language spoken in the home,https://www.afrobarometer.org/wp-content/uploads/2023/06/afrobarometer_release-dataset_ken_r9_en_2023-03-01.sav,"SAV Q2; DATEINTR 2021-11-12 to 2021-11-30; withinwt_hh; valid Q2 n=2,400",private_local_witness_omitted; verify by registered URL and SHA-256,C22F58C4D486F617E05053830D80F3DD743E148DC04EFAB47159AC3BC423D55B,2308257,,2026-08-25,2,medium,"The file was released in 2023, but DATEINTR places fieldwork in 2021. Adult probability-sample share, not a census count. Several Q2 labels are language clusters or combined categories and are not single edition profiles. No design-correct confidence interval is encoded.",ACE-A113
AFG-S004,Afrobarometer Round 9 Madagascar release dataset (fieldwork 2022),Afrobarometer,2022,authoritative primary probability-survey microdata,Madagascar,Weighted share of valid adult respondents by Q2 primary language spoken in the home,https://www.afrobarometer.org/wp-content/uploads/2023/06/MAD_R9.data_.final_.wtd_release.14Feb23_updated.21Feb23.sav,"SAV Q2; DATEINTR 2022-04-26 to 2022-05-22; withinwt_hh; valid Q2 n=1,200",private_local_witness_omitted; verify by registered URL and SHA-256,F3992F24CB53F0C00B6B247B003DDC61A6A24E7F0417B34D9DD3F85430FDFA30,1042826,,2026-08-25,2,medium,"The regional-specific Malagasy response is an undifferentiated aggregate, not a named variety. Adult probability-sample share, not a census count or literacy measure. No design-correct confidence interval is encoded.",ACE-A113
AFG-S005,Afrobarometer Round 9 Côte d’Ivoire release dataset (fieldwork 2021),Afrobarometer,2021,authoritative primary probability-survey microdata,Côte d’Ivoire,Weighted share of valid adult respondents by Q2 primary language spoken in the home,https://www.afrobarometer.org/wp-content/uploads/2023/06/afrobarometer_release-dataset_cdi_r9_fr_2023-03-01.sav,"SAV Q2; DATEINTR 2021-11-30 to 2021-12-10; withinwt_hh; valid Q2 n=1,200",private_local_witness_omitted; verify by registered URL and SHA-256,1747CCC4238FD1B021CB66944BDEA3A6793C3DC3DF61DDAE6BC604FFF992C1AE,1038175,,2026-08-25,2,medium,"The file was released in 2023, but DATEINTR places fieldwork in 2021. Malinké / Dioula and Sénoufo are combined or aggregate source categories; neither supplies a Jula-only or single-Senufo-variety estimate. No design-correct confidence interval is encoded.",ACE-A113
AFG-S006,Afrobarometer Round 6 Algeria release dataset (fieldwork 2015),Afrobarometer,2015,authoritative primary probability-survey microdata,Algeria,Weighted share of valid adult respondents by Q2 respondent-language category,https://www.afrobarometer.org/wp-content/uploads/2022/02/alg_r6_data.sav,"SAV Q2; variable label 'Language of respondent'; DATEINTR 2015-05-28 to 2015-06-17; withinwt; valid Q2 n=1,200",private_local_witness_omitted; verify by registered URL and SHA-256,B3A745BBAB7004BEFFEE9426A2D8D5DF39D9850280C403B9AB3C6366036D7BF7,937512,,2026-08-25,2,medium,"Q2 is labelled 'Language of respondent', not primary home language. 'Berber Language' is an undifferentiated aggregate and cannot be assigned to Kabyle, Tachawit, Mozabite, or another specific Amazigh profile. Adult sample; no design-correct confidence interval is encoded.",ACE-A113
AFG-S007,Afrobarometer Round 9 merged codebook,Afrobarometer,2024,authoritative survey codebook,Multi-country Africa,Q2 wording and value labels plus withinwt_hh weighting-variable definition,https://www.afrobarometer.org/wp-content/uploads/2024/10/AB_R9.MergeCodebook_25Jun24.final_.pdf,Q2 on PDF pp.12-14; withinwt_hh definition on PDF p.84,private_local_witness_omitted; verify by registered URL and SHA-256,1AFD1A78D26B01336DFF1CB7B1FA5EDBEAE00361D935227DECB08D4FFAC20281,728081,84,2026-08-25,2,high,Supports variable interpretation and weighting; country SAV files remain the primary observation witnesses. It does not turn survey shares into population counts.,ACE-A113
AFG-S008,RGPH5 2022: Caractéristiques culturelles de la population,"Institut National de la Statistique (INSTAT) and Bureau Central du Recensement (BCR), Mali",2022,official census thematic report,Mali,Resident population aged 3 years and above by mother-tongue category,https://bibliostat.instat.ml/greenstone3/library/collection/dmograph/document/HASH01e98829c5a7e2847f521a98?ed=1,"Tableau 3.01, printed p.25; HTML document node HASH01e98829c5a7e2847f521a98.40",private_local_witness_omitted; verify by registered URL and SHA-256,3FB30D8041A0F90171B7A5C1ACC7D234EA02C13736131D2F4FA90A4144B2C915,483620,,2026-08-25,1,medium,"Table 3.01 and Annex A03 publish materially different counts, and some printed sex subtotals do not exactly add to the printed ensemble cells. These observations preserve the Table 3.01 ensemble cells verbatim and do not repair or combine them. Peulh/Fulfulde and Malinké/Maninkakan remain source aggregates unless separately resolved.",ACE-A113
AFG-S009,"RGPH-5 2023 definitive report, Theme I: Etat et structure, urbanisation et caractéristiques socioculturelles de la population","Agence Nationale de la Statistique et de la Démographie (ANSD), Senegal",2023,official census report,Senegal,Resident population aged 3 years and above by principal language commonly spoken,https://www.ansd.sn/sites/default/files/recensements/rapport/rapport_national/Rapport-def-RGPH-5.pdf,"Tableau I-32, printed pp.57-58; PDF pp.94-95",private_local_witness_omitted; verify by registered URL and SHA-256,5DCA370935549249A1883522A7E6CDDBD6282140571A7F1B874AC9EAB2BF16B2,14907435,666,2026-08-25,1,high,"Principal-language categories are mutually exclusive and do not measure all languages spoken, literacy, or academic reading ability. Joola is not a single exact variety. ISO mappings are editorial and not supplied by the census table.",ACE-A113
AFG-S010,Fifth Rwanda Population and Housing Census 2022: Main indicators report,National Institute of Statistics of Rwanda (NISR),2022,official census report,Rwanda,Resident population aged 15 years and above by mutually exclusive language(s)-of-literacy combination,https://statistics.gov.rw/sites/default/files/documents/2025-02/RPHC5_MainIndicatorsReport_Final.pdf,"Table 8, printed p.12; PDF p.37",private_local_witness_omitted; verify by registered URL and SHA-256,72ECB5945DC5672451DB84B050C94A21989CD0F614C3924DC67A604BA49C7A8E,6842847,176,2026-08-25,1,high,"The inclusive Kinyarwanda share is a derived sum of seven mutually exclusive one-decimal cells. Its low/high fields are a conservative rounding envelope, not sampling uncertainty. The exclusive Kinyarwanda-only and inclusive observations are nested and must never be added.",ACE-A113
AFG-S011,Répartition de la population issue du RGPH 2008,Institut de Statistiques et d’Études Économiques du Burundi (ISTEEBU/INSBU),2008,official census tables,Burundi,Population aged 10 years and above by mutually exclusive language read-and-written combination,https://www.insbu.bi/documents/recensements/R%C3%A9partition-de-la-population-issue-du-RGPH-2008.pdf,"Tableau 3.2, PDF p.62",private_local_witness_omitted; verify by registered URL and SHA-256,5B4FB61FFD849743E5CE3B54F2A36E1775ACAD2D219ACD900C3486A80D2437FC,580356,173,2026-08-25,1,high,"The any-Kirundi count is a derived sum of 16 mutually exclusive total-column rows containing Kirundi. It is nested over the exact Kirundi-only cell; never add the two observations. Counts concern reading and writing among persons aged 10+, not total speakers.",ACE-A113
AFG-S012,RGPH 2014 language-use table for earthquake-affected communes and national comparator,"Haut-Commissariat au Plan (HCP), Morocco",2014,official census table,Morocco,"Published prevalence percentages for languages spoken, national comparator row",https://www.hcp.ma/file/238776/,"Tableau 4, Total Royaume du Maroc row, printed p.49; PDF p.50",private_local_witness_omitted; verify by registered URL and SHA-256,FFEF2B45FD271D4EB68C1BF8E1CCA324484C06EB1784B5B0D71ED1D3AD5C0A91,5953298,53,2026-08-25,1,high,"The national language percentages are nonexclusive: the five published language columns sum to 117.7%. Tachelhit, Tamazight, and Tarifit profiles therefore overlap and must not be summed. The table does not establish script or orthography.",ACE-A113
GRG-S001,Detailed Languages Spoken at Home and Ability to Speak English for the Population 5 Years and Over in the United States: 2017-2021,U.S. Census Bureau,2017-2021,official ACS five-year detailed-language tabulation,United States,Estimated persons age 5 years and over speaking the named language at home with published 90 percent margin of error,https://www2.census.gov/programs-surveys/demo/tables/language-use/2017/2017-2021-acs-lang-tables-nation.xlsx,"Nation worksheet; selected indented child rows 11, 22, 24, 231, 233-234, 237-239, 246-247, 255, 260, 272, 458, 462, 473-474, 487-488, 492, 508, 510-511, 520, 522, 527, 529, 535, 538, 547-548, 552, 554, 564; notes rows 575-581",private_local_witness_omitted; verify by registered URL and SHA-256,724E415C533B268820367A85739F76F4EC4CCC881A19C9C52C908E447D1C2533,37971,,2026-08-25,1,high,"Sample estimates, not enumerated counts. Universe is age 5 and over and the measure is language spoken at home, not mother tongue or educational access. Parent language-family rows overlap child rows and were excluded. Published margins of error are 90 percent intervals; nonsampling error is not included. Detailed estimates may not sum to aggregates because of rounding.",ACE-A117
GRG-S002,"2021 Lingiari, Census All persons QuickStats",Australian Bureau of Statistics,2021,official national census QuickStats,Australia,Persons reporting the named main language used at home in the national Australia comparison column,https://www.abs.gov.au/census/find-census-data/quickstats/2021/CED701,"Language used at home, top responses other than English; Australia column; Kriol, Djambarrpuyngu, Warlpiri, Murrinh Patha and Alyawarr rows",private_local_witness_omitted; verify by registered URL and SHA-256,F105D980714B0929937CDD5EBAE524D382070088AA17148487FC1A07824D28C6,190148,,2026-08-25,1,high,"National values are the Australia comparison column, not the Lingiari local counts. ABS applied small random changes to cells for privacy. Language used at home permits one main-language response and is not an L1 or educational-access measure.",ACE-A117
GRG-S003,"2021 Alice Springs, Census All persons QuickStats",Australian Bureau of Statistics,2021,official national census QuickStats,Australia,Persons reporting the named main language used at home in the national Australia comparison column,https://www.abs.gov.au/census/find-census-data/quickstats/2021/70201,"Language used at home, top responses other than English; Australia column; Pitjantjatjara row",private_local_witness_omitted; verify by registered URL and SHA-256,F10C4303A4074CB3340B87F84CBE7840302E01439D64C17FBA0D333FDC8DBA98,190687,,2026-08-25,1,high,"National value is the Australia comparison column, not the Alice Springs local count. ABS applied small random changes to cells for privacy. Language used at home permits one main-language response and is not an L1 or educational-access measure.",ACE-A117
GRG-S004,"2021 Katherine, Census All persons QuickStats",Australian Bureau of Statistics,2021,official national census QuickStats,Australia,Persons reporting the named main language used at home in the national Australia comparison column,https://www.abs.gov.au/census/find-census-data/quickstats/2021/70205,"Language used at home, top responses other than English; Australia column; Gurindji, Ngarinyman and Nunggubuyu rows",private_local_witness_omitted; verify by registered URL and SHA-256,C94A5B835AE62F151DE8C91595158BA72C36888EEC7889977B813251C614DCED,190125,,2026-08-25,1,high,"National values are the Australia comparison column, not the Katherine local counts. ABS applied small random changes to cells for privacy. Language used at home permits one main-language response and is not an L1 or educational-access measure.",ACE-A117
GRG-S005,"2021 Barkly, Census All persons QuickStats",Australian Bureau of Statistics,2021,official national census QuickStats,Australia,Persons reporting the named main language used at home in the national Australia comparison column,https://www.abs.gov.au/census/find-census-data/quickstats/2021/70202,"Language used at home, top responses other than English; Australia column; Warumungu row",private_local_witness_omitted; verify by registered URL and SHA-256,8ED4EC8A7442BFBE2BB9D44A5779C0E40F44B9E18A59F17E857E90CEC7F97F89,189703,,2026-08-25,1,high,"National value is the Australia comparison column, not the Barkly local count. ABS applied small random changes to cells for privacy. Language used at home permits one main-language response and is not an L1 or educational-access measure.",ACE-A117
GRG-S006,Size and demographic-social structure in the light of the 2021 Census results,Statistics Poland,2021-03-31,official national census publication,Poland,Persons using the named language at home; respondents could indicate more than one language,https://stat.gov.pl/files/gfx/portalinformacyjny/en/defaultaktualnosci/3701/6/1/1/national_population_and_housing_census_2021_population_2.pdf,"Table 7.5, printed p. 120, PDF p. 122",private_local_witness_omitted; verify by registered URL and SHA-256,F410C5BDB49B71C3F4A0785F750D4944537F822B3CC679C4B38A181CE2713CBC,20165596,177,2026-08-25,1,high,"Multiple language responses were allowed, so rows overlap and must not be summed. The table measures language used at home, not L1 or academic-language comfort. Official bilingual labels are retained exactly. The population source does not report scripts or orthographies.",ACE-A117
ASSEC-S001,Unicode CLDR 48.2 supplemental territory and language population data,Unicode Consortium CLDR Technical Committee,2026-03-17,authoritative secondary standardization dataset XML,Multi-territory,Territory population and language population percentage inputs; interpretation supplied by the CLDR territory-language chart,https://raw.githubusercontent.com/unicode-org/cldr/release-48-2/common/supplemental/supplementalData.xml,/supplementalData/territoryInfo/territory and child languagePopulation elements for BD MM LA MN LK MY TJ; reference nodes R1028 R1055 R1218 R1263 audited for exclusions,private_local_witness_omitted; verify by registered URL and SHA-256,cd2af39aef82fdbfba4d591c87548203350538ad2318486d104b3b38b8d62f1a,399983,,2026-08-25,2,medium,Component estimate years and confidence intervals are not stated. CLDR warns that inputs are heterogeneous and not necessarily current or comparable. Only target elements without a references attribute are used; rows explicitly referencing Wikipedia are excluded.,ACE-A136
ASSEC-S002,CLDR 48 Territory-Language Information chart,Unicode Consortium CLDR Technical Committee,2025-10-29 CLDR 48 release,authoritative secondary dataset chart and measure definition,Multi-territory,Approximate literate functional language population comfortable using the language with computers; may include L1 and later-language users,https://www.unicode.org/cldr/charts/48/supplemental/territory_language_information.html,Introduction immediately before Territory Code table; target territory rows used only as human-readable corroboration of XML,private_local_witness_omitted; verify by registered URL and SHA-256,7fe267322daed97533c2a5ee5e847fa0f847f2c2b903906f371f4990be733c9a,476732,,2026-08-25,2,high,Chart counts are visibly rounded and are not used as arithmetic inputs. Chart version 48 supplies the measure definition for the release-48-2 XML; the pinned 48.2 XML supplies all staged values.,ACE-A136
ASSEC-S003,Requesting Additions or Updates to CLDR Language and Population Data,Unicode Consortium CLDR Technical Committee,accessed 2026-08-25; page publication date not stated,official methodology page,Multi-territory,CLDR inclusion purpose and requirements for reliable population and literacy sources,https://cldr.unicode.org/index/requesting-additionsupdates-to-cldr-languagepopulation-data,Paragraphs on computer-interface usefulness and reliable sources for population updates,private_local_witness_omitted; verify by registered URL and SHA-256,a8b1ebb525cf85b182596abc272260a3ab8228eda35d93e0493da71442018883,5191,,2026-08-25,2,high,"Methodology support only; it provides no observation. Its language-name resource list mentions Wikipedia, but this package does not use that link or Wikipedia evidence.",ACE-A136
ASSEC-S004,CLDR Releases and Downloads,Unicode Consortium CLDR Technical Committee,2026-03-17,official release metadata,Global,Identifies CLDR 48.2 as a stable release and gives its release date and GitHub tag,https://cldr.unicode.org/index/downloads,Release table row 48.2,private_local_witness_omitted; verify by registered URL and SHA-256,11cbd48f07e7f8022867ce804375ed88950c25e38893d78943a8e0d0b78b7828,80418,,2026-08-25,2,high,Release metadata only; not population evidence by itself.,ACE-A136
ASSEC-S005,Unicode CLDR 48.2 likely-subtag mappings,Unicode Consortium CLDR Technical Committee,2026-03-17,authoritative profile-mapping XML,Multi-territory,Likely language-script-territory mappings used only to check candidate profile alignment,https://raw.githubusercontent.com/unicode-org/cldr/release-48-2/common/supplemental/likelySubtags.xml,likelySubtag elements from bn my lo mn si ta ms tg and Philippine language codes,private_local_witness_omitted; verify by registered URL and SHA-256,b0049bc6420715b1e3010f43d95745dca227c5aa60357d1d89a1bdcb06287312,919361,,2026-08-25,2,high,Profile support only; not population evidence. Tamil defaults to ta-Taml-IN and therefore supports script but not a Sri Lanka-specific likely profile.,ACE-A136
ASSEC-S006,Transparent CLDR 48.2 target person-count derivations and exclusion audit,Arithmetic derivation from ASSEC-S001 through ASSEC-S005,2026-03-17 release; component years not stated,transparent secondary derivation witness,Bangladesh; Myanmar; Laos; Mongolia; Sri Lanka; Malaysia; Tajikistan,Nearest-person arithmetic from pinned territory population times pinned language population percentage; no invented confidence interval,https://raw.githubusercontent.com/unicode-org/cldr/release-48-2/common/supplemental/supplementalData.xml,cldr_target_derivations.md formulas table and exclusion audit,private_local_witness_omitted; verify by registered URL and SHA-256,c953259bcd31245ced999d553c6289e48bbb7bb727f9411dbb95af340466aae5,3740,,2026-08-25,2,medium,"Derived point counts inherit CLDR's unspecified component vintages and uncertainty. Integer percentage rounding rules are not published, so observation low/high fields remain blank. Not direct census evidence.",ACE-A136
ASSEC-S007,Consonants vowels and tones across Vietnamese dialects,International Journal of Speech-Language Pathology; PubMed record by U.S. National Library of Medicine,2016; estimate vintage not stated,peer-reviewed scholarly secondary estimate,Vietnam,Published lower-bound statement that Vietnamese is spoken by over 89 million people in Vietnam,https://pubmed.ncbi.nlm.nih.gov/27172848/,PMID 27172848; AbstractText label PURPOSE first sentence; volume 18 issue 2 pages 122-134; DOI 10.3109/17549507.2015.1101162,private_local_witness_omitted; verify by registered URL and SHA-256,3ea83aeb6ea38206248f82d6f5ee2418c704c686afc8535cf4c2780c00900acd,5788,,2026-08-25,2,medium,Rounded lower bound rather than a point estimate; L1 versus L2 and source year of the population estimate are not stated. The article is about dialect phonetics rather than population estimation.,ACE-A136
ASSEC-S008,CLEAR Global Language Use Data Platform Philippines national API snapshot,CLEAR Global; underlying source IPUMS International Philippines Census 2010 extract,2010-12-31,curated authoritative secondary API from weighted census microdata,Philippines,Weighted persons by normalized main language at national aggregation level zero,"https://ludp.clearglobal.org/public/location/PHL/?aggregation=0&fields=proportion_value,language_rank,language_name,language_code,location_name,location_code,location_level,dataset_name,url,source,datetime_published,reliability_score,individuals_value_weighted&page_size=500",JSON data rows Cebuano cebu1242; Iloko ilok1237; Hiligaynon hili1240; Waray (Philippines) wara1300; fields individuals_value_weighted and reliability_score,private_local_witness_omitted; verify by registered URL and SHA-256,b51008415bc8f36f8fd664c5d00a64f2dd0365f3e963fd3930aaa2540452cfb8,54147,,2026-08-25,2,high,"Exact API point values are weighted estimates, not exact headcounts; no variance or confidence interval is exposed. The platform normalizes the metric as main language. API content is mutable, so the local byte witness is controlling.",ACE-A136
ASSEC-S009,CLEAR Global Language Use Data Platform methodology,CLEAR Global,accessed 2026-08-25; page publication date not stated,official platform methodology,Global,"Defines current metric as people's main or primary language and describes source identification, processing, reliability scoring, and census data via IPUMS",https://clearglobal.org/language-maps-and-data/,Main-language definition lines 72-75 and Methodology Notes lines 138-148 in rendered page,private_local_witness_omitted; verify by registered URL and SHA-256,0080c5c0d3ad617f349080977ebda4b4d1396fd89e92eba6403d1cd54a7ce2d5,127481,,2026-08-25,2,high,Methodology support only. The API response does not expose the original census question wording or a design-correct interval.,ACE-A136
ASSEC-S010,CLEAR Global Language Use Data Platform API documentation collection,CLEAR Global / Postman Documenter,accessed 2026-08-25; collection version latest,official API documentation,Global,"Documents public location endpoint, aggregation and field-selection parameters",https://documenter.getpostman.com/view/40233063/2sAYBbcoH3,Postman collection public location requests and base URL https://ludp.clearglobal.org/public,private_local_witness_omitted; verify by registered URL and SHA-256,a1b30316f6398de7c1dbdeaff112ae4fd1ee7031ce5ccf29b65fc0e2135a5455,41489,,2026-08-25,2,high,"API mechanics only; no population observation by itself. The collection is labeled latest, so the local witness pins the accessed version.",ACE-A136
ASSEC-S011,Glottolog languoid record cebu1242 Cebuano,Glottolog,accessed 2026-08-25; record vintage not stated,scholarly language identifier record,Philippines,Crosswalk from CLEAR API Glottocode cebu1242 to language name Cebuano and hid ceb,https://glottolog.org/resource/languoid/id/cebu1242.json,JSON root fields id name hid level,private_local_witness_omitted; verify by registered URL and SHA-256,c59bd19be58f0a815fd32a56e32095d87b86ba99d0885692663ae00714d89279,1857,,2026-08-25,2,high,Identifier crosswalk only; supplies no population count or orthography evidence.,ACE-A136
ASSEC-S012,Glottolog languoid record ilok1237 Iloko,Glottolog,accessed 2026-08-25; record vintage not stated,scholarly language identifier record,Philippines,Crosswalk from CLEAR API Glottocode ilok1237 to language name Iloko and hid ilo,https://glottolog.org/resource/languoid/id/ilok1237.json,JSON root fields id name hid level,private_local_witness_omitted; verify by registered URL and SHA-256,5032c6bbb592881bb12921d0b2bfa081ca08fa4c9ef4e489703f0a5ee0c28d72,1563,,2026-08-25,2,high,Identifier and Iloko/Ilocano alias crosswalk support only; supplies no population count or orthography evidence.,ACE-A136
ASSEC-S013,Glottolog languoid record hili1240 Hiligaynon,Glottolog,accessed 2026-08-25; record vintage not stated,scholarly language identifier record,Philippines,Crosswalk from CLEAR API Glottocode hili1240 to language name Hiligaynon and hid hil,https://glottolog.org/resource/languoid/id/hili1240.json,JSON root fields id name hid level,private_local_witness_omitted; verify by registered URL and SHA-256,2aefff94d881935b6ca25286f9cbf1a9d56134dbd38ae90d111d33b9ed96465c,2139,,2026-08-25,2,high,Identifier crosswalk only; supplies no population count or orthography evidence.,ACE-A136
ASSEC-S014,Glottolog languoid record wara1300 Waray Philippines,Glottolog,accessed 2026-08-25; record vintage not stated,scholarly language identifier record,Philippines,Crosswalk from CLEAR API Glottocode wara1300 to language name Waray (Philippines) and hid war,https://glottolog.org/resource/languoid/id/wara1300.json,JSON root fields id name hid level,private_local_witness_omitted; verify by registered URL and SHA-256,6a98d08b8880384c444a9c9c13bf210374a45ec1b42cd627c606ccc9527731e1,1949,,2026-08-25,2,high,Identifier crosswalk only; supplies no population count or orthography evidence. Distinct from the API's Waray Sorsogon row.,ACE-A136
ASSEC-S015,CIA World Factbook Afghanistan language field captured 2023-01-02,U.S. Central Intelligence Agency; raw official page preserved by Internet Archive Wayback Machine,2020 estimate; page captured 2023-01-02,official government secondary estimate preserved as web snapshot,Afghanistan,Total language-speaker shares: Dari 77 percent and Pashto 48 percent; explicitly nonexclusive because many people are multilingual,https://web.archive.org/web/20230102023706id_/https://www.cia.gov/the-world-factbook/countries/afghanistan/,"People and Society > Languages field; language shares, 2020 estimate label, and note 1 on multilingual percentages",private_local_witness_omitted; verify by registered URL and SHA-256,4a7186a29452985fbd2c69c59b6c948ffcefc56ca90d416b5fb991bef32def1c,360187,,2026-08-25,2,medium,"Government estimate rather than a census; methodology, percentage rounding rule, L1/L2 split, and confidence intervals are not published. Wayback is only the witness host; CIA is the source authority.",ACE-A136
ASSEC-S016,General country of origin information report Afghanistan June 2023,Netherlands Ministry of Foreign Affairs Country of Origin Information Reports Section,2023-06-30; repeats CIA 2020 estimate,official government secondary synthesis,Afghanistan,Speaker rather than native-speaker interpretation of Dari 77 percent and Pashto 48 percent; explains multilingual overlap,https://www.government.nl/site/binaries/site-content/collections/documents/2023/06/30/general-country-of-origin-report-afghanistan-june-2023/General%2BCountry%2Bof%2BOrigin%2BReport%2BAfghanistan%2BJune%2B2023.pdf,Printed page 72 section 3.1.1.2; footnotes 502-504; footnote 504 cites CIA World Factbook Afghanistan 4 January 2023,private_local_witness_omitted; verify by registered URL and SHA-256,2e770ab7f1824c48e1a326132042de1431680dbd92616b650f250b389e9c490f,2255778,164,2026-08-25,2,high,"Republishes rather than independently measures the shares. It is used to verify speaker semantics and multilingual nonexclusivity, not as a new survey.",ACE-A136
ASSEC-S017,World Bank Population total Afghanistan 2020 API response,World Bank,2020; API metadata last updated 2026-07-13,official statistical API denominator,Afghanistan,SP.POP.TOTL total population 39068979 persons for Afghanistan in 2020,https://api.worldbank.org/v2/country/AFG/indicator/SP.POP.TOTL?date=2020&format=json&per_page=10,JSON [1][0] countryiso3code AFG date 2020 value 39068979 indicator SP.POP.TOTL,private_local_witness_omitted; verify by registered URL and SHA-256,0acf0637bb9d84793b4865b7126d55c4d459a6b200bd323d64f3f8bd1e356b66,290,,2026-08-25,1,high,Population denominator only; not a language measure. It is matched to the 2020 estimate year of the CIA shares.,ACE-A136
ASSEC-S018,Transparent Afghanistan Dari and Pashto person-count derivation,Arithmetic derivation from ASSEC-S015 through ASSEC-S017,2020,transparent secondary derivation witness,Afghanistan,"Nearest-person product of World Bank 2020 population and CIA 2020 total-speaker shares, with official report semantic check",https://web.archive.org/web/20230102023706id_/https://www.cia.gov/the-world-factbook/countries/afghanistan/,afghanistan_language_derivation.md formulas for Dari and Pashto,private_local_witness_omitted; verify by registered URL and SHA-256,c36f9f1edf1f5be55bec4552f7960e3f7c99a639037c2816045245ac50f14d53,1577,,2026-08-25,2,medium,Derived point counts inherit the source shares' unknown rounding and uncertainty. No numerical low/high interval is invented. Dari and Pashto totals overlap and must never be summed; displaced cohorts outside Afghanistan are excluded.,ACE-A136
PM-S022,Communique of the Seventh National Population Census (No. 2),National Bureau of Statistics of China,2020-11-01,official census communique,China,Persons enumerated in the 31 mainland provinces autonomous regions and municipalities plus servicemen,https://www.stats.gov.cn/english/PressRelease/202105/t20210510_1817187.html,"Section I Total Population; mainland row 1,411,778,724; note 6 defines exclusions",,,,,2026-08-30,1,high,"Territory population denominator only. It is not an exact count of zh-Hans-CN readers or comfortable academic-language users; Hong Kong, Macao, Taiwan, and foreigners in the 31 jurisdictions are excluded by the source definition.",ACE-E060
PM-S023,Population and Households of Japan 2020: Summary of the Results,Statistics Bureau of Japan,2020-10-01,official national census summary,Japan,"Total resident population of Japan as of October 1, 2020",https://www.stat.go.jp/english/data/kokusei/2020/summary/pdf/01.pdf,"Basic Complete Tabulation, Table 1, 2020 row; 126,146,099 persons",,,,,2026-08-30,1,high,"Territory population denominator only. It includes residents regardless of language and is not an exact Japanese-language, comfortable academic-reader, or underserved-person count.",ACE-E068
PM-S021,"Jumlah Penduduk Berumur 5 Tahun ke Atas Menurut Wilayah, Jenis Kelamin, dan Kemampuan Berbahasa Indonesia, di INDONESIA",BPS-Statistics Indonesia,2022,official Long Form Population Census 2020 table released for 2022,Indonesia,Population aged 5 and over reported able to understand spoken Indonesian and produce Indonesian words intelligible to another person,https://sensus.bps.go.id/topik/tabular/sp2022/196,"TOTAL row; Total / Dapat Berbahasa Indonesia = 248,501,794; table metadata and classification definition",,,,,2026-08-30,1,high,"This is an official long-form census point estimate of oral functional ability, not written literacy, home language, mother tongue, academic reading comfort, or proof of demand for a particular curriculum. The model therefore treats it as a gross Bahasa Indonesia reach ceiling and applies written-access and academic-language non-overlap factors separately.",SP-D008
