"source_id","source_domain","used_in_table2","used_in_top100","table2_intervention_ids","top100_intervention_ids","title","corporate_author_or_institution","registered_date_or_year","accessed_date","source_type","authority_level_or_tier","territory","measure_or_exact_evidence","source_locator","url","local_witness_workspace_relative","registered_bytes","recomputed_bytes","bytes_status","registered_sha256","recomputed_sha256","hash_status","apa_date_rendered","apa_authorship_basis","apa_reference_draft","manuscript_source_note","limitations"
"AFG-S008","population_authority","true","true","EXP-018","EXP-018","RGPH5 2022: Caractéristiques culturelles de la population","Institut National de la Statistique (INSTAT) and Bureau Central du Recensement (BCR), Mali","2022","2026-08-25","official census thematic report","1","Mali","Resident population aged 3 years and above by mother-tongue category","Tableau 3.01, printed p.25; HTML document node HASH01e98829c5a7e2847f521a98.40","https://bibliostat.instat.ml/greenstone3/library/collection/dmograph/document/HASH01e98829c5a7e2847f521a98?ed=1","01_methodology/research_department/ai_compute_educational_access_20260825/staging/africa_large_gaps/sources/Mali_RGPH5_2022_cultural_characteristics.html","483620","483620","PASS","3FB30D8041A0F90171B7A5C1ACC7D234EA02C13736131D2F4FA90A4144B2C915","3FB30D8041A0F90171B7A5C1ACC7D234EA02C13736131D2F4FA90A4144B2C915","PASS","2022","registered authority used as corporate author","Institut National de la Statistique (INSTAT) and Bureau Central du Recensement (BCR), Mali. (2022). *RGPH5 2022: Caractéristiques culturelles de la population* [official census thematic report]. https://bibliostat.instat.ml/greenstone3/library/collection/dmograph/document/HASH01e98829c5a7e2847f521a98?ed=1","AFG-S008 supplies Resident population aged 3 years and above by mother-tongue category for Mali. Registered locator: Tableau 3.01, printed p.25; HTML document node HASH01e98829c5a7e2847f521a98.40. Registered temporal field: 2022. Caveat: Table 3.01 and Annex A03 publish materially different counts, and some printed sex subtotals do not exactly add to the printed ensemble cells. These observations preserve the Table 3.01 ensemble cells verbatim and do not repair or combine them. Peulh/Fulfulde and Malinké/Maninkakan remain source aggregates unless separately resolved.","Table 3.01 and Annex A03 publish materially different counts, and some printed sex subtotals do not exactly add to the printed ensemble cells. These observations preserve the Table 3.01 ensemble cells verbatim and do not repair or combine them. Peulh/Fulfulde and Malinké/Maninkakan remain source aggregates unless separately resolved."
"AFG-S009","population_authority","true","true","NAT-081;OBS-POP-SN-AFG-002;OBS-POP-SN-AFG-005","NAT-081;OBS-POP-SN-AFG-002;OBS-POP-SN-AFG-005","RGPH-5 2023 definitive report, Theme I: Etat et structure, urbanisation et caractéristiques socioculturelles de la population","Agence Nationale de la Statistique et de la Démographie (ANSD), Senegal","2023","2026-08-25","official census report","1","Senegal","Resident population aged 3 years and above by principal language commonly spoken","Tableau I-32, printed pp.57-58; PDF pp.94-95","https://www.ansd.sn/sites/default/files/recensements/rapport/rapport_national/Rapport-def-RGPH-5.pdf","01_methodology/research_department/ai_compute_educational_access_20260825/staging/africa_large_gaps/sources/Senegal_RGPH5_2023_Theme_I.pdf","14907435","14907435","PASS","5DCA370935549249A1883522A7E6CDDBD6282140571A7F1B874AC9EAB2BF16B2","5DCA370935549249A1883522A7E6CDDBD6282140571A7F1B874AC9EAB2BF16B2","PASS","2023","registered authority used as corporate author","Agence Nationale de la Statistique et de la Démographie (ANSD), Senegal. (2023). *RGPH-5 2023 definitive report, Theme I: Etat et structure, urbanisation et caractéristiques socioculturelles de la population* [official census report]. https://www.ansd.sn/sites/default/files/recensements/rapport/rapport_national/Rapport-def-RGPH-5.pdf","AFG-S009 supplies Resident population aged 3 years and above by principal language commonly spoken for Senegal. Registered locator: Tableau I-32, printed pp.57-58; PDF pp.94-95. Registered temporal field: 2023. Caveat: Principal-language categories are mutually exclusive and do not measure all languages spoken, literacy, or academic reading ability. Joola is not a single exact variety. ISO mappings are editorial and not supplied by the census table.","Principal-language categories are mutually exclusive and do not measure all languages spoken, literacy, or academic reading ability. Joola is not a single exact variety. ISO mappings are editorial and not supplied by the census table."
"AFG-S011","population_authority","true","true","NAT-079","NAT-079","Répartition de la population issue du RGPH 2008","Institut de Statistiques et d’Études Économiques du Burundi (ISTEEBU/INSBU)","2008","2026-08-25","official census tables","1","Burundi","Population aged 10 years and above by mutually exclusive language read-and-written combination","Tableau 3.2, PDF p.62","https://www.insbu.bi/documents/recensements/R%C3%A9partition-de-la-population-issue-du-RGPH-2008.pdf","01_methodology/research_department/ai_compute_educational_access_20260825/staging/africa_large_gaps/sources/Burundi_RGPH2008_population_tables.pdf","580356","580356","PASS","5B4FB61FFD849743E5CE3B54F2A36E1775ACAD2D219ACD900C3486A80D2437FC","5B4FB61FFD849743E5CE3B54F2A36E1775ACAD2D219ACD900C3486A80D2437FC","PASS","2008","registered authority used as corporate author","Institut de Statistiques et d’Études Économiques du Burundi (ISTEEBU/INSBU). (2008). *Répartition de la population issue du RGPH 2008* [official census tables]. https://www.insbu.bi/documents/recensements/R%C3%A9partition-de-la-population-issue-du-RGPH-2008.pdf","AFG-S011 supplies Population aged 10 years and above by mutually exclusive language read-and-written combination for Burundi. Registered locator: Tableau 3.2, PDF p.62. Registered temporal field: 2008. Caveat: The any-Kirundi count is a derived sum of 16 mutually exclusive total-column rows containing Kirundi. It is nested over the exact Kirundi-only cell; never add the two observations. Counts concern reading and writing among persons aged 10+, not total speakers.","The any-Kirundi count is a derived sum of 16 mutually exclusive total-column rows containing Kirundi. It is nested over the exact Kirundi-only cell; never add the two observations. Counts concern reading and writing among persons aged 10+, not total speakers."
"ALG-S007","population_authority","true","true","NAT-047","NAT-047","National composition, religion and language proficiency in the Republic of Kazakhstan","Bureau of National Statistics of the Agency for Strategic Planning and Reforms of the Republic of Kazakhstan","2021","2026-08-25","official national census statistical collection","1","Kazakhstan","Native language by nationality and population language proficiency","Table 6, printed p. 243; Table 8, printed p. 366","https://stat.gov.kz/upload/medialibrary/cee/3rsfg8ps3xo19orb284esg4rx27ihqf7/%D0%9D%D0%B0%D1%86%D0%B8%D0%BE%D0%BD%D0%B0%D0%BB%D1%8C%D0%BD%D1%8B%D0%B9%20%D1%81%D0%BE%D1%81%D1%82%D0%B0%D0%B2.pdf","01_methodology/research_department/ai_compute_educational_access_20260825/staging/asia_large_gaps/sources/kazakhstan_bns_2021_census_nationality_language.pdf","","3854606","NOT_REGISTERED_RECOMPUTED","7526D0EC8C1C23DCB37760A5CE5F6A2D43BEE9255DAF6D6C2CDB0C4D08496204","7526D0EC8C1C23DCB37760A5CE5F6A2D43BEE9255DAF6D6C2CDB0C4D08496204","PASS","2021","registered authority used as corporate author","Bureau of National Statistics of the Agency for Strategic Planning and Reforms of the Republic of Kazakhstan. (2021). *National composition, religion and language proficiency in the Republic of Kazakhstan* [official national census statistical collection]. https://stat.gov.kz/upload/medialibrary/cee/3rsfg8ps3xo19orb284esg4rx27ihqf7/%D0%9D%D0%B0%D1%86%D0%B8%D0%BE%D0%BD%D0%B0%D0%BB%D1%8C%D0%BD%D1%8B%D0%B9%20%D1%81%D0%BE%D1%81%D1%82%D0%B0%D0%B2.pdf","ALG-S007 supplies Native language by nationality and population language proficiency for Kazakhstan. Registered locator: Table 6, printed p. 243; Table 8, printed p. 366. Registered temporal field: 2021. Caveat: Table 6 counts language-of-own-nationality only within each nationality and omits cross-nationality native speakers. Table 8 proficiency is not mother tongue or academic comfort; its 17,194,712-person universe appears to be age 5+ from the age table, so the age interpretation is retained as a caveat.","Table 6 counts language-of-own-nationality only within each nationality and omits cross-nationality native speakers. Table 8 proficiency is not mother tongue or academic comfort; its 17,194,712-person universe appears to be age 5+ from the age table, so the age interpretation is retained as a caveat."
"ALG-S008","population_authority","true","true","NAT-048","NAT-048","Population and Housing Census of the Kyrgyz Republic 2022: Book II (Part One), Population of Kyrgyzstan","National Statistical Committee of the Kyrgyz Republic","2022","2026-08-25","official national census statistical collection","1","Kyrgyzstan","Native language by ethnic group","Table 3.8, printed pp. 118-119","https://stat.gov.kg/media/publicationarchive/0f717d2d-5078-4e18-8b56-fb2a530462a2.pdf","01_methodology/research_department/ai_compute_educational_access_20260825/staging/asia_large_gaps/sources/central_asia_extract/kyrgyzstan_nsc_2022_census_book2_part1_ru.pdf","","4940364","NOT_REGISTERED_RECOMPUTED","C9390DD29B4415572139E4A249057B0A35F130BA9F17E548727C0F35E71BF46D","C9390DD29B4415572139E4A249057B0A35F130BA9F17E548727C0F35E71BF46D","PASS","2022","registered authority used as corporate author","National Statistical Committee of the Kyrgyz Republic. (2022). *Population and Housing Census of the Kyrgyz Republic 2022: Book II (Part One), Population of Kyrgyzstan* [official national census statistical collection]. https://stat.gov.kg/media/publicationarchive/0f717d2d-5078-4e18-8b56-fb2a530462a2.pdf","ALG-S008 supplies Native language by ethnic group for Kyrgyzstan. Registered locator: Table 3.8, printed pp. 118-119. Registered temporal field: 2022. Caveat: National Kyrgyz, Uzbek, and Russian native-language totals in the observation file are exact sums of mutually exclusive own-ethnicity and cross-ethnicity cells. Other named groups are nationality-scoped own-language counts and therefore lower bounds on total speakers.","National Kyrgyz, Uzbek, and Russian native-language totals in the observation file are exact sums of mutually exclusive own-ethnicity and cross-ethnicity cells. Other named groups are nationality-scoped own-language counts and therefore lower bounds on total speakers."
"ALG-S009","population_authority","true","true","NAT-055","NAT-055","Results of the Complete Population and Housing Census of Turkmenistan - 2022: National Composition and Language Proficiency","State Committee of Turkmenistan on Statistics","2022","2026-08-25","official national census tables","1","Turkmenistan","Population by mother tongue","Table 4.9, PDF section pp. 8-10","https://stat.gov.tm/population-census-pdfs/results/en/4.pdf","01_methodology/research_department/ai_compute_educational_access_20260825/staging/asia_large_gaps/sources/turkmenistan_stat_2022_census_section4_language.pdf","","4032390","NOT_REGISTERED_RECOMPUTED","2AE148462D99088ACBBE5BEE055E50E7B3017BD6B3D655959B6144DA6780F1A1","2AE148462D99088ACBBE5BEE055E50E7B3017BD6B3D655959B6144DA6780F1A1","PASS","2022","registered authority used as corporate author","State Committee of Turkmenistan on Statistics. (2022). *Results of the Complete Population and Housing Census of Turkmenistan - 2022: National Composition and Language Proficiency* [official national census tables]. https://stat.gov.tm/population-census-pdfs/results/en/4.pdf","ALG-S009 supplies Population by mother tongue for Turkmenistan. Registered locator: Table 4.9, PDF section pp. 8-10. Registered temporal field: 2022. Caveat: Direct mother-tongue totals. Published category labels such as Baloch are retained as-is and do not establish a narrower variety.","Direct mother-tongue totals. Published category labels such as Baloch are retained as-is and do not establish a narrower variety."
"ALG-S011","population_authority","true","true","NAT-031","NAT-031","General Population Census of the Kingdom of Cambodia 2019: National Report on Final Census Results","National Institute of Statistics Cambodia","2019","2026-08-25","official national census report","1","Cambodia","Population by mother tongue","Table 2.7.1, PDF p. 53 / printed p. 25","https://nis.gov.kh/nis/Census2019/Final%20General%20Population%20Census%202019-English.pdf","01_methodology/research_department/ai_compute_educational_access_20260825/staging/asia_large_gaps/sources/cambodia_nis_2019_final_census.pdf","","26586966","NOT_REGISTERED_RECOMPUTED","8A10064A917F4492136ABC770901DDFC868490E0558BD12AC1E4DED86D9D36B5","8A10064A917F4492136ABC770901DDFC868490E0558BD12AC1E4DED86D9D36B5","PASS","2019","registered authority used as corporate author","National Institute of Statistics Cambodia. (2019). *General Population Census of the Kingdom of Cambodia 2019: National Report on Final Census Results* [official national census report]. https://nis.gov.kh/nis/Census2019/Final%20General%20Population%20Census%202019-English.pdf","ALG-S011 supplies Population by mother tongue for Cambodia. Registered locator: Table 2.7.1, PDF p. 53 / printed p. 25. Registered temporal field: 2019. Caveat: The table covers all persons in census households and excludes migrants working abroad. Published total-category counts sum to the stated universe, but multiple male/female subtotals do not sum to their published category totals; only the total-category column is staged.","The table covers all persons in census households and excludes migrants working abroad. Published total-category counts sum to the stated universe, but multiple male/female subtotals do not sum to their published category totals; only the total-category column is staged."
"ALG-S014","population_authority","true","true","EXP-031;EXP-032;EXP-033;EXP-034;EXP-035;NAT-041;NAT-044","EXP-031;EXP-032;EXP-033;EXP-034;EXP-035;NAT-041;NAT-044","Timor-Leste Population and Housing Census 2015 Volume 2 Language Tables","General Directorate of Statistics Timor-Leste","2015","2026-08-25","official national census workbook","1","Timor-Leste","Population by mother tongue","Workbook 4_2015 V2 Language.xls, sheet 2.12, Table 12","https://www.laohamutuk.org/DVD/DGS/Cens15/Census2015v2data.zip","01_methodology/research_department/ai_compute_educational_access_20260825/staging/asia_large_gaps/sources/timor_leste_dgs_2015_census_volume2_extract/4_2015 V2 Language.xls","","621056","NOT_REGISTERED_RECOMPUTED","6330C19CCFF1204763546E205BE4D86BF5687461BA4AC4EF9F09D13E79D28FF2","6330C19CCFF1204763546E205BE4D86BF5687461BA4AC4EF9F09D13E79D28FF2","PASS","2015","registered authority used as corporate author","General Directorate of Statistics Timor-Leste. (2015). *Timor-Leste Population and Housing Census 2015 Volume 2 Language Tables* [official national census workbook]. https://www.laohamutuk.org/DVD/DGS/Cens15/Census2015v2data.zip","ALG-S014 supplies Population by mother tongue for Timor-Leste. Registered locator: Workbook 4_2015 V2 Language.xls, sheet 2.12, Table 12. Registered temporal field: 2015. Caveat: The official DGS workbook is preserved from a longstanding external mirror archive. Counts are direct mother-tongue totals; distinct source varieties such as Tetun Prasa and Tetun Terik remain separate.","The official DGS workbook is preserved from a longstanding external mirror archive. Counts are direct mother-tongue totals; distinct source varieties such as Tetun Prasa and Tetun Terik remain separate."
"ALG-S018","population_authority","true","true","EXP-003","EXP-003","Проведена конференция посвящённая предварительным результатам переписи населения и сельского хозяйства","National Statistics Committee of the Republic of Uzbekistan","2026-06-30","2026-08-25","official preliminary national census release","1","Uzbekistan","Preliminary national population and Uzbek mother-tongue results","Paragraphs reporting the exact preliminary population total and 35.7 million / 91.3 percent Uzbek mother tongue","https://stat.uz/ru/press-tsentr/novosti-goskomstata/68978-a-oli-va-ishlo-kh-zhaligini-r-jkhatga-olish-tadbirining-dastlabki-natizhalariga-ba-ishlangan-konferentsiya-tkazildi-3","01_methodology/research_department/ai_compute_educational_access_20260825/staging/asia_large_gaps/sources/uzbekistan_nsc_2026_preliminary_census_language.html","","114321","NOT_REGISTERED_RECOMPUTED","407366E390DE51D15021FD8C2CF5437A003566B6D90023999D485554D8FE62AF","407366E390DE51D15021FD8C2CF5437A003566B6D90023999D485554D8FE62AF","PASS","2026, June 30","registered authority used as corporate author","National Statistics Committee of the Republic of Uzbekistan. (2026, June 30). *Проведена конференция посвящённая предварительным результатам переписи населения и сельского хозяйства* [official preliminary national census release]. https://stat.uz/ru/press-tsentr/novosti-goskomstata/68978-a-oli-va-ishlo-kh-zhaligini-r-jkhatga-olish-tadbirining-dastlabki-natizhalariga-ba-ishlangan-konferentsiya-tkazildi-3","ALG-S018 supplies Preliminary national population and Uzbek mother-tongue results for Uzbekistan. Registered locator: Paragraphs reporting the exact preliminary population total and 35.7 million / 91.3 percent Uzbek mother tongue. Registered temporal field: 2026-06-30. Caveat: Preliminary release. The mother-tongue count is rounded to 0.1 million; its separately published 91.3 percent does not arithmetically reproduce 35.7 million against the exact preliminary population total, so the percentage is not used to narrow the count range. Post-enumeration coverage was reported as 97.3 percent.","Preliminary release. The mother-tongue count is rounded to 0.1 million; its separately published 91.3 percent does not arithmetically reproduce 35.7 million against the exact preliminary population total, so the percentage is not used to narrow the count range. Post-enumeration coverage was reported as 97.3 percent."
"ASSEC-S006","population_authority","true","true","NAT-001;NAT-005;NAT-027;NAT-030;NAT-032;NAT-049;NAT-050","NAT-001;NAT-005;NAT-027;NAT-030;NAT-032;NAT-049;NAT-050","Transparent CLDR 48.2 target person-count derivations and exclusion audit","Arithmetic derivation from ASSEC-S001 through ASSEC-S005","2026-03-17 release; component years not stated","2026-08-25","transparent secondary derivation witness","2","Bangladesh; Myanmar; Laos; Mongolia; Sri Lanka; Malaysia; Tajikistan","Nearest-person arithmetic from pinned territory population times pinned language population percentage; no invented confidence interval","cldr_target_derivations.md formulas table and exclusion audit","https://raw.githubusercontent.com/unicode-org/cldr/release-48-2/common/supplemental/supplementalData.xml","01_methodology/research_department/ai_compute_educational_access_20260825/staging/asia_secondary_estimates/sources/cldr_target_derivations.md","3740","3740","PASS","C953259BCD31245CED999D553C6289E48BBB7BB727F9411DBB95AF340466AAE5","C953259BCD31245CED999D553C6289E48BBB7BB727F9411DBB95AF340466AAE5","PASS","2026, March 17","title-first reference because the register identifies an arithmetic derivation, not an author","*Transparent CLDR 48.2 target person-count derivations and exclusion audit*. (2026, March 17). [transparent secondary derivation witness]. https://raw.githubusercontent.com/unicode-org/cldr/release-48-2/common/supplemental/supplementalData.xml","ASSEC-S006 supplies Nearest-person arithmetic from pinned territory population times pinned language population percentage; no invented confidence interval for Bangladesh; Myanmar; Laos; Mongolia; Sri Lanka; Malaysia; Tajikistan. Registered locator: cldr_target_derivations.md formulas table and exclusion audit. Registered temporal field: 2026-03-17 release; component years not stated. Caveat: Derived point counts inherit CLDR's unspecified component vintages and uncertainty. Integer percentage rounding rules are not published, so observation low/high fields remain blank. Not direct census evidence.","Derived point counts inherit CLDR's unspecified component vintages and uncertainty. Integer percentage rounding rules are not published, so observation low/high fields remain blank. Not direct census evidence."
"ASSEC-S007","population_authority","true","true","NAT-028","NAT-028","Consonants vowels and tones across Vietnamese dialects","International Journal of Speech-Language Pathology; PubMed record by U.S. National Library of Medicine","2016; estimate vintage not stated","2026-08-25","peer-reviewed scholarly secondary estimate","2","Vietnam","Published lower-bound statement that Vietnamese is spoken by over 89 million people in Vietnam","PMID 27172848; AbstractText label PURPOSE first sentence; volume 18 issue 2 pages 122-134; DOI 10.3109/17549507.2015.1101162","https://pubmed.ncbi.nlm.nih.gov/27172848/","01_methodology/research_department/ai_compute_educational_access_20260825/staging/asia_secondary_estimates/sources/pubmed_27172848.xml","5788","5788","PASS","3EA83AEB6EA38206248F82D6F5EE2418C704C686AFC8535CF4C2780C00900ACD","3EA83AEB6EA38206248F82D6F5EE2418C704C686AFC8535CF4C2780C00900ACD","PASS","n.d.","named authors, journal, volume, issue, pages, and DOI read from the hash-verified local PubMed XML witness","Phạm, B., & McLeod, S. (2016). Consonants, vowels and tones across Vietnamese dialects. *International Journal of Speech-Language Pathology, 18*(2), 122–134. https://doi.org/10.3109/17549507.2015.1101162","ASSEC-S007 supplies Published lower-bound statement that Vietnamese is spoken by over 89 million people in Vietnam for Vietnam. Registered locator: PMID 27172848; AbstractText label PURPOSE first sentence; volume 18 issue 2 pages 122-134; DOI 10.3109/17549507.2015.1101162. Registered temporal field: 2016; estimate vintage not stated. Caveat: Rounded lower bound rather than a point estimate; L1 versus L2 and source year of the population estimate are not stated. The article is about dialect phonetics rather than population estimation.","Rounded lower bound rather than a point estimate; L1 versus L2 and source year of the population estimate are not stated. The article is about dialect phonetics rather than population estimation."
"ASSEC-S008","population_authority","true","true","NAT-034;NAT-035;NAT-036;NAT-037","NAT-034;NAT-035;NAT-036;NAT-037","CLEAR Global Language Use Data Platform Philippines national API snapshot","CLEAR Global; underlying source IPUMS International Philippines Census 2010 extract","2010-12-31","2026-08-25","curated authoritative secondary API from weighted census microdata","2","Philippines","Weighted persons by normalized main language at national aggregation level zero","JSON data rows Cebuano cebu1242; Iloko ilok1237; Hiligaynon hili1240; Waray (Philippines) wara1300; fields individuals_value_weighted and reliability_score","https://ludp.clearglobal.org/public/location/PHL/?aggregation=0&fields=proportion_value,language_rank,language_name,language_code,location_name,location_code,location_level,dataset_name,url,source,datetime_published,reliability_score,individuals_value_weighted&page_size=500","01_methodology/research_department/ai_compute_educational_access_20260825/staging/asia_secondary_estimates/sources/clear_ludp_phl_national_2010.json","54147","54147","PASS","B51008415BC8F36F8FD664C5D00A64F2DD0365F3E963FD3930AAA2540452CFB8","B51008415BC8F36F8FD664C5D00A64F2DD0365F3E963FD3930AAA2540452CFB8","PASS","2010, December 31","CLEAR Global selected from the registered compound authority as the API platform/corporate author; underlying IPUMS Census 2010 provenance remains in the source note","CLEAR Global. (2010). *CLEAR Global Language Use Data Platform Philippines national API snapshot* [Weighted census-microdata API]. https://ludp.clearglobal.org/public/location/PHL/?aggregation=0&fields=proportion_value,language_rank,language_name,language_code,location_name,location_code,location_level,dataset_name,url,source,datetime_published,reliability_score,individuals_value_weighted&page_size=500","ASSEC-S008 supplies Weighted persons by normalized main language at national aggregation level zero for Philippines. Registered locator: JSON data rows Cebuano cebu1242; Iloko ilok1237; Hiligaynon hili1240; Waray (Philippines) wara1300; fields individuals_value_weighted and reliability_score. Registered temporal field: 2010-12-31. Caveat: Exact API point values are weighted estimates, not exact headcounts; no variance or confidence interval is exposed. The platform normalizes the metric as main language. API content is mutable, so the local byte witness is controlling.","Exact API point values are weighted estimates, not exact headcounts; no variance or confidence interval is exposed. The platform normalizes the metric as main language. API content is mutable, so the local byte witness is controlling."
"ASSEC-S018","population_authority","true","true","EXP-001;NAT-058","EXP-001;NAT-058","Transparent Afghanistan Dari and Pashto person-count derivation","Arithmetic derivation from ASSEC-S015 through ASSEC-S017","2020","2026-08-25","transparent secondary derivation witness","2","Afghanistan","Nearest-person product of World Bank 2020 population and CIA 2020 total-speaker shares, with official report semantic check","afghanistan_language_derivation.md formulas for Dari and Pashto","https://web.archive.org/web/20230102023706id_/https://www.cia.gov/the-world-factbook/countries/afghanistan/","01_methodology/research_department/ai_compute_educational_access_20260825/staging/asia_secondary_estimates/sources/afghanistan_language_derivation.md","1577","1577","PASS","C36F9F1EDF1F5BE55BEC4552F7960E3F7C99A639037C2816045245AC50F14D53","C36F9F1EDF1F5BE55BEC4552F7960E3F7C99A639037C2816045245AC50F14D53","PASS","2020","title-first reference because the register identifies an arithmetic derivation, not an author","*Transparent Afghanistan Dari and Pashto person-count derivation*. (2020). [transparent secondary derivation witness]. https://web.archive.org/web/20230102023706id_/https://www.cia.gov/the-world-factbook/countries/afghanistan/","ASSEC-S018 supplies Nearest-person product of World Bank 2020 population and CIA 2020 total-speaker shares, with official report semantic check for Afghanistan. Registered locator: afghanistan_language_derivation.md formulas for Dari and Pashto. Registered temporal field: 2020. Caveat: Derived point counts inherit the source shares' unknown rounding and uncertainty. No numerical low/high interval is invented. Dari and Pashto totals overlap and must never be summed; displaced cohorts outside Afghanistan are excluded.","Derived point counts inherit the source shares' unknown rounding and uncertainty. No numerical low/high interval is invented. Dari and Pashto totals overlap and must never be summed; displaced cohorts outside Afghanistan are excluded."
"GRG-S001","population_authority","true","true","OBS-GRG-US-001;OBS-GRG-US-002;OBS-GRG-US-003;OBS-GRG-US-005;OBS-GRG-US-006;OBS-GRG-US-007;OBS-GRG-US-008;OBS-GRG-US-009;OBS-GRG-US-010;OBS-GRG-US-011;OBS-GRG-US-013;OBS-GRG-US-014;OBS-GRG-US-015;OBS-GRG-US-016;OBS-GRG-US-017;OBS-GRG-US-018;OBS-GRG-US-019;OBS-GRG-US-020;OBS-GRG-US-021;OBS-GRG-US-022;OBS-GRG-US-023;OBS-GRG-US-024;OBS-GRG-US-025;OBS-GRG-US-026;OBS-GRG-US-028;OBS-GRG-US-029;OBS-GRG-US-030;OBS-GRG-US-031;OBS-GRG-US-032;OBS-GRG-US-033;OBS-GRG-US-034;OBS-GRG-US-035","OBS-GRG-US-001;OBS-GRG-US-003;OBS-GRG-US-017;OBS-GRG-US-018;OBS-GRG-US-023;OBS-GRG-US-025;OBS-GRG-US-026;OBS-GRG-US-029;OBS-GRG-US-030","Detailed Languages Spoken at Home and Ability to Speak English for the Population 5 Years and Over in the United States: 2017-2021","U.S. Census Bureau","2017-2021","2026-08-25","official ACS five-year detailed-language tabulation","1","United States","Estimated persons age 5 years and over speaking the named language at home with published 90 percent margin of error","Nation worksheet; selected indented child rows 11, 22, 24, 231, 233-234, 237-239, 246-247, 255, 260, 272, 458, 462, 473-474, 487-488, 492, 508, 510-511, 520, 522, 527, 529, 535, 538, 547-548, 552, 554, 564; notes rows 575-581","https://www2.census.gov/programs-surveys/demo/tables/language-use/2017/2017-2021-acs-lang-tables-nation.xlsx","01_methodology/research_department/ai_compute_educational_access_20260825/staging/global_residual_gaps/sources/US_Census_ACS_2017_2021_detailed_languages.xlsx","37971","37971","PASS","724E415C533B268820367A85739F76F4EC4CCC881A19C9C52C908E447D1C2533","724E415C533B268820367A85739F76F4EC4CCC881A19C9C52C908E447D1C2533","PASS","n.d.","registered authority used as corporate author","U.S. Census Bureau. (n.d.). *Detailed Languages Spoken at Home and Ability to Speak English for the Population 5 Years and Over in the United States: 2017-2021* [official ACS five-year detailed-language tabulation]. Retrieved August 25, 2026, from https://www2.census.gov/programs-surveys/demo/tables/language-use/2017/2017-2021-acs-lang-tables-nation.xlsx","GRG-S001 supplies Estimated persons age 5 years and over speaking the named language at home with published 90 percent margin of error for United States. Registered locator: Nation worksheet; selected indented child rows 11, 22, 24, 231, 233-234, 237-239, 246-247, 255, 260, 272, 458, 462, 473-474, 487-488, 492, 508, 510-511, 520, 522, 527, 529, 535, 538, 547-548, 552, 554, 564; notes rows 575-581. Registered temporal field: 2017-2021. Caveat: Sample estimates, not enumerated counts. Universe is age 5 and over and the measure is language spoken at home, not mother tongue or educational access. Parent language-family rows overlap child rows and were excluded. Published margins of error are 90 percent intervals; nonsampling error is not included. Detailed estimates may not sum to aggregates because of rounding.","Sample estimates, not enumerated counts. Universe is age 5 and over and the measure is language spoken at home, not mother tongue or educational access. Parent language-family rows overlap child rows and were excluded. Published margins of error are 90 percent intervals; nonsampling error is not included. Detailed estimates may not sum to aggregates because of rounding."
"GRG-S002","population_authority","true","false","OBS-GRG-AU-001;OBS-GRG-AU-002;OBS-GRG-AU-003;OBS-GRG-AU-004;OBS-GRG-AU-005","","2021 Lingiari, Census All persons QuickStats","Australian Bureau of Statistics","2021","2026-08-25","official national census QuickStats","1","Australia","Persons reporting the named main language used at home in the national Australia comparison column","Language used at home, top responses other than English; Australia column; Kriol, Djambarrpuyngu, Warlpiri, Murrinh Patha and Alyawarr rows","https://www.abs.gov.au/census/find-census-data/quickstats/2021/CED701","01_methodology/research_department/ai_compute_educational_access_20260825/staging/global_residual_gaps/sources/ABS_QuickStats_2021_CED701_Lingiari.html","190148","190148","PASS","F105D980714B0929937CDD5EBAE524D382070088AA17148487FC1A07824D28C6","F105D980714B0929937CDD5EBAE524D382070088AA17148487FC1A07824D28C6","PASS","2021","registered authority used as corporate author","Australian Bureau of Statistics. (2021). *2021 Lingiari, Census All persons QuickStats* [official national census QuickStats]. https://www.abs.gov.au/census/find-census-data/quickstats/2021/CED701","GRG-S002 supplies Persons reporting the named main language used at home in the national Australia comparison column for Australia. Registered locator: Language used at home, top responses other than English; Australia column; Kriol, Djambarrpuyngu, Warlpiri, Murrinh Patha and Alyawarr rows. Registered temporal field: 2021. Caveat: National values are the Australia comparison column, not the Lingiari local counts. ABS applied small random changes to cells for privacy. Language used at home permits one main-language response and is not an L1 or educational-access measure.","National values are the Australia comparison column, not the Lingiari local counts. ABS applied small random changes to cells for privacy. Language used at home permits one main-language response and is not an L1 or educational-access measure."
"GRG-S003","population_authority","true","false","OBS-GRG-AU-006","","2021 Alice Springs, Census All persons QuickStats","Australian Bureau of Statistics","2021","2026-08-25","official national census QuickStats","1","Australia","Persons reporting the named main language used at home in the national Australia comparison column","Language used at home, top responses other than English; Australia column; Pitjantjatjara row","https://www.abs.gov.au/census/find-census-data/quickstats/2021/70201","01_methodology/research_department/ai_compute_educational_access_20260825/staging/global_residual_gaps/sources/ABS_QuickStats_2021_70201_Alice_Springs.html","190687","190687","PASS","F10C4303A4074CB3340B87F84CBE7840302E01439D64C17FBA0D333FDC8DBA98","F10C4303A4074CB3340B87F84CBE7840302E01439D64C17FBA0D333FDC8DBA98","PASS","2021","registered authority used as corporate author","Australian Bureau of Statistics. (2021). *2021 Alice Springs, Census All persons QuickStats* [official national census QuickStats]. https://www.abs.gov.au/census/find-census-data/quickstats/2021/70201","GRG-S003 supplies Persons reporting the named main language used at home in the national Australia comparison column for Australia. Registered locator: Language used at home, top responses other than English; Australia column; Pitjantjatjara row. Registered temporal field: 2021. Caveat: National value is the Australia comparison column, not the Alice Springs local count. ABS applied small random changes to cells for privacy. Language used at home permits one main-language response and is not an L1 or educational-access measure.","National value is the Australia comparison column, not the Alice Springs local count. ABS applied small random changes to cells for privacy. Language used at home permits one main-language response and is not an L1 or educational-access measure."
"GRG-S004","population_authority","true","false","OBS-GRG-AU-007;OBS-GRG-AU-008;OBS-GRG-AU-009","","2021 Katherine, Census All persons QuickStats","Australian Bureau of Statistics","2021","2026-08-25","official national census QuickStats","1","Australia","Persons reporting the named main language used at home in the national Australia comparison column","Language used at home, top responses other than English; Australia column; Gurindji, Ngarinyman and Nunggubuyu rows","https://www.abs.gov.au/census/find-census-data/quickstats/2021/70205","01_methodology/research_department/ai_compute_educational_access_20260825/staging/global_residual_gaps/sources/ABS_QuickStats_2021_70205_Katherine.html","190125","190125","PASS","C94A5B835AE62F151DE8C91595158BA72C36888EEC7889977B813251C614DCED","C94A5B835AE62F151DE8C91595158BA72C36888EEC7889977B813251C614DCED","PASS","2021","registered authority used as corporate author","Australian Bureau of Statistics. (2021). *2021 Katherine, Census All persons QuickStats* [official national census QuickStats]. https://www.abs.gov.au/census/find-census-data/quickstats/2021/70205","GRG-S004 supplies Persons reporting the named main language used at home in the national Australia comparison column for Australia. Registered locator: Language used at home, top responses other than English; Australia column; Gurindji, Ngarinyman and Nunggubuyu rows. Registered temporal field: 2021. Caveat: National values are the Australia comparison column, not the Katherine local counts. ABS applied small random changes to cells for privacy. Language used at home permits one main-language response and is not an L1 or educational-access measure.","National values are the Australia comparison column, not the Katherine local counts. ABS applied small random changes to cells for privacy. Language used at home permits one main-language response and is not an L1 or educational-access measure."
"GRG-S005","population_authority","true","false","OBS-GRG-AU-010","","2021 Barkly, Census All persons QuickStats","Australian Bureau of Statistics","2021","2026-08-25","official national census QuickStats","1","Australia","Persons reporting the named main language used at home in the national Australia comparison column","Language used at home, top responses other than English; Australia column; Warumungu row","https://www.abs.gov.au/census/find-census-data/quickstats/2021/70202","01_methodology/research_department/ai_compute_educational_access_20260825/staging/global_residual_gaps/sources/ABS_QuickStats_2021_70202_Barkly.html","189703","189703","PASS","8ED4EC8A7442BFBE2BB9D44A5779C0E40F44B9E18A59F17E857E90CEC7F97F89","8ED4EC8A7442BFBE2BB9D44A5779C0E40F44B9E18A59F17E857E90CEC7F97F89","PASS","2021","registered authority used as corporate author","Australian Bureau of Statistics. (2021). *2021 Barkly, Census All persons QuickStats* [official national census QuickStats]. https://www.abs.gov.au/census/find-census-data/quickstats/2021/70202","GRG-S005 supplies Persons reporting the named main language used at home in the national Australia comparison column for Australia. Registered locator: Language used at home, top responses other than English; Australia column; Warumungu row. Registered temporal field: 2021. Caveat: National value is the Australia comparison column, not the Barkly local count. ABS applied small random changes to cells for privacy. Language used at home permits one main-language response and is not an L1 or educational-access measure.","National value is the Australia comparison column, not the Barkly local count. ABS applied small random changes to cells for privacy. Language used at home permits one main-language response and is not an L1 or educational-access measure."
"GRG-S006","population_authority","true","true","OBS-GRG-PL-002;OBS-GRG-PL-004;OBS-GRG-PL-007;OBS-GRG-PL-010","OBS-GRG-PL-002;OBS-GRG-PL-004;OBS-GRG-PL-007;OBS-GRG-PL-010","Size and demographic-social structure in the light of the 2021 Census results","Statistics Poland","2021-03-31","2026-08-25","official national census publication","1","Poland","Persons using the named language at home; respondents could indicate more than one language","Table 7.5, printed p. 120, PDF p. 122","https://stat.gov.pl/files/gfx/portalinformacyjny/en/defaultaktualnosci/3701/6/1/1/national_population_and_housing_census_2021_population_2.pdf","01_methodology/research_department/ai_compute_educational_access_20260825/staging/global_residual_gaps/sources/Poland_NSP_2021_population_demographic_social_structure.pdf","20165596","20165596","PASS","F410C5BDB49B71C3F4A0785F750D4944537F822B3CC679C4B38A181CE2713CBC","F410C5BDB49B71C3F4A0785F750D4944537F822B3CC679C4B38A181CE2713CBC","PASS","2021, March 31","registered authority used as corporate author","Statistics Poland. (2021, March 31). *Size and demographic-social structure in the light of the 2021 Census results* [official national census publication]. https://stat.gov.pl/files/gfx/portalinformacyjny/en/defaultaktualnosci/3701/6/1/1/national_population_and_housing_census_2021_population_2.pdf","GRG-S006 supplies Persons using the named language at home; respondents could indicate more than one language for Poland. Registered locator: Table 7.5, printed p. 120, PDF p. 122. Registered temporal field: 2021-03-31. Caveat: Multiple language responses were allowed, so rows overlap and must not be summed. The table measures language used at home, not L1 or academic-language comfort. Official bilingual labels are retained exactly. The population source does not report scripts or orthographies.","Multiple language responses were allowed, so rows overlap and must not be summed. The table measures language used at home, not L1 or academic-language comfort. Official bilingual labels are retained exactly. The population source does not report scripts or orthographies."
"PM-S001","population_authority","true","true","EXP-004;NAT-002;NAT-003;NAT-004;NAT-006;NAT-007;NAT-008;NAT-009;NAT-010;NAT-011;NAT-013;NAT-014","EXP-004;NAT-002;NAT-003;NAT-004;NAT-006;NAT-007;NAT-008;NAT-009;NAT-010;NAT-011;NAT-013;NAT-014","C-16 Population by Mother Tongue, Statement 1: Abstract of Speakers' Strength of Languages and Mother Tongues, Census of India 2011","Office of the Registrar General & Census Commissioner, India","2011","2026-08-25","official census table","1","India","Persons returned under each census language or mother-tongue category","Statement 1, printed pp. 5-12; Part A scheduled-language totals and named mother-tongue components","https://censusindia.gov.in/nada/index.php/catalog/42458/download/46089/C-16_25062018.pdf","01_methodology/research_department/ai_compute_educational_access_20260825/staging/population_matrix/sources/India_C16_2011_statement.pdf","","967389","NOT_REGISTERED_RECOMPUTED","2AAC967E452FC6AF7768A1266E8F88BBD031B61C62383EBDA6B16C8E633B40F3","2AAC967E452FC6AF7768A1266E8F88BBD031B61C62383EBDA6B16C8E633B40F3","PASS","2011","registered authority used as corporate author","Office of the Registrar General & Census Commissioner, India. (2011). *C-16 Population by Mother Tongue, Statement 1: Abstract of Speakers' Strength of Languages and Mother Tongues, Census of India 2011* [official census table]. https://censusindia.gov.in/nada/index.php/catalog/42458/download/46089/C-16_25062018.pdf","PM-S001 supplies Persons returned under each census language or mother-tongue category for India. Registered locator: Statement 1, printed pp. 5-12; Part A scheduled-language totals and named mother-tongue components. Registered temporal field: 2011. Caveat: Census language categories can aggregate distinct mother tongues; Hindi parent total overlaps its listed child categories and must not be summed with them. Counts are 2011 observations, not current estimates.","Census language categories can aggregate distinct mother tongues; Hindi parent total overlaps its listed child categories and must not be summed with them. Counts are 2011 observations, not current estimates."
"PM-S003","population_authority","true","true","NAT-012;NAT-015;NAT-018;NAT-019;NAT-021","NAT-012;NAT-015;NAT-018;NAT-019;NAT-021","Table 11: Population by Mother Tongue, Sex and Rural/Urban, Census 2023","Pakistan Bureau of Statistics","2023","2026-08-25","official census table","1","Pakistan","All-localities all-sexes persons by reported mother tongue","Table 11, national row, PDF p. 1","https://www.pbs.gov.pk/wp-content/uploads/census_tables/tables/table_11_national.pdf","01_methodology/research_department/ai_compute_educational_access_20260825/staging/population_matrix/sources/Pakistan_2023_Table11.pdf","","128902","NOT_REGISTERED_RECOMPUTED","B74C5E37D943B28F625467FF3AF2AFD73F1EF79573169C9DDD026A2994D5C6F4","B74C5E37D943B28F625467FF3AF2AFD73F1EF79573169C9DDD026A2994D5C6F4","PASS","2023","registered authority used as corporate author","Pakistan Bureau of Statistics. (2023). *Table 11: Population by Mother Tongue, Sex and Rural/Urban, Census 2023* [official census table]. https://www.pbs.gov.pk/wp-content/uploads/census_tables/tables/table_11_national.pdf","PM-S003 supplies All-localities all-sexes persons by reported mother tongue for Pakistan. Registered locator: Table 11, national row, PDF p. 1. Registered temporal field: 2023. Caveat: Several labels are census aggregates (for example Pushto, Balochi, Kohistani); they are not automatically single edition targets.","Several labels are census aggregates (for example Pushto, Balochi, Kohistani); they are not automatically single edition targets."
"PM-S004","population_authority","true","true","NAT-022;NAT-023;NAT-024;NAT-026","NAT-022;NAT-023;NAT-024;NAT-026","Languages in Nepal: National Population and Housing Census 2021 Thematic Report","National Statistics Office, Nepal","2021","2026-08-25","official census thematic report","1","Nepal","Persons by reported mother tongue","Annex 1, printed pp. 123-126","https://censusnepal.cbs.gov.np/results/files/result-folder/Language%20in%20Nepal.pdf","01_methodology/research_department/ai_compute_educational_access_20260825/sources/Nepal_NPHC_2021_Language_in_Nepal.pdf","","9305311","NOT_REGISTERED_RECOMPUTED","1E41F6C52A47B93A88907007C13D2C38FDCA4303EAC203F8A5C5CF09C64086AF","1E41F6C52A47B93A88907007C13D2C38FDCA4303EAC203F8A5C5CF09C64086AF","PASS","2021","registered authority used as corporate author","National Statistics Office, Nepal. (2021). *Languages in Nepal: National Population and Housing Census 2021 Thematic Report* [official census thematic report]. https://censusnepal.cbs.gov.np/results/files/result-folder/Language%20in%20Nepal.pdf","PM-S004 supplies Persons by reported mother tongue for Nepal. Registered locator: Annex 1, printed pp. 123-126. Registered temporal field: 2021. Caveat: Some census labels aggregate varieties; the Sign Language entry is a census mother-tongue response category rather than a full sign-language-use census.","Some census labels aggregate varieties; the Sign Language entry is a census mother-tongue response category rather than a full sign-language-use census."
"PM-S005","population_authority","true","true","EXP-005;EXP-006;EXP-007;EXP-008;EXP-009;EXP-010;EXP-011;NAT-038;NAT-039","EXP-005;EXP-006;EXP-007;EXP-008;EXP-009;EXP-010;EXP-011;NAT-038;NAT-039","Kewarganegaraan, Suku Bangsa, Agama, dan Bahasa Sehari-hari Penduduk Indonesia: Hasil Sensus Penduduk 2010","BPS-Statistics Indonesia","2010","2026-08-25","official census publication","1","Indonesia","Population aged 5 and over by language used daily at home","Table L4.1, printed p. 47 (PDF p. 55)","https://www.bps.go.id/en/publication/2012/05/23/55eca38b7fe0830834605b35/nationality--ethnicity--religion--and-dailylanguage-of-indonesian-population.html","","","","NO_WITNESS_REGISTERED","","","NO_WITNESS_REGISTERED","2010","registered authority used as corporate author","BPS-Statistics Indonesia. (2010). *Kewarganegaraan, Suku Bangsa, Agama, dan Bahasa Sehari-hari Penduduk Indonesia: Hasil Sensus Penduduk 2010* [official census publication]. https://www.bps.go.id/en/publication/2012/05/23/55eca38b7fe0830834605b35/nationality--ethnicity--religion--and-dailylanguage-of-indonesian-population.html","PM-S005 supplies Population aged 5 and over by language used daily at home for Indonesia. Registered locator: Table L4.1, printed p. 47 (PDF p. 55). Registered temporal field: 2010. Caveat: Home-use counts are not L1 totals. Several rows are broad language groups, including Batak and regional clusters; only individually named cells are retained here.","Home-use counts are not L1 totals. Several rows are broad language groups, including Batak and regional clusters; only individually named cells are retained here."
"PM-S007","population_authority","true","true","EXP-026;EXP-027;EXP-028","EXP-026;EXP-027;EXP-028","Peru: Perfil Sociodemográfico, Censos Nacionales 2017","Instituto Nacional de Estadística e Informática (INEI)","2017","2026-08-25","official census report","1","Peru","Census population aged 3 and over by language or mother tongue learned in childhood","Cuadro 4, printed p. 618, total column","https://www.inei.gob.pe/media/MenuRecursivo/publicaciones_digitales/Est/Lib1544/00TOMO_01.pdf","01_methodology/research_department/ai_compute_educational_access_20260825/staging/population_matrix/sources/Peru_2017_Language_Table.pdf","","13370453","NOT_REGISTERED_RECOMPUTED","899D64794B9CE1596F4CBB779B293C2D4D094E0368FABC6D9A14CC53CDCFBF53","899D64794B9CE1596F4CBB779B293C2D4D094E0368FABC6D9A14CC53CDCFBF53","PASS","2017","registered authority used as corporate author","Instituto Nacional de Estadística e Informática (INEI). (2017). *Peru: Perfil Sociodemográfico, Censos Nacionales 2017* [official census report]. https://www.inei.gob.pe/media/MenuRecursivo/publicaciones_digitales/Est/Lib1544/00TOMO_01.pdf","PM-S007 supplies Census population aged 3 and over by language or mother tongue learned in childhood for Peru. Registered locator: Cuadro 4, printed p. 618, total column. Registered temporal field: 2017. Caveat: Quechua and Aimara are aggregate census labels spanning varieties. The total column is used from a health-insurance cross-tabulation; it remains the national count for the stated age and language universe.","Quechua and Aimara are aggregate census labels spanning varieties. The total column is used from a health-insurance cross-tabulation; it remains the national count for the stated age and language universe."
"PM-S011","population_authority","true","true","EXP-030;NAT-075;NAT-076","EXP-030;NAT-075;NAT-076","Zimbabwe 2022 Population and Housing Census Report, Volume 1","Zimbabwe National Statistics Agency (ZIMSTAT)","2022","2026-08-25","official census report","1","Zimbabwe","Population by reported mother tongue","Table 2.17, printed p. 123","https://www.zimstat.co.zw/wp-content/uploads/Demography/Census/2022_PHC_Report_27012023_Final.pdf","01_methodology/research_department/ai_compute_educational_access_20260825/sources/Zimbabwe_2022_PHC_Report.pdf","","11832961","NOT_REGISTERED_RECOMPUTED","BDEBD23BE87E1AA5C1EC73874EFF733A524A93BAD6FCCF7DA7E9C854666BB1ED","BDEBD23BE87E1AA5C1EC73874EFF733A524A93BAD6FCCF7DA7E9C854666BB1ED","PASS","2022","registered authority used as corporate author","Zimbabwe National Statistics Agency (ZIMSTAT). (2022). *Zimbabwe 2022 Population and Housing Census Report, Volume 1* [official census report]. https://www.zimstat.co.zw/wp-content/uploads/Demography/Census/2022_PHC_Report_27012023_Final.pdf","PM-S011 supplies Population by reported mother tongue for Zimbabwe. Registered locator: Table 2.17, printed p. 123. Registered temporal field: 2022. Caveat: Census labels do not resolve every dialect or orthographic choice. Sign Language is a census mother-tongue category, not a complete sign-language-use measure.","Census labels do not resolve every dialect or orthographic choice. Sign Language is a census mother-tongue category, not a complete sign-language-use measure."
"PM-S013","population_authority","true","true","EXP-029","EXP-029","2022 Housing and Population Census, Volume II: Demographic and Fertility Characteristics","Statistics Mauritius","2022","2026-08-25","official census report","1","Mauritius","Resident population by language usually spoken at home","Table D9, printed p. 165, Republic of Mauritius row","https://statsmauritius.govmu.org/Documents/Census_and_Surveys/Census2022/HPC_TR_Vol2_Demography_Yr22.pdf","01_methodology/research_department/ai_compute_educational_access_20260825/staging/population_matrix/sources/Mauritius_2022_HPC_Vol2.pdf","","3966585","NOT_REGISTERED_RECOMPUTED","F21D1DC6543694352C92ACC1E41D632C1AF7822C4A44D0D19122F6046BABE1D5","F21D1DC6543694352C92ACC1E41D632C1AF7822C4A44D0D19122F6046BABE1D5","PASS","2022","registered authority used as corporate author","Statistics Mauritius. (2022). *2022 Housing and Population Census, Volume II: Demographic and Fertility Characteristics* [official census report]. https://statsmauritius.govmu.org/Documents/Census_and_Surveys/Census2022/HPC_TR_Vol2_Demography_Yr22.pdf","PM-S013 supplies Resident population by language usually spoken at home for Mauritius. Registered locator: Table D9, printed p. 165, Republic of Mauritius row. Registered temporal field: 2022. Caveat: Chinese languages is an aggregate. Home language is not necessarily L1. The published table excludes Agalega and St Brandon as documented in the report.","Chinese languages is an aggregate. Home language is not necessarily L1. The published table excludes Agalega and St Brandon as documented in the report."
"PM-S014","population_authority","true","true","EXP-036;NAT-105","EXP-036;NAT-105","Place and ethnic group summaries: Total New Zealand population language comparator","Stats NZ","2023","2026-08-25","official census summary table","1","New Zealand","Persons who reported speaking each language; multiple-response census measure","Table 'Percentage of population that speak each language', Total New Zealand population, 2023 column","https://tools.summaries.stats.govt.nz/ethnic-group/pacific-peoples-not-elsewhere-classified","","","","NO_WITNESS_REGISTERED","","","NO_WITNESS_REGISTERED","2023","registered authority used as corporate author","Stats NZ. (2023). *Place and ethnic group summaries: Total New Zealand population language comparator* [official census summary table]. https://tools.summaries.stats.govt.nz/ethnic-group/pacific-peoples-not-elsewhere-classified","PM-S014 supplies Persons who reported speaking each language; multiple-response census measure for New Zealand. Registered locator: Table 'Percentage of population that speak each language', Total New Zealand population, 2023 column. Registered temporal field: 2023. Caveat: Multiple responses are permitted and figures use fixed random rounding; rows are not L1 counts and must not be summed. Northern Chinese is a census category, not a single unqualified language target.","Multiple responses are permitted and figures use fixed random rounding; rows are not L1 counts and must not be summed. Northern Chinese is a census category, not a single unqualified language target."
"PM-S016","population_authority","true","true","EXP-037","EXP-037","Census of Population 2022 Summary Results: Education and Irish Language","Central Statistics Office Ireland","2022","2026-08-25","official census release","1","Ireland","Population aged 3 and over reporting ability to speak Irish; and daily use outside education","Table 6.2 and Figure 6.4 text","https://www.cso.ie/en/releasesandpublications/ep/p-cpsr/censusofpopulation2022-summaryresults/educationandirishlanguage/","","","","NO_WITNESS_REGISTERED","","","NO_WITNESS_REGISTERED","2022","registered authority used as corporate author","Central Statistics Office Ireland. (2022). *Census of Population 2022 Summary Results: Education and Irish Language* [official census release]. https://www.cso.ie/en/releasesandpublications/ep/p-cpsr/censusofpopulation2022-summaryresults/educationandirishlanguage/","PM-S016 supplies Population aged 3 and over reporting ability to speak Irish; and daily use outside education for Ireland. Registered locator: Table 6.2 and Figure 6.4 text. Registered temporal field: 2022. Caveat: Ability and daily-use measures are not interchangeable; cells are separated and must not be summed.","Ability and daily-use measures are not interchangeable; cells are separated and must not be summed."
"PM-S020","population_authority","true","true","EXP-013;EXP-014;EXP-015;EXP-016;EXP-017;NAT-065","EXP-013;EXP-014;EXP-015;EXP-016;EXP-017;NAT-065","Population and Housing Census 2007: National Statistical Report","Central Statistical Agency of Ethiopia (now Ethiopian Statistical Service)","2007","2026-08-25","official census statistical report","1","Ethiopia","Population by mother tongue used with family members or guardians during childhood","Table 3.2, printed pp. 91-93, Urban + Rural both sexes","https://ess.gov.et/wp-content/uploads/2007/09/Population-and-Housing-Census-2007-National_Statistical.pdf","01_methodology/research_department/ai_compute_educational_access_20260825/staging/population_matrix/sources/Ethiopia_2007_National_Statistical.pdf","","1800308","NOT_REGISTERED_RECOMPUTED","E21590781EC9843018369A590EAADE3B9407AE87E492B2A52451675E69FF396F","E21590781EC9843018369A590EAADE3B9407AE87E492B2A52451675E69FF396F","PASS","2007","registered authority used as corporate author","Central Statistical Agency of Ethiopia (now Ethiopian Statistical Service). (2007). *Population and Housing Census 2007: National Statistical Report* [official census statistical report]. https://ess.gov.et/wp-content/uploads/2007/09/Population-and-Housing-Census-2007-National_Statistical.pdf","PM-S020 supplies Population by mother tongue used with family members or guardians during childhood for Ethiopia. Registered locator: Table 3.2, printed pp. 91-93, Urban + Rural both sexes. Registered temporal field: 2007. Caveat: The observation is old but remains the latest Ethiopian national census. Several census labels, especially Guragiegna, aggregate distinct languages; counts are not current projections.","The observation is old but remains the latest Ethiopian national census. Several census labels, especially Guragiegna, aggregate distinct languages; counts are not current projections."
"TH-S001","population_authority","true","true","NAT-029","NAT-029","The 2010 Population and Housing Census (Whole Kingdom)","National Statistical Office Thailand","2010-09-01","2026-08-25","official national census report","1","Thailand","Population by usual languages spoken at home","Table 7, PDF pp. 98-99; census day described on PDF pp. 49-50","https://catalogapi.nso.go.th/api/doc/department/D10/SD10_04/SD10_04_165_2.pdf","01_methodology/research_department/ai_compute_educational_access_20260825/sources/Thailand_2010_Census_Table7_Home_Languages.pdf","","8081815","NOT_REGISTERED_RECOMPUTED","9A3A58232A25398D0FAAA8812A075D3019C34F99237227FD1BFE2D316F7BAAD8","9A3A58232A25398D0FAAA8812A075D3019C34F99237227FD1BFE2D316F7BAAD8","PASS","2010, September 1","registered authority used as corporate author","National Statistical Office Thailand. (2010, September 1). *The 2010 Population and Housing Census (Whole Kingdom)* [official national census report]. https://catalogapi.nso.go.th/api/doc/department/D10/SD10_04/SD10_04_165_2.pdf","TH-S001 supplies Population by usual languages spoken at home for Thailand. Registered locator: Table 7, PDF pp. 98-99; census day described on PDF pp. 49-50. Registered temporal field: 2010-09-01. Caveat: The table mixes mutually exclusive Thai-only/Thai-plus-other/other-only strata with named other-language categories that can overlap the Thai-plus-other stratum. English labels contain several typographic or country-name substitutions. Counts are 2010 observations, not current projections; the report warns that independently rounded totals may differ slightly.","The table mixes mutually exclusive Thai-only/Thai-plus-other/other-only strata with named other-language categories that can overlap the Thai-plus-other stratum. English labels contain several typographic or country-name substitutions. Counts are 2010 observations, not current projections; the report warns that independently rounded totals may differ slightly."
"ZA-S001","population_authority","true","true","EXP-019;EXP-020;EXP-021;EXP-022;EXP-023;EXP-024;EXP-025;NAT-073;NAT-074","EXP-019;EXP-020;EXP-021;EXP-022;EXP-023;EXP-024;EXP-025;NAT-073;NAT-074","Census 2022 in Brief","Statistics South Africa","2024-06","2026-08-25","official national census report","1","South Africa","Population aged 1 year and older by language most often spoken in the household","Table 3.8 (1)-(2), printed pp. 26-27; PDF pp. 34-35","https://www.statssa.gov.za/publications/Census2022inBrief/Census2022inBriefJune2024.pdf","01_methodology/research_department/ai_compute_educational_access_20260825/staging/africa_gap_data/sources/South_Africa_Census_2022_in_Brief_June_2024.pdf","1235449","1235449","PASS","78FE83B5CDEC6DF3DBD491B456F1A5612064DB3125E516419E8C86FAA1CF612B","78FE83B5CDEC6DF3DBD491B456F1A5612064DB3125E516419E8C86FAA1CF612B","PASS","n.d.","registered authority used as corporate author","Statistics South Africa. (n.d.). *Census 2022 in Brief* [official national census report]. Retrieved August 25, 2026, from https://www.statssa.gov.za/publications/Census2022inBrief/Census2022inBriefJune2024.pdf","ZA-S001 supplies Population aged 1 year and older by language most often spoken in the household for South Africa. Registered locator: Table 3.8 (1)-(2), printed pp. 26-27; PDF pp. 34-35. Registered temporal field: 2024-06. Caveat: The measure is language most often spoken with other household members, not mother tongue, proficiency, literacy, or academic-language comfort. The table excludes Not applicable (638,736) and Unspecified (258,967). Census label 'Sign language' does not identify a signed-language variety.","The measure is language most often spoken with other household members, not mother tongue, proficiency, literacy, or academic-language comfort. The table excludes Not applicable (638,736) and Unspecified (258,967). Census label 'Sign language' does not identify a signed-language variety."
"S-ACS","profile_authority","true","true","OBS-GRG-US-002;OBS-GRG-US-005;OBS-GRG-US-006;OBS-GRG-US-009;OBS-GRG-US-011;OBS-GRG-US-013;OBS-GRG-US-015;OBS-GRG-US-016;OBS-GRG-US-021;OBS-GRG-US-028;OBS-GRG-US-029;OBS-GRG-US-030;OBS-GRG-US-035","OBS-GRG-US-029;OBS-GRG-US-030","Detailed Languages Spoken at Home and Ability to Speak English for the Population 5 Years and Over in the United States: 2017-2021","U.S. Census Bureau","","2026-08-25","official census workbook","primary national statistical authority","","Nation worksheet supplies the retained point estimates and 90% margins of error; universe is age 5+ language spoken at home","Nation worksheet supplies the retained point estimates and 90% margins of error; universe is age 5+ language spoken at home","https://www2.census.gov/programs-surveys/demo/tables/language-use/2017/2017-2021-acs-lang-tables-nation.xlsx","01_methodology/research_department/ai_compute_educational_access_20260825/staging/resolve_unresolved_profiles/witnesses/US_Census_ACS_2017_2021_detailed_languages.xlsx","37971","37971","PASS","724E415C533B268820367A85739F76F4EC4CCC881A19C9C52C908E447D1C2533","724E415C533B268820367A85739F76F4EC4CCC881A19C9C52C908E447D1C2533","PASS","n.d.","registered institution used as corporate-author candidate; no personal creator or publication-date field is registered","U.S. Census Bureau. (n.d.). *Detailed Languages Spoken at Home and Ability to Speak English for the Population 5 Years and Over in the United States: 2017-2021* [official census workbook]. Retrieved August 25, 2026, from https://www2.census.gov/programs-surveys/demo/tables/language-use/2017/2017-2021-acs-lang-tables-nation.xlsx","S-ACS is profile/orthography authority for the interventions listed here. Exact registered evidence: Nation worksheet supplies the retained point estimates and 90% margins of error; universe is age 5+ language spoken at home. Authority level: primary national statistical authority. The register supplies no publication date; n.d. and the access date are retained rather than inferred.","Publication date is not registered locally; the source is used only for the exact profile/orthography claim recorded in exact_evidence."
"S-APW","profile_authority","true","false","OBS-GRG-US-002","","The Pronunciation and Spelling of Dilzhe'e Apache","Dilzhe'e Apache Dictionary","","2026-08-25","community dictionary orthography","community language-resource authority","","Defines the dictionary spelling and its explicit changes from White Mountain and San Carlos Western Apache practice","Defines the dictionary spelling and its explicit changes from White Mountain and San Carlos Western Apache practice","https://dilzhee.western-apache.org/Spelling","01_methodology/research_department/ai_compute_educational_access_20260825/staging/resolve_unresolved_profiles/witnesses/western_apache_spelling.html","203281","203281","PASS","7D9EA00C2CACF446641038840FD882649E1F0548F440E616ED56E5DA73CED4B8","7D9EA00C2CACF446641038840FD882649E1F0548F440E616ED56E5DA73CED4B8","PASS","n.d.","registered institution used as corporate-author candidate; no personal creator or publication-date field is registered","Dilzhe'e Apache Dictionary. (n.d.). *The Pronunciation and Spelling of Dilzhe'e Apache* [community dictionary orthography]. Retrieved August 25, 2026, from https://dilzhee.western-apache.org/Spelling","S-APW is profile/orthography authority for the interventions listed here. Exact registered evidence: Defines the dictionary spelling and its explicit changes from White Mountain and San Carlos Western Apache practice. Authority level: community language-resource authority. The register supplies no publication date; n.d. and the access date are retained rather than inferred.","Publication date is not registered locally; the source is used only for the exact profile/orthography claim recorded in exact_evidence."
"S-CH-GU","profile_authority","true","false","OBS-GRG-US-021","","Utugrafihan CHamoru Guahan","Kumision i Fino' CHamoru yan i Fina'naguen i Historia yan i Lina'la' i Taotao Tano'","","2026-08-25","official orthography","Guam statutory language commission","","Complete adopted 2024 Guam CHamoru orthography","Complete adopted 2024 Guam CHamoru orthography","https://kumisionchamoru.guam.gov/wp-content/uploads/2024/07/utugrafihan_chamoru_guahan.pdf","01_methodology/research_department/ai_compute_educational_access_20260825/staging/resolve_unresolved_profiles/witnesses/guam_chamoru_orthography_2024.pdf","2078055","2078055","PASS","BBB7FB725CCFD7DC0797D25BDF1E41C7A337065E9FC6975F939C3B821A4E8A3E","BBB7FB725CCFD7DC0797D25BDF1E41C7A337065E9FC6975F939C3B821A4E8A3E","PASS","n.d.","registered institution used as corporate-author candidate; no personal creator or publication-date field is registered","Kumision i Fino' CHamoru yan i Fina'naguen i Historia yan i Lina'la' i Taotao Tano'. (n.d.). *Utugrafihan CHamoru Guahan* [official orthography]. Retrieved August 25, 2026, from https://kumisionchamoru.guam.gov/wp-content/uploads/2024/07/utugrafihan_chamoru_guahan.pdf","S-CH-GU is profile/orthography authority for the interventions listed here. Exact registered evidence: Complete adopted 2024 Guam CHamoru orthography. Authority level: Guam statutory language commission. The register supplies no publication date; n.d. and the access date are retained rather than inferred.","Publication date is not registered locally; the source is used only for the exact profile/orthography claim recorded in exact_evidence."
"S-CH-MP","profile_authority","true","false","OBS-GRG-US-021","","Revised Chamorro-English Dictionary introduction","Inetnun Kutturan Natibun Marianas / Kkoor Aramasal Marianas","","2026-08-25","community dictionary documentation","CNMI community language institution","","States there are two standard orthographies and that all headwords use the official CNMI orthography adopted in 2010","States there are two standard orthographies and that all headwords use the official CNMI orthography adopted in 2010","https://natibunmarianas.org/dictionary-introduction/","01_methodology/research_department/ai_compute_educational_access_20260825/staging/resolve_unresolved_profiles/witnesses/chamorro_cnmi_natibun.html","129785","129785","PASS","37754CAAE7E7E95911E898C1021286C77A315DCDF7576E614A416B21A68E004E","37754CAAE7E7E95911E898C1021286C77A315DCDF7576E614A416B21A68E004E","PASS","n.d.","registered institution used as corporate-author candidate; no personal creator or publication-date field is registered","Inetnun Kutturan Natibun Marianas / Kkoor Aramasal Marianas. (n.d.). *Revised Chamorro-English Dictionary introduction* [community dictionary documentation]. Retrieved August 25, 2026, from https://natibunmarianas.org/dictionary-introduction/","S-CH-MP is profile/orthography authority for the interventions listed here. Exact registered evidence: States there are two standard orthographies and that all headwords use the official CNMI orthography adopted in 2010. Authority level: CNMI community language institution. The register supplies no publication date; n.d. and the access date are retained rather than inferred.","Publication date is not registered locally; the source is used only for the exact profile/orthography claim recorded in exact_evidence."
"S-CHO-MS","profile_authority","true","false","OBS-GRG-US-006","","Mississippi Band of Choctaw Indians 2023 Tribal Profile","Mississippi Band of Choctaw Indians","","2026-08-25","official tribal publication","tribal government","","Describes the modern Mississippi Choctaw alphabet as a variant of the Byington alphabet and documents tribal language programming","Describes the modern Mississippi Choctaw alphabet as a variant of the Byington alphabet and documents tribal language programming","https://www.choctaw.org/wp-content/uploads/2024/01/2023-Tribal-Profile_v19-updated.pdf","01_methodology/research_department/ai_compute_educational_access_20260825/staging/resolve_unresolved_profiles/witnesses/mississippi_choctaw_tribal_profile_2023.pdf","54522750","54522750","PASS","26919908034AFC1178DF30D581FAD4D31F0BCCF6A52E120C1D63BD20B7ECE860","26919908034AFC1178DF30D581FAD4D31F0BCCF6A52E120C1D63BD20B7ECE860","PASS","n.d.","registered institution used as corporate-author candidate; no personal creator or publication-date field is registered","Mississippi Band of Choctaw Indians. (n.d.). *Mississippi Band of Choctaw Indians 2023 Tribal Profile* [official tribal publication]. Retrieved August 25, 2026, from https://www.choctaw.org/wp-content/uploads/2024/01/2023-Tribal-Profile_v19-updated.pdf","S-CHO-MS is profile/orthography authority for the interventions listed here. Exact registered evidence: Describes the modern Mississippi Choctaw alphabet as a variant of the Byington alphabet and documents tribal language programming. Authority level: tribal government. The register supplies no publication date; n.d. and the access date are retained rather than inferred.","Publication date is not registered locally; the source is used only for the exact profile/orthography claim recorded in exact_evidence."
"S-CHO-OK","profile_authority","true","false","OBS-GRG-US-006","","Choctaw alphabet","Choctaw Nation of Oklahoma School of Choctaw Language","","2026-08-25","official tribal-language reference","tribal government language authority","","Defines the Choctaw Nation instructional alphabet","Defines the Choctaw Nation instructional alphabet","https://dictionary.choctawnation.com/alphabet/","01_methodology/research_department/ai_compute_educational_access_20260825/staging/resolve_unresolved_profiles/witnesses/choctaw_oklahoma_alphabet.html","33103","33103","PASS","C27B195E415A219BA847CD4C3DB73E5A85C7769F9BCFD3F54D29E0ACA2A8DBB3","C27B195E415A219BA847CD4C3DB73E5A85C7769F9BCFD3F54D29E0ACA2A8DBB3","PASS","n.d.","registered institution used as corporate-author candidate; no personal creator or publication-date field is registered","Choctaw Nation of Oklahoma School of Choctaw Language. (n.d.). *Choctaw alphabet* [official tribal-language reference]. Retrieved August 25, 2026, from https://dictionary.choctawnation.com/alphabet/","S-CHO-OK is profile/orthography authority for the interventions listed here. Exact registered evidence: Defines the Choctaw Nation instructional alphabet. Authority level: tribal government language authority. The register supplies no publication date; n.d. and the access date are retained rather than inferred.","Publication date is not registered locally; the source is used only for the exact profile/orthography claim recorded in exact_evidence."
"S-DAKOTA-DIO","profile_authority","true","false","OBS-GRG-US-015","","About Dakhota Iapi Okhodakichiye","Dakhota Iapi Okhodakichiye","","2026-08-25","community language institution","community authority","","Delimits the organization to Eastern/Santee-Sisseton Dakota language work","Delimits the organization to Eastern/Santee-Sisseton Dakota language work","https://dakhota.org/about-dio/","01_methodology/research_department/ai_compute_educational_access_20260825/staging/resolve_unresolved_profiles/witnesses/dakota_dio_about.html","56964","56964","PASS","B49AE1FCDCADCD7B1007368DAFD3DD49FE4D6659C70D65B37AC10D4C6EA7D82E","B49AE1FCDCADCD7B1007368DAFD3DD49FE4D6659C70D65B37AC10D4C6EA7D82E","PASS","n.d.","registered institution used as corporate-author candidate; no personal creator or publication-date field is registered","Dakhota Iapi Okhodakichiye. (n.d.). *About Dakhota Iapi Okhodakichiye* [community language institution]. Retrieved August 25, 2026, from https://dakhota.org/about-dio/","S-DAKOTA-DIO is profile/orthography authority for the interventions listed here. Exact registered evidence: Delimits the organization to Eastern/Santee-Sisseton Dakota language work. Authority level: community authority. The register supplies no publication date; n.d. and the access date are retained rather than inferred.","Publication date is not registered locally; the source is used only for the exact profile/orthography claim recorded in exact_evidence."
"S-DAKOTA-SWC","profile_authority","true","false","OBS-GRG-US-015","","Dakota Dictionary introduction","Sisseton Wahpeton College","","2026-08-25","tribal-college dictionary documentation","tribal college","","Documents the University of Minnesota orthography used at Sisseton Wahpeton College and contrasts another system","Documents the University of Minnesota orthography used at Sisseton Wahpeton College and contrasts another system","https://dakotadictionary.hartman-technology.com/uploads/content/Introduction.pdf","01_methodology/research_department/ai_compute_educational_access_20260825/staging/resolve_unresolved_profiles/witnesses/dakota_swc_introduction.pdf","872513","872513","PASS","17DC652746EB152FF02490C7F0A884C326D0808B2DD0F3D9399E7788558E278D","17DC652746EB152FF02490C7F0A884C326D0808B2DD0F3D9399E7788558E278D","PASS","n.d.","registered institution used as corporate-author candidate; no personal creator or publication-date field is registered","Sisseton Wahpeton College. (n.d.). *Dakota Dictionary introduction* [tribal-college dictionary documentation]. Retrieved August 25, 2026, from https://dakotadictionary.hartman-technology.com/uploads/content/Introduction.pdf","S-DAKOTA-SWC is profile/orthography authority for the interventions listed here. Exact registered evidence: Documents the University of Minnesota orthography used at Sisseton Wahpeton College and contrasts another system. Authority level: tribal college. The register supplies no publication date; n.d. and the access date are retained rather than inferred.","Publication date is not registered locally; the source is used only for the exact profile/orthography claim recorded in exact_evidence."
"S-GARIFUNA-ALPH","profile_authority","true","false","OBS-GRG-US-035","","Alfabeto Garifuna","Honduras Secretaria de las Culturas las Artes y los Patrimonios","","2026-08-25","official alphabet","national government authority","","Publishes the alphabet used for the Honduras educational profile","Publishes the alphabet used for the Honduras educational profile","https://arc.secapph.gob.hn/wp-content/uploads/2025/10/Alfabeto-Garifuna.pdf","01_methodology/research_department/ai_compute_educational_access_20260825/staging/resolve_unresolved_profiles/witnesses/honduras_garifuna_alphabet.pdf","888366","888366","PASS","E3DFFDBB31C3AD651E8221C9480C1D2BDCE5DE5CAD0E9E7FF5CCE0A59D072DA1","E3DFFDBB31C3AD651E8221C9480C1D2BDCE5DE5CAD0E9E7FF5CCE0A59D072DA1","PASS","n.d.","registered institution used as corporate-author candidate; no personal creator or publication-date field is registered","Honduras Secretaria de las Culturas las Artes y los Patrimonios. (n.d.). *Alfabeto Garifuna* [official alphabet]. Retrieved August 25, 2026, from https://arc.secapph.gob.hn/wp-content/uploads/2025/10/Alfabeto-Garifuna.pdf","S-GARIFUNA-ALPH is profile/orthography authority for the interventions listed here. Exact registered evidence: Publishes the alphabet used for the Honduras educational profile. Authority level: national government authority. The register supplies no publication date; n.d. and the access date are retained rather than inferred.","Publication date is not registered locally; the source is used only for the exact profile/orthography claim recorded in exact_evidence."
"S-GARIFUNA-HN","profile_authority","true","false","OBS-GRG-US-035","","Unidad de Educacion Plurilingue y Multicultural","Honduras Secretaria de las Culturas las Artes y los Patrimonios","","2026-08-25","official government education page","national government authority","","Documents government production of Garifuna educational texts and links the official alphabet","Documents government production of Garifuna educational texts and links the official alphabet","https://arc.secapph.gob.hn/direccion-general-de-las-culturas-y-los-patrimonios/unidad-de-educacion-plurilingue-y-multicultural","01_methodology/research_department/ai_compute_educational_access_20260825/staging/resolve_unresolved_profiles/witnesses/garifuna_honduras_official.html","198222","198222","PASS","C4D0C91DD07C2FC460090E01F135199887E9C0087C9A9936D3561D01E2137839","C4D0C91DD07C2FC460090E01F135199887E9C0087C9A9936D3561D01E2137839","PASS","n.d.","registered institution used as corporate-author candidate; no personal creator or publication-date field is registered","Honduras Secretaria de las Culturas las Artes y los Patrimonios. (n.d.). *Unidad de Educacion Plurilingue y Multicultural* [official government education page]. Retrieved August 25, 2026, from https://arc.secapph.gob.hn/direccion-general-de-las-culturas-y-los-patrimonios/unidad-de-educacion-plurilingue-y-multicultural","S-GARIFUNA-HN is profile/orthography authority for the interventions listed here. Exact registered evidence: Documents government production of Garifuna educational texts and links the official alphabet. Authority level: national government authority. The register supplies no publication date; n.d. and the access date are retained rather than inferred.","Publication date is not registered locally; the source is used only for the exact profile/orthography claim recorded in exact_evidence."
"S-HOPI","profile_authority","true","false","OBS-GRG-US-009","","Learn Hopi / Third Mesa dictionary materials","Hopi Dictionary Project","","2026-08-25","institutional teaching and dictionary resource","community and University of Arizona project","","Provides a reproducible Third Mesa-oriented Hopi writing and teaching profile","Provides a reproducible Third Mesa-oriented Hopi writing and teaching profile","https://hopidictionary.com/wp-content/uploads/2024/10/learnhopi.pdf","01_methodology/research_department/ai_compute_educational_access_20260825/staging/resolve_unresolved_profiles/witnesses/hopi_learn_hopi_third_mesa.pdf","2878602","2878602","PASS","B4325F6F878976E5C210065DB1D5330C58BFC26F113569CE1F4134CFA7F5FA34","B4325F6F878976E5C210065DB1D5330C58BFC26F113569CE1F4134CFA7F5FA34","PASS","n.d.","registered institution used as corporate-author candidate; no personal creator or publication-date field is registered","Hopi Dictionary Project. (n.d.). *Learn Hopi / Third Mesa dictionary materials* [institutional teaching and dictionary resource]. Retrieved August 25, 2026, from https://hopidictionary.com/wp-content/uploads/2024/10/learnhopi.pdf","S-HOPI is profile/orthography authority for the interventions listed here. Exact registered evidence: Provides a reproducible Third Mesa-oriented Hopi writing and teaching profile. Authority level: community and University of Arizona project. The register supplies no publication date; n.d. and the access date are retained rather than inferred.","Publication date is not registered locally; the source is used only for the exact profile/orthography claim recorded in exact_evidence."
"S-IANA","profile_authority","true","true","OBS-GRG-US-002;OBS-GRG-US-005;OBS-GRG-US-006;OBS-GRG-US-009;OBS-GRG-US-011;OBS-GRG-US-013;OBS-GRG-US-015;OBS-GRG-US-016;OBS-GRG-US-021;OBS-GRG-US-028;OBS-GRG-US-029;OBS-GRG-US-030;OBS-GRG-US-035","OBS-GRG-US-029;OBS-GRG-US-030","Language Subtag Registry","Internet Assigned Numbers Authority","","2026-08-25","standards registry","primary international registry","","Validates emitted language/script/region components and identifies ik as a macrolanguage with esi and esk members","Validates emitted language/script/region components and identifies ik as a macrolanguage with esi and esk members","https://www.iana.org/assignments/language-subtag-registry/language-subtag-registry","01_methodology/research_department/ai_compute_educational_access_20260825/staging/resolve_unresolved_profiles/witnesses/iana_language_subtag_registry_20260825.txt","731799","731799","PASS","BE21E91B6851F750A7B1A687F11209D46AD5A8471D6B10A1EFC8D1DAC4C8A926","BE21E91B6851F750A7B1A687F11209D46AD5A8471D6B10A1EFC8D1DAC4C8A926","PASS","n.d.","registered institution used as corporate-author candidate; no personal creator or publication-date field is registered","Internet Assigned Numbers Authority. (n.d.). *Language Subtag Registry* [standards registry]. Retrieved August 25, 2026, from https://www.iana.org/assignments/language-subtag-registry/language-subtag-registry","S-IANA is profile/orthography authority for the interventions listed here. Exact registered evidence: Validates emitted language/script/region components and identifies ik as a macrolanguage with esi and esk members. Authority level: primary international registry. The register supplies no publication date; n.d. and the access date are retained rather than inferred.","Publication date is not registered locally; the source is used only for the exact profile/orthography claim recorded in exact_evidence."
"S-INUPIAQ","profile_authority","true","false","OBS-GRG-US-011","","Guide to the Inupiaq Language Collection","Alaska Native Language Archive / University of Alaska Fairbanks","","2026-08-25","public-university archive guide","public university","","Identifies two major groups and four dialect types and records an accepted 1970s orthography","Identifies two major groups and four dialect types and records an accepted 1970s orthography","https://www.uaf.edu/anla/collections/inupiaq/","01_methodology/research_department/ai_compute_educational_access_20260825/staging/resolve_unresolved_profiles/witnesses/uaf_inupiaq.html","29246","29246","PASS","AB623CC952A09F3FF7FBA94C51BD99FF7A9F77E09EE7043CE29947B2BE8DECCE","AB623CC952A09F3FF7FBA94C51BD99FF7A9F77E09EE7043CE29947B2BE8DECCE","PASS","n.d.","registered institution used as corporate-author candidate; no personal creator or publication-date field is registered","Alaska Native Language Archive / University of Alaska Fairbanks. (n.d.). *Guide to the Inupiaq Language Collection* [public-university archive guide]. Retrieved August 25, 2026, from https://www.uaf.edu/anla/collections/inupiaq/","S-INUPIAQ is profile/orthography authority for the interventions listed here. Exact registered evidence: Identifies two major groups and four dialect types and records an accepted 1970s orthography. Authority level: public university. The register supplies no publication date; n.d. and the access date are retained rather than inferred.","Publication date is not registered locally; the source is used only for the exact profile/orthography claim recorded in exact_evidence."
"S-INUPIAQ-NS","profile_authority","true","false","OBS-GRG-US-011","","North Slope Inupiaq lexicon","University of Alaska Fairbanks Documenting Alaskan and Neighboring Languages","","2026-08-25","public-university lexicon record","public university","","Identifies the completed lexicon as the definitive dictionary for North Slope Inupiaq","Identifies the completed lexicon as the definitive dictionary for North Slope Inupiaq","https://www.uaf.edu/danl/project-updates/edna-maclean/","01_methodology/research_department/ai_compute_educational_access_20260825/staging/resolve_unresolved_profiles/witnesses/uaf_north_slope_inupiaq_lexicon.html","18351","18351","PASS","970B00C33A6D3C1A3CAACB151DE23B5F1F4BE38528C88C75F7BEB5A543EDF22D","970B00C33A6D3C1A3CAACB151DE23B5F1F4BE38528C88C75F7BEB5A543EDF22D","PASS","n.d.","registered institution used as corporate-author candidate; no personal creator or publication-date field is registered","University of Alaska Fairbanks Documenting Alaskan and Neighboring Languages. (n.d.). *North Slope Inupiaq lexicon* [public-university lexicon record]. Retrieved August 25, 2026, from https://www.uaf.edu/danl/project-updates/edna-maclean/","S-INUPIAQ-NS is profile/orthography authority for the interventions listed here. Exact registered evidence: Identifies the completed lexicon as the definitive dictionary for North Slope Inupiaq. Authority level: public university. The register supplies no publication date; n.d. and the access date are retained rather than inferred.","Publication date is not registered locally; the source is used only for the exact profile/orthography claim recorded in exact_evidence."
"S-LKT","profile_authority","true","false","OBS-GRG-US-005","","Lakota Stories and Lakota Level 1 textbook","Lakota Language Consortium","","2026-08-25","institutional teaching and reader resources","language-teaching institution","","Defines a consistent contemporary phonemic orthography used in the reader and a pedagogically consistent textbook series","Defines a consistent contemporary phonemic orthography used in the reader and a pedagogically consistent textbook series","https://lakhota.org/product/lakota-stories-collected-by-ella-deloria/","01_methodology/research_department/ai_compute_educational_access_20260825/staging/resolve_unresolved_profiles/witnesses/lakota_llc_stories_orthography.html","131317","131317","PASS","390A10230B0A443F48801B46DCCF374FBF7E70AE9FB4A013AA7D569FCCD79B69","390A10230B0A443F48801B46DCCF374FBF7E70AE9FB4A013AA7D569FCCD79B69","PASS","n.d.","registered institution used as corporate-author candidate; no personal creator or publication-date field is registered","Lakota Language Consortium. (n.d.). *Lakota Stories and Lakota Level 1 textbook* [institutional teaching and reader resources]. Retrieved August 25, 2026, from https://lakhota.org/product/lakota-stories-collected-by-ella-deloria/","S-LKT is profile/orthography authority for the interventions listed here. Exact registered evidence: Defines a consistent contemporary phonemic orthography used in the reader and a pedagogically consistent textbook series. Authority level: language-teaching institution. The register supplies no publication date; n.d. and the access date are retained rather than inferred.","Publication date is not registered locally; the source is used only for the exact profile/orthography claim recorded in exact_evidence."
"S-ODAWA-DICT","profile_authority","true","false","OBS-GRG-US-013","","Nishnaabemwin Odawa and Eastern Ojibwe online dictionary","Algonquian Dictionaries Project","","2026-08-25","institutional dictionary","community and academic dictionary project","","Identifies an exact Odawa/Eastern Ojibwe dictionary data edition suitable as a named production profile","Identifies an exact Odawa/Eastern Ojibwe dictionary data edition suitable as a named production profile","https://dictionary.nishnaabemwin.atlas-ling.ca/","01_methodology/research_department/ai_compute_educational_access_20260825/staging/resolve_unresolved_profiles/witnesses/odawa_nishnaabemwin_dictionary.html","13595","13595","PASS","36DEB6850A8588133D491C462ED5746674BF01B1717AF6CC399307D5AADCD886","36DEB6850A8588133D491C462ED5746674BF01B1717AF6CC399307D5AADCD886","PASS","n.d.","registered institution used as corporate-author candidate; no personal creator or publication-date field is registered","Algonquian Dictionaries Project. (n.d.). *Nishnaabemwin Odawa and Eastern Ojibwe online dictionary* [institutional dictionary]. Retrieved August 25, 2026, from https://dictionary.nishnaabemwin.atlas-ling.ca/","S-ODAWA-DICT is profile/orthography authority for the interventions listed here. Exact registered evidence: Identifies an exact Odawa/Eastern Ojibwe dictionary data edition suitable as a named production profile. Authority level: community and academic dictionary project. The register supplies no publication date; n.d. and the access date are retained rather than inferred.","Publication date is not registered locally; the source is used only for the exact profile/orthography claim recorded in exact_evidence."
"S-ODAWA-TRIBAL","profile_authority","true","false","OBS-GRG-US-013","","Language resources","Adawe Cultural Center / Ottawa Tribe of Oklahoma","","2026-08-25","official tribal cultural resource","tribal cultural institution","","Corroborates tribal use and recommendation of Double-Vowel language resources","Corroborates tribal use and recommendation of Double-Vowel language resources","https://www.heritage.ottawatribe.gov/language","01_methodology/research_department/ai_compute_educational_access_20260825/staging/resolve_unresolved_profiles/witnesses/ottawa_tribal_cultural_center_language.html","341154","341154","PASS","0E6D881C327FB2330BAE12EE796951171CC87C4D52C36638831F5E3B6EFE364E","0E6D881C327FB2330BAE12EE796951171CC87C4D52C36638831F5E3B6EFE364E","PASS","n.d.","registered institution used as corporate-author candidate; no personal creator or publication-date field is registered","Adawe Cultural Center / Ottawa Tribe of Oklahoma. (n.d.). *Language resources* [official tribal cultural resource]. Retrieved August 25, 2026, from https://www.heritage.ottawatribe.gov/language","S-ODAWA-TRIBAL is profile/orthography authority for the interventions listed here. Exact registered evidence: Corroborates tribal use and recommendation of Double-Vowel language resources. Authority level: tribal cultural institution. The register supplies no publication date; n.d. and the access date are retained rather than inferred.","Publication date is not registered locally; the source is used only for the exact profile/orthography claim recorded in exact_evidence."
"S-OJ","profile_authority","true","false","OBS-GRG-US-016","","About the Ojibwe language","University of Minnesota Ojibwe People's Dictionary","","2026-08-25","institutional dictionary documentation","public-university and community consortium","","Names the Central Southwestern variety and states that the dictionary uses the Double-Vowel system","Names the Central Southwestern variety and states that the dictionary uses the Double-Vowel system","https://ojibwe.lib.umn.edu/about-ojibwe-language","01_methodology/research_department/ai_compute_educational_access_20260825/staging/resolve_unresolved_profiles/witnesses/ojibwe_people_dictionary_about.html","17611","17611","PASS","94C0A50832FEBCFC7C1B89A357680C689C86C21497C060CD7418302B85F3595B","94C0A50832FEBCFC7C1B89A357680C689C86C21497C060CD7418302B85F3595B","PASS","n.d.","registered institution used as corporate-author candidate; no personal creator or publication-date field is registered","University of Minnesota Ojibwe People's Dictionary. (n.d.). *About the Ojibwe language* [institutional dictionary documentation]. Retrieved August 25, 2026, from https://ojibwe.lib.umn.edu/about-ojibwe-language","S-OJ is profile/orthography authority for the interventions listed here. Exact registered evidence: Names the Central Southwestern variety and states that the dictionary uses the Double-Vowel system. Authority level: public-university and community consortium. The register supplies no publication date; n.d. and the access date are retained rather than inferred.","Publication date is not registered locally; the source is used only for the exact profile/orthography claim recorded in exact_evidence."
"S-PAP-AW","profile_authority","true","false","OBS-GRG-US-028","","First Bible in Papiamento in Aruba's official spelling","Government of Aruba","","2026-08-25","official government language page","territorial government authority","","Explicitly distinguishes Aruba's official spelling from Curaçao's existing Papiamentu edition","Explicitly distinguishes Aruba's official spelling from Curaçao's existing Papiamentu edition","https://www.gobierno.aw/en/first-bible-in-papiamento-in-arubas-official-spelling","01_methodology/research_department/ai_compute_educational_access_20260825/staging/resolve_unresolved_profiles/witnesses/aruba_official_papiamento_orthography.html","268790","268790","PASS","1816C4FD9B1F3E67CD074254521E9169F6EBEE39810FB38CBC98659B91CBF082","1816C4FD9B1F3E67CD074254521E9169F6EBEE39810FB38CBC98659B91CBF082","PASS","n.d.","registered institution used as corporate-author candidate; no personal creator or publication-date field is registered","Government of Aruba. (n.d.). *First Bible in Papiamento in Aruba's official spelling* [official government language page]. Retrieved August 25, 2026, from https://www.gobierno.aw/en/first-bible-in-papiamento-in-arubas-official-spelling","S-PAP-AW is profile/orthography authority for the interventions listed here. Exact registered evidence: Explicitly distinguishes Aruba's official spelling from Curaçao's existing Papiamentu edition. Authority level: territorial government authority. The register supplies no publication date; n.d. and the access date are retained rather than inferred.","Publication date is not registered locally; the source is used only for the exact profile/orthography claim recorded in exact_evidence."
"S-PAP-CW","profile_authority","true","false","OBS-GRG-US-028","","Landsbesluit schrijfwijze Papiamentu en Nederlands","Government of Curaçao","","2026-08-25","official spelling decree","territorial government authority","","Establishes the official Papiamentu spelling and wordlist used in Curaçao; the same phonological tradition is the statutory Bonaire baseline","Establishes the official Papiamentu spelling and wordlist used in Curaçao; the same phonological tradition is the statutory Bonaire baseline","https://gobiernu.cw/wp-content/uploads/2025/12/196-GT.-Lb-schrijfwijze-Papiamentu-en-Nederlands.pdf","01_methodology/research_department/ai_compute_educational_access_20260825/staging/resolve_unresolved_profiles/witnesses/curacao_papiamentu_spelling_decree.pdf","1593203","1593203","PASS","8A4368EC7B418911BADEF450918E7B3745753B1865F201E070BCF8E7C1B6E68A","8A4368EC7B418911BADEF450918E7B3745753B1865F201E070BCF8E7C1B6E68A","PASS","n.d.","registered institution used as corporate-author candidate; no personal creator or publication-date field is registered","Government of Curaçao. (n.d.). *Landsbesluit schrijfwijze Papiamentu en Nederlands* [official spelling decree]. Retrieved August 25, 2026, from https://gobiernu.cw/wp-content/uploads/2025/12/196-GT.-Lb-schrijfwijze-Papiamentu-en-Nederlands.pdf","S-PAP-CW is profile/orthography authority for the interventions listed here. Exact registered evidence: Establishes the official Papiamentu spelling and wordlist used in Curaçao; the same phonological tradition is the statutory Bonaire baseline. Authority level: territorial government authority. The register supplies no publication date; n.d. and the access date are retained rather than inferred.","Publication date is not registered locally; the source is used only for the exact profile/orthography claim recorded in exact_evidence."
"S-PAP-FACT","profile_authority","true","false","OBS-GRG-US-028","","Kingdom of the Netherlands Toponymic Factfile","United Kingdom Foreign Commonwealth and Development Office","","2026-08-25","official government factfile","government institutional source","","Distinguishes Aruba Papiamento from Curaçao/Bonaire Papiamentu usage","Distinguishes Aruba Papiamento from Curaçao/Bonaire Papiamentu usage","https://assets.publishing.service.gov.uk/media/68419e2efa0289a17a3e879c/Kingdom_of_the_Netherlands_Toponymic_Factfile.pdf","01_methodology/research_department/ai_compute_educational_access_20260825/staging/resolve_unresolved_profiles/witnesses/papiamento_toponymic_factfile.pdf","418243","418243","PASS","72F8230567078CD6E4F6C927876179B0D2FA5C40E725A537873FBA4947C5D950","72F8230567078CD6E4F6C927876179B0D2FA5C40E725A537873FBA4947C5D950","PASS","n.d.","registered institution used as corporate-author candidate; no personal creator or publication-date field is registered","United Kingdom Foreign Commonwealth and Development Office. (n.d.). *Kingdom of the Netherlands Toponymic Factfile* [official government factfile]. Retrieved August 25, 2026, from https://assets.publishing.service.gov.uk/media/68419e2efa0289a17a3e879c/Kingdom_of_the_Netherlands_Toponymic_Factfile.pdf","S-PAP-FACT is profile/orthography authority for the interventions listed here. Exact registered evidence: Distinguishes Aruba Papiamento from Curaçao/Bonaire Papiamentu usage. Authority level: government institutional source. The register supplies no publication date; n.d. and the access date are retained rather than inferred.","Publication date is not registered locally; the source is used only for the exact profile/orthography claim recorded in exact_evidence."
"S-PDC","profile_authority","true","true","OBS-GRG-US-029","OBS-GRG-US-029","Pennsylvania German spelling-system resources","Deitsh Books","","2026-08-25","community publishing resource","community language publisher","","States that two written spelling systems exist and identifies the English-oriented system used in named books","States that two written spelling systems exist and identifies the English-oriented system used in named books","https://www.deitshbooks.com/tools/books/grammer/","01_methodology/research_department/ai_compute_educational_access_20260825/staging/resolve_unresolved_profiles/witnesses/pennsylvania_german_deitshbooks.html","24242","24242","PASS","0DEAE98B631910B3C0D01DB2DF2A8A9D91D4137CAED6D84670357EB122339101","0DEAE98B631910B3C0D01DB2DF2A8A9D91D4137CAED6D84670357EB122339101","PASS","n.d.","registered institution used as corporate-author candidate; no personal creator or publication-date field is registered","Deitsh Books. (n.d.). *Pennsylvania German spelling-system resources* [community publishing resource]. Retrieved August 25, 2026, from https://www.deitshbooks.com/tools/books/grammer/","S-PDC is profile/orthography authority for the interventions listed here. Exact registered evidence: States that two written spelling systems exist and identifies the English-oriented system used in named books. Authority level: community language publisher. The register supplies no publication date; n.d. and the access date are retained rather than inferred.","Publication date is not registered locally; the source is used only for the exact profile/orthography claim recorded in exact_evidence."
"S-YIVO","profile_authority","true","true","OBS-GRG-US-030","OBS-GRG-US-030","Basic Facts about Yiddish","YIVO Institute for Jewish Research","","2026-08-25","institutional language reference","major cultural and scholarly institution","","Section on Standard Yiddish defines the YIVO literary standard while delimiting it from any single spoken dialect","Section on Standard Yiddish defines the YIVO literary standard while delimiting it from any single spoken dialect","https://www.yivo.org/cimages/basic_facts_about_yiddish_2014.pdf","01_methodology/research_department/ai_compute_educational_access_20260825/staging/resolve_unresolved_profiles/witnesses/yivo_facts.pdf","3046857","3046857","PASS","38F768CFEFBF3FD3A91610A884498BAC106F9DD2B5EBF61B02BBAF64A20D64D2","38F768CFEFBF3FD3A91610A884498BAC106F9DD2B5EBF61B02BBAF64A20D64D2","PASS","n.d.","registered institution used as corporate-author candidate; no personal creator or publication-date field is registered","YIVO Institute for Jewish Research. (n.d.). *Basic Facts about Yiddish* [institutional language reference]. Retrieved August 25, 2026, from https://www.yivo.org/cimages/basic_facts_about_yiddish_2014.pdf","S-YIVO is profile/orthography authority for the interventions listed here. Exact registered evidence: Section on Standard Yiddish defines the YIVO literary standard while delimiting it from any single spoken dialect. Authority level: major cultural and scholarly institution. The register supplies no publication date; n.d. and the access date are retained rather than inferred.","Publication date is not registered locally; the source is used only for the exact profile/orthography claim recorded in exact_evidence."

