portfolio_position,portfolio_lane,admission_lane,intervention_id,intervention_type,intervention_name,target_profiles,output_count,territory_or_scope,population_base,population_measure,population_years,population_observation_ids,population_source_ids,marginal_access_base_sensitivity,gross_tokens_base,informative_rank_best,informative_rank_worst,recommended_openstax_next_product,recommended_openstax_depth,needs_evidence_stage,needs_first_package,needs_first_package_short,needs_assignment_status,needs_observed_evidence,needs_source,needs_caveat
1,high_reach_underserved,base,NAT-121,natural_language_edition,Bahasa Indonesia,id-Latn-ID,1,Indonesia,248501794,official_long_form_census_able_to_speak_indonesian_persons_age5plus,2022,POP-ID-018,PM-S021,119280861,4073049,1,25,SB-1,D3,secondary,No content package preselected: use the verified 27-published/13-production catalog to commission only an exact remaining course or format gap.,"Close the next verified gap in the existing 40-course program; do not duplicate complete Open Logic, Prealgebra, or Elementary Algebra",audited_primary_or_official_proxy,PISA: 18% of represented 15-year-old students reached mathematics Level 2 or higher; almost none reached Levels 5-6,https://www.oecd.org/en/publications/pisa-2022-results-volume-i-and-ii-country-notes_ed6fbcc5-en/indonesia_c2e1ae0e-en.html,"BPS 248,501,794 is an age-5+ spoken/understood-language criterion, not written or academic proficiency. Page universes are not interchangeable: 19,745 teaching-package, 20,763 selected-corpus working, 27,705 rendered-universe, and 26,031 public-artifact reconstruction pages are not a final translated-page total."
2,high_reach_underserved,optimistic,NAT-001,natural_language_edition,Bangladesh Bangla,bn-Beng-BD,1,Bangladesh,165323060,derived_cldr_territory_functional_language_users,2026-03-17 CLDR release; component estimate year not stated,ASSEC-BD-BN-001,ASSEC-S006,65302609,4073049,2,11,MV-1,D3,primary,"Bangla Grade 2-5 number sense, operations, place value, fractions, measurement and pattern kit with diagnostics and complete worked answers",Bangla Grade 2-5 foundational numeracy kit,audited_primary_or_official_proxy,NSA 2022: 39% of Grade 3 and 30% of Grade 5 students met grade-level mathematics standards; the report states about two thirds had not achieved grade-level foundational skills,https://dpe.portal.gov.bd/sites/default/files/files/dpe.portal.gov.bd/publications/27a08801_1d5d_4e08_8fdb_25a4a693a2f3/NSA-2022%20Final%20Report.pdf,National student results do not equal the whole Bangla-speaking population; portal availability does not prove an open license
3,high_reach_underserved,scarcity,NAT-003,natural_language_edition,Telugu,te-Telu-IN,1,India,80912459,census_same_name_mother_tongue_component_persons,2011,POP-IN-COMP-021,PM-S001,57833869,4073049,1,6,SB-1,D3,primary,"Telugu-English Grades 3-10 mastery bridge with placement, error-specific explanations and full solutions",Telugu-English Grades 3-10 mastery bridge,audited_primary_or_official_proxy,ASER rural 2024: Andhra Pradesh Grade 3 at least subtraction 44.1% and Grade 5 division 36.2%; Telangana 30.9% and 25.2%,https://asercentre.org/wp-content/uploads/2022/12/Andhra-Pradesh-1.pdf ; https://asercentre.org/wp-content/uploads/2022/12/Telangana-1.pdf,ASER is rural and territorial; Andhra Pradesh and Telangana differ materially and should not be averaged into a fake single rate
4,high_reach_underserved,base,NAT-002,natural_language_edition,Indian Bengali,bn-Beng-IN,1,India,96177835,census_same_name_mother_tongue_component_persons,2011,POP-IN-COMP-002,PM-S001,69699712,4073049,2,9,SB-1,D3,primary,"Bangla Grades 3-8 arithmetic/fractions-to-algebra catch-up with placement tests, short mastery units and full answers",Indian Bangla Grades 3-8 arithmetic-to-algebra catch-up,audited_primary_or_official_proxy,ASER rural West Bengal 2024: 40.9% of Grade 3 children could do at least subtraction and 35.0% of Grade 5 children could divide,https://asercentre.org/wp-content/uploads/2022/12/West-Bengal-1.pdf,Bangladesh Bangla is a separate edition profile; ASER is a rural West Bengal proxy and not a direct language-population assessment
5,high_reach_underserved,optimistic,NAT-028,natural_language_edition,Vietnamese,vi-Latn-VN,1,Vietnam,89000000,peer_reviewed_published_lower_bound_speakers,2016 publication; population estimate vintage not stated,ASSEC-VN-VI-001,ASSEC-S007,42777849,4073049,4,17,SB-1,D3,secondary,"Vietnamese precalculus-to-calculus-to-linear-algebra self-study spine, reusing suitable open local modules before retranslating",Precalculus-to-calculus-to-linear-algebra self-study spine,audited_primary_or_official_proxy,PISA 2022: 72% of represented 15-year-old students reached mathematics Level 2 or higher and 5% reached Levels 5-6,https://www.oecd.org/en/publications/pisa-2022-results-volume-i-and-ii-country-notes_ed6fbcc5-en/viet-nam_a727c3a8-en.html,Foundational remediation remains relevant to the 28% below Level 2 but is not the correct universal first product; local module quality/licensing still requires an artifact audit
6,high_reach_underserved,scarcity,NAT-006,natural_language_edition,Marathi,mr-Deva-IN,1,India,82801140,census_same_name_mother_tongue_component_persons,2011,POP-IN-COMP-013,PM-S001,50316309,4073049,2,7,SB-1,D3,primary_to_secondary,"Marathi Grade 8-to-first-year-STEM bridge with embedded fractions/algebra diagnostic, functions, trigonometry, precalculus and proof introduction",Marathi Grade 8-to-first-year-STEM bridge,audited_primary_or_official_proxy,ASER rural Maharashtra 2024: 31.3% of Grade 3 children could do at least subtraction and 27.7% of Grade 5 children could divide,https://asercentre.org/wp-content/uploads/2022/12/Maharashtra-1.pdf,"The foundational deficit is real, but existing supply makes a new primary textbook a weaker marginal choice than a recovery/transition spine"
7,high_reach_underserved,base,NAT-004,natural_language_edition,Indian Tamil,ta-Taml-IN,1,India,68888839,census_same_name_mother_tongue_component_persons,2011,POP-IN-COMP-020,PM-S001,48387709,4073049,5,9,SB-1,D3,primary,"Tamil Grades 2-8 numeracy recovery course with placement, mastery units, full answers and worked misconception explanations",Tamil Grades 2-8 teacher-independent numeracy recovery,audited_primary_or_official_proxy,ASER rural Tamil Nadu 2024: 27.8% of Grade 3 children could do at least subtraction and 20.8% of Grade 5 children could divide,https://asercentre.org/wp-content/uploads/2022/12/Tamil-Nadu-1.pdf,"State proxy is rural and does not describe all Indian Tamil speakers; advanced work is not useless, only lower marginal priority for the first broad-access package"
8,high_reach_underserved,optimistic,NAT-015,natural_language_edition,Western Punjabi,pnb-Arab-PK,1,Pakistan,88915544,census_mother_tongue_persons,2023,POP-PK-002,PM-S003,26167845,4073049,5,13,MV-1,D2,secondary_to_undergraduate,"Shahmukhi Punjabi-to-Urdu/English algebra, functions, trigonometry, precalculus and proof bridge",Shahmukhi Punjabi-to-Urdu/English secondary-to-UG bridge,audited_primary_or_official_proxy,"ASER Pakistan 2023: 60.5% of rural Punjab Grade 5 children solved two-digit division; 2023 census counted 85,309,591 Punjabi mother-tongue residents in Punjab province",https://aserpakistan.org/document/2024/aser_national_2023.pdf ; https://www.pbs.gov.pk/wp-content/uploads/census_tables/tables/table_11_punjab_province.pdf,"Do not substitute Indian Gurmukhi Punjabi; the 88,915,544 candidate ceiling and 85,309,591 province count use different census constructions"
9,high_reach_underserved,scarcity,NAT-038,natural_language_edition,Javanese,jv-Latn-ID,1,Indonesia,68044660,daily_language_at_home_age5plus_persons,2010,POP-ID-001,PM-S005,32661437,4073049,3,9,SB-1,D3,primary_to_secondary,Oral/bilingual Javanese-to-Bahasa number-sense through prealgebra/algebra scaffold with audio and deliberate terminology transfer,Bilingual Javanese-to-Bahasa foundational/academic-register scaffold,audited_primary_or_official_proxy,"No Javanese-specific large-scale mathematics assessment located; Indonesia PISA gives only a national proxy and BPS 2010 counted 68,044,660 age-5+ daily home users",https://www.bps.go.id/id/publication/2012/05/23/55eca38b7fe0830834605b35/kewarganegaraan-suku-bangsa-agama-dan-bahasa-sehari-hari-penduduk-indonesia.html ; https://www.oecd.org/en/publications/pisa-2022-results-volume-i-and-ii-country-notes_ed6fbcc5-en/indonesia_c2e1ae0e-en.html,"Outcome evidence is not Javanese-specific; register, dialect and script choices require explicit profiles rather than a single pan-Javanese claim"
10,high_reach_underserved,base,NAT-007,natural_language_edition,Gujarati,gu-Gujr-IN,1,India,55036204,census_same_name_mother_tongue_component_persons,2011,POP-IN-COMP-005,PM-S001,34089878,4073049,4,11,SB-1,D3,primary,"Gujarati Grades 2-6 diagnostic remediation in place value, operations, fractions and proportional reasoning",Gujarati Grades 2-6 diagnostic numeracy remediation,audited_primary_or_official_proxy,ASER rural Gujarat 2024: 19.1% of Grade 3 children could do at least subtraction and 14.3% of Grade 5 children could divide,https://asercentre.org/wp-content/uploads/2022/12/Gujarat-1.pdf,"ASER is rural and territorial; existing state material means the intervention is a redesigned mastery system, not merely another textbook"
11,high_reach_underserved,optimistic,NAT-029,natural_language_edition,Thai,th-Thai-TH,1,Thailand,64080191,derived_union_of_mutually_exclusive_census_strata_persons,2010-09-01,TH-2010-003,TH-S001,29188527,4073049,10,21,SB-1,D3,secondary_data_or_undergraduate_candidate,Audit local algebra/statistics and tertiary supply before choosing a secondary-data or undergraduate bridge.,Secondary-data/UG candidate; local needs audit required,territory_proxy_only_not_a_content_commission,,,The fixed OpenStax scenario classifies compute scale only; it does not establish that this content is locally missing.
12,high_reach_underserved,scarcity,NAT-010,natural_language_edition,Odia,or-Orya-IN,1,India,34059266,census_same_name_mother_tongue_component_persons,2011,POP-IN-COMP-015,PM-S001,23106806,4073049,6,19,SB-1,D3,secondary_data_or_undergraduate_candidate,Audit local algebra/statistics and tertiary supply before choosing a secondary-data or undergraduate bridge.,Secondary-data/UG candidate; local needs audit required,territory_proxy_only_not_a_content_commission,,,The fixed OpenStax scenario classifies compute scale only; it does not establish that this content is locally missing.
13,high_reach_underserved,base,NAT-008,natural_language_edition,Kannada,kn-Knda-IN,1,India,43506272,census_same_name_mother_tongue_component_persons,2011,POP-IN-COMP-007,PM-S001,31535081,4073049,10,13,SB-1,D3,secondary_data_or_undergraduate_candidate,Audit local algebra/statistics and tertiary supply before choosing a secondary-data or undergraduate bridge.,Secondary-data/UG candidate; local needs audit required,territory_proxy_only_not_a_content_commission,,,The fixed OpenStax scenario classifies compute scale only; it does not establish that this content is locally missing.
14,high_reach_underserved,optimistic,NAT-013,natural_language_edition,Indian Urdu,ur-Arab-IN,1,India,50725762,census_same_name_mother_tongue_component_persons,2011,POP-IN-COMP-022,PM-S001,30600888,4073049,7,12,SB-1,D3,secondary_data_or_undergraduate_candidate,Audit local algebra/statistics and tertiary supply before choosing a secondary-data or undergraduate bridge.,Secondary-data/UG candidate; local needs audit required,territory_proxy_only_not_a_content_commission,,,The fixed OpenStax scenario classifies compute scale only; it does not establish that this content is locally missing.
15,high_reach_underserved,scarcity,NAT-030,natural_language_edition,Burmese,my-Mymr-MM,1,Myanmar,36817344,derived_cldr_territory_functional_language_users,2026-03-17 CLDR release; component estimate year not stated,ASSEC-MM-MY-001,ASSEC-S006,17217151,4073049,8,18,MV-1,D3,secondary_bridge_candidate,"Audit local secondary supply, then commission a complete algebra/functions/trigonometry bridge only where it is the binding gap.",Secondary bridge candidate; local needs audit required,territory_proxy_only_not_a_content_commission,,,The fixed OpenStax scenario classifies compute scale only; it does not establish that this content is locally missing.
16,high_reach_underserved,base,NAT-009,natural_language_edition,Malayalam,ml-Mlym-IN,1,India,34776533,census_same_name_mother_tongue_component_persons,2011,POP-IN-COMP-011,PM-S001,23946869,4073049,12,17,SB-1,D3,secondary_data_or_undergraduate_candidate,Audit local algebra/statistics and tertiary supply before choosing a secondary-data or undergraduate bridge.,Secondary-data/UG candidate; local needs audit required,territory_proxy_only_not_a_content_commission,,,The fixed OpenStax scenario classifies compute scale only; it does not establish that this content is locally missing.
17,high_reach_underserved,optimistic,EXP-003,natural_language_edition,Uzbekistan Uzbek Latin-script edition,uz-Latn-UZ,1,Uzbekistan,35700000,preliminary_census_mother_tongue_persons_rounded,2026,ALG-UZ-L001,ALG-S018,17850000,4073049,15,19,SB-1,D3,secondary_data_or_undergraduate_candidate,Audit local algebra/statistics and tertiary supply before choosing a secondary-data or undergraduate bridge.,Secondary-data/UG candidate; local needs audit required,territory_proxy_only_not_a_content_commission,,,The fixed OpenStax scenario classifies compute scale only; it does not establish that this content is locally missing.
18,high_reach_underserved,scarcity,NAT-014,natural_language_edition,Eastern Punjabi,pa-Guru-IN,1,India,31144095,census_same_name_mother_tongue_component_persons,2011,POP-IN-COMP-016,PM-S001,17886376,4073049,10,22,SB-1,D3,secondary_data_or_undergraduate_candidate,Audit local algebra/statistics and tertiary supply before choosing a secondary-data or undergraduate bridge.,Secondary-data/UG candidate; local needs audit required,territory_proxy_only_not_a_content_commission,,,The fixed OpenStax scenario classifies compute scale only; it does not establish that this content is locally missing.
19,high_reach_underserved,base,NAT-039,natural_language_edition,Sundanese,su-Latn-ID,1,Indonesia,32412752,daily_language_at_home_age5plus_persons,2010,POP-ID-003,PM-S005,15558121,4073049,14,19,SB-1,D3,secondary_data_or_undergraduate_candidate,Audit local algebra/statistics and tertiary supply before choosing a secondary-data or undergraduate bridge.,Secondary-data/UG candidate; local needs audit required,territory_proxy_only_not_a_content_commission,,,The fixed OpenStax scenario classifies compute scale only; it does not establish that this content is locally missing.
20,high_reach_underserved,optimistic,NAT-018,natural_language_edition,Sindhi,sd-Arab-PK,1,Pakistan,34401564,census_mother_tongue_persons,2023,POP-PK-003,PM-S003,10124380,4073049,15,21,MV-1,D2,foundational_or_secondary_readiness_unresolved,Diagnose foundational readiness first; commission a numeracy-to-algebra recovery path only if the local corpus audit confirms the gap.,Foundational-readiness audit before algebra assignment,territory_proxy_only_not_a_content_commission,,,The fixed OpenStax scenario classifies compute scale only; it does not establish that this content is locally missing.
21,high_reach_underserved,scarcity,NAT-065,natural_language_edition,Amharic,am-Ethi-ET,1,Ethiopia,21634396,census_mother_tongue_persons,2007,POP-ET-002,PM-S020,6540078,4073049,16,28,MV-1,D2,foundational_or_secondary_readiness_unresolved,Diagnose foundational readiness first; commission a numeracy-to-algebra recovery path only if the local corpus audit confirms the gap.,Foundational-readiness audit before algebra assignment,territory_proxy_only_not_a_content_commission,,,The fixed OpenStax scenario classifies compute scale only; it does not establish that this content is locally missing.
22,high_reach_underserved,base,NAT-034,natural_language_edition,Cebuano,ceb-Latn-PH,1,Philippines,20697364,CLEAR_normalized_main_language_weighted_persons_from_IPUMS_2010_census_extract,2010-12-31,ASSEC-PH-CEB-001,ASSEC-S008,10190347,4073049,20,25,SB-1,D3,secondary_data_or_undergraduate_candidate,Audit local algebra/statistics and tertiary supply before choosing a secondary-data or undergraduate bridge.,Secondary-data/UG candidate; local needs audit required,territory_proxy_only_not_a_content_commission,,,The fixed OpenStax scenario classifies compute scale only; it does not establish that this content is locally missing.
23,high_reach_underserved,optimistic,NAT-058,natural_language_edition,Dari,prs-Arab-AF,1,Afghanistan,30083114,derived_2020_total_speakers_from_official_secondary_share_and_world_bank_denominator,2020 estimate; republished in official report 2023,ASSEC-AF-PRS-001,ASSEC-S018,5605988,4073049,20,29,MV-1,D2,foundational_or_secondary_readiness_unresolved,Diagnose foundational readiness first; commission a numeracy-to-algebra recovery path only if the local corpus audit confirms the gap.,Foundational-readiness audit before algebra assignment,territory_proxy_only_not_a_content_commission,,,The fixed OpenStax scenario classifies compute scale only; it does not establish that this content is locally missing.
24,high_reach_underserved,scarcity,NAT-012,natural_language_edition,Pakistani Urdu,ur-Arab-PK,1,Pakistan,22249307,census_mother_tongue_persons,2023,POP-PK-001,PM-S003,6547971,4073049,18,27,MV-1,D2,foundational_or_secondary_readiness_unresolved,Diagnose foundational readiness first; commission a numeracy-to-algebra recovery path only if the local corpus audit confirms the gap.,Foundational-readiness audit before algebra assignment,territory_proxy_only_not_a_content_commission,,,The fixed OpenStax scenario classifies compute scale only; it does not establish that this content is locally missing.
25,high_reach_underserved,base,NAT-011,natural_language_edition,Assamese,as-Beng-IN,1,India,14816414,census_same_name_mother_tongue_component_persons,2011,POP-IN-COMP-001,PM-S001,10118381,4073049,22,30,SB-1,D3,secondary_data_or_undergraduate_candidate,Audit local algebra/statistics and tertiary supply before choosing a secondary-data or undergraduate bridge.,Secondary-data/UG candidate; local needs audit required,territory_proxy_only_not_a_content_commission,,,The fixed OpenStax scenario classifies compute scale only; it does not establish that this content is locally missing.
26,high_reach_underserved,optimistic,NAT-019,natural_language_edition,Saraiki,skr-Arab-PK,1,Pakistan,28849579,census_mother_tongue_persons,2023,POP-PK-007,PM-S003,8490431,4073049,21,23,MV-1,D2,foundational_or_secondary_readiness_unresolved,Diagnose foundational readiness first; commission a numeracy-to-algebra recovery path only if the local corpus audit confirms the gap.,Foundational-readiness audit before algebra assignment,territory_proxy_only_not_a_content_commission,,,The fixed OpenStax scenario classifies compute scale only; it does not establish that this content is locally missing.
27,high_reach_underserved,scarcity,NAT-027,natural_language_edition,Sinhala,si-Sinh-LK,1,Sri Lanka,14948168,derived_cldr_territory_functional_language_users,2026-03-17 CLDR release; component estimate year not stated,ASSEC-LK-SI-001,ASSEC-S006,6931465,4073049,20,27,MV-1,D3,secondary_bridge_candidate,"Audit local secondary supply, then commission a complete algebra/functions/trigonometry bridge only where it is the binding gap.",Secondary bridge candidate; local needs audit required,territory_proxy_only_not_a_content_commission,,,The fixed OpenStax scenario classifies compute scale only; it does not establish that this content is locally missing.
28,high_reach_underserved,base,EXP-004,natural_language_edition,India Maithili Devanagari edition,mai-Deva-IN,1,India,13353347,census_same_name_mother_tongue_component_persons,2011,POP-IN-COMP-010,PM-S001,7644770,4073049,24,32,SB-1,D3,secondary_data_or_undergraduate_candidate,Audit local algebra/statistics and tertiary supply before choosing a secondary-data or undergraduate bridge.,Secondary-data/UG candidate; local needs audit required,territory_proxy_only_not_a_content_commission,,,The fixed OpenStax scenario classifies compute scale only; it does not establish that this content is locally missing.
29,high_reach_underserved,optimistic,EXP-001,natural_language_edition,Afghanistan Pashto Arabic-script edition,ps-Arab-AF,1,Afghanistan,18753110,derived_2020_total_speakers_from_official_secondary_share_and_world_bank_denominator,2020 estimate; republished in official report 2023,ASSEC-AF-PS-001,ASSEC-S018,3494642,4073049,26,36,MV-1,D2,foundational_or_secondary_readiness_unresolved,Diagnose foundational readiness first; commission a numeracy-to-algebra recovery path only if the local corpus audit confirms the gap.,Foundational-readiness audit before algebra assignment,territory_proxy_only_not_a_content_commission,,,The fixed OpenStax scenario classifies compute scale only; it does not establish that this content is locally missing.
30,high_reach_underserved,scarcity,NAT-022,natural_language_edition,Nepali,ne-Deva-NP,1,Nepal,13084457,census_mother_tongue_persons,2021,POP-NP-001,PM-S004,5502014,4073049,22,34,MV-1,D2,foundational_or_secondary_readiness_unresolved,Diagnose foundational readiness first; commission a numeracy-to-algebra recovery path only if the local corpus audit confirms the gap.,Foundational-readiness audit before algebra assignment,territory_proxy_only_not_a_content_commission,,,The fixed OpenStax scenario classifies compute scale only; it does not establish that this content is locally missing.
31,high_reach_underserved,base,NAT-073,natural_language_edition,isiZulu,zu-Latn-ZA,1,South Africa,14613202,census_language_most_often_spoken_in_household_persons_age_1_plus,2022,ZA-ZUL-2022,ZA-S001,6659967,4073049,26,29,MV-1,D3,secondary_bridge_candidate,"Audit local secondary supply, then commission a complete algebra/functions/trigonometry bridge only where it is the binding gap.",Secondary bridge candidate; local needs audit required,territory_proxy_only_not_a_content_commission,,,The fixed OpenStax scenario classifies compute scale only; it does not establish that this content is locally missing.
32,high_reach_underserved,optimistic,NAT-031,natural_language_edition,Khmer,km-Khmr-KH,1,Cambodia,14893134,census_mother_tongue_persons,2019,ALG-KH-L001,ALG-S011,5356316,4073049,28,31,MV-1,D3,secondary_bridge_candidate,"Audit local secondary supply, then commission a complete algebra/functions/trigonometry bridge only where it is the binding gap.",Secondary bridge candidate; local needs audit required,territory_proxy_only_not_a_content_commission,,,The fixed OpenStax scenario classifies compute scale only; it does not establish that this content is locally missing.
34,high_reach_underserved,base,NAT-075,natural_language_edition,Shona,sn-Latn-ZW,1,Zimbabwe,11251734,census_mother_tongue_persons,2022,POP-ZW-001,PM-S011,5244996,4073049,32,33,MV-1,D2,foundational_or_secondary_readiness_unresolved,Diagnose foundational readiness first; commission a numeracy-to-algebra recovery path only if the local corpus audit confirms the gap.,Foundational-readiness audit before algebra assignment,territory_proxy_only_not_a_content_commission,,,The fixed OpenStax scenario classifies compute scale only; it does not establish that this content is locally missing.
35,high_reach_underserved,optimistic,NAT-047,natural_language_edition,Kazakh,kk-Cyrl-KZ,1,Kazakhstan,13380107,census_native_language_of_own_nationality_persons,2021,ALG-KZ-L001,ALG-S007,3345027,4073049,27,37,SB-1,D3,secondary_data_or_undergraduate_candidate,Audit local algebra/statistics and tertiary supply before choosing a secondary-data or undergraduate bridge.,Secondary-data/UG candidate; local needs audit required,territory_proxy_only_not_a_content_commission,,,The fixed OpenStax scenario classifies compute scale only; it does not establish that this content is locally missing.
38,high_reach_underserved,optimistic,NAT-049,natural_language_edition,Tajik,tg-Cyrl-TJ,1,Tajikistan,10394100,derived_cldr_territory_functional_language_users,2026-03-17 CLDR release; component estimate year not stated,ASSEC-TJ-TG-001,ASSEC-S006,2598525,4073049,35,41,SB-1,D3,secondary_data_or_undergraduate_candidate,Audit local algebra/statistics and tertiary supply before choosing a secondary-data or undergraduate bridge.,Secondary-data/UG candidate; local needs audit required,territory_proxy_only_not_a_content_commission,,,The fixed OpenStax scenario classifies compute scale only; it does not establish that this content is locally missing.
33,regional_depth,scarcity,NAT-055,natural_language_edition,Turkmen,tk-Latn-TM,1,Turkmenistan,6297965,census_mother_tongue_persons,2022,ALG-TM-L001,ALG-S009,3145834,4073049,23,41,MV-1,D3,secondary_bridge_candidate,"Audit local secondary supply, then commission a complete algebra/functions/trigonometry bridge only where it is the binding gap.",Secondary bridge candidate; local needs audit required,territory_proxy_only_not_a_content_commission,,,The fixed OpenStax scenario classifies compute scale only; it does not establish that this content is locally missing.
36,regional_depth,scarcity,NAT-032,natural_language_edition,Lao,lo-Laoo-LA,1,Laos,5487956,derived_cldr_territory_functional_language_users,2026-03-17 CLDR release; component estimate year not stated,ASSEC-LA-LO-001,ASSEC-S006,2075545,4073049,24,45,MV-1,D2,foundational_or_secondary_readiness_unresolved,Diagnose foundational readiness first; commission a numeracy-to-algebra recovery path only if the local corpus audit confirms the gap.,Foundational-readiness audit before algebra assignment,territory_proxy_only_not_a_content_commission,,,The fixed OpenStax scenario classifies compute scale only; it does not establish that this content is locally missing.
37,regional_depth,base,NAT-074,natural_language_edition,isiXhosa,xh-Latn-ZA,1,South Africa,9786928,census_language_most_often_spoken_in_household_persons_age_1_plus,2022,ZA-XHO-2022,ZA-S001,4460393,4073049,33,36,MV-1,D3,secondary_bridge_candidate,"Audit local secondary supply, then commission a complete algebra/functions/trigonometry bridge only where it is the binding gap.",Secondary bridge candidate; local needs audit required,territory_proxy_only_not_a_content_commission,,,The fixed OpenStax scenario classifies compute scale only; it does not establish that this content is locally missing.
39,regional_depth,scarcity,EXP-013,natural_language_edition,Ethiopia Somali Latin-script edition,so-Latn-ET,1,Ethiopia,4609274,census_mother_tongue_persons,2007,POP-ET-003,PM-S020,1393384,4073049,26,51,MV-1,D2,foundational_or_secondary_readiness_unresolved,Diagnose foundational readiness first; commission a numeracy-to-algebra recovery path only if the local corpus audit confirms the gap.,Foundational-readiness audit before algebra assignment,territory_proxy_only_not_a_content_commission,,,The fixed OpenStax scenario classifies compute scale only; it does not establish that this content is locally missing.
40,regional_depth,base,EXP-005,natural_language_edition,Indonesia Madurese Latin-script edition,mad-Latn-ID,1,Indonesia,7743533,daily_language_at_home_age5plus_persons,2010,POP-ID-005,PM-S005,3716896,4073049,34,39,MV-1,D3,secondary_bridge_candidate,"Audit local secondary supply, then commission a complete algebra/functions/trigonometry bridge only where it is the binding gap.",Secondary bridge candidate; local needs audit required,territory_proxy_only_not_a_content_commission,,,The fixed OpenStax scenario classifies compute scale only; it does not establish that this content is locally missing.
41,regional_depth,optimistic,EXP-018,natural_language_edition,Mali Bamanankan Latin-script edition,bm-Latn-ML,1,Mali,9551561,census_mother_tongue_persons_age_3_plus,2022,POP-ML-AFG-001,AFG-S008,1701611,4073049,37,48,MV-1,D2,foundational_or_secondary_readiness_unresolved,Diagnose foundational readiness first; commission a numeracy-to-algebra recovery path only if the local corpus audit confirms the gap.,Foundational-readiness audit before algebra assignment,territory_proxy_only_not_a_content_commission,,,The fixed OpenStax scenario classifies compute scale only; it does not establish that this content is locally missing.
42,regional_depth,scarcity,NAT-048,natural_language_edition,Kyrgyz,ky-Cyrl-KG,1,Kyrgyzstan,5527168,census_native_language_persons,2022,ALG-KG-L001,ALG-S008,1381792,4073049,28,52,MV-1,D3,secondary_bridge_candidate,"Audit local secondary supply, then commission a complete algebra/functions/trigonometry bridge only where it is the binding gap.",Secondary bridge candidate; local needs audit required,territory_proxy_only_not_a_content_commission,,,The fixed OpenStax scenario classifies compute scale only; it does not establish that this content is locally missing.
43,regional_depth,base,NAT-035,natural_language_edition,Ilocano,ilo-Latn-PH,1,Philippines,7098503,CLEAR_normalized_main_language_weighted_persons_from_IPUMS_2010_census_extract,2010-12-31,ASSEC-PH-ILO-001,ASSEC-S008,3494948,4073049,35,40,MV-1,D3,secondary_bridge_candidate,"Audit local secondary supply, then commission a complete algebra/functions/trigonometry bridge only where it is the binding gap.",Secondary bridge candidate; local needs audit required,territory_proxy_only_not_a_content_commission,,,The fixed OpenStax scenario classifies compute scale only; it does not establish that this content is locally missing.
44,regional_depth,optimistic,NAT-081,natural_language_edition,Wolof,wo-Latn-SN,1,Senegal,8786892,census_principal_language_commonly_spoken_persons_age_3_plus,2023,POP-SN-AFG-001,AFG-S009,2212539,4073049,38,43,MV-1,D2,foundational_or_secondary_readiness_unresolved,Diagnose foundational readiness first; commission a numeracy-to-algebra recovery path only if the local corpus audit confirms the gap.,Foundational-readiness audit before algebra assignment,territory_proxy_only_not_a_content_commission,,,The fixed OpenStax scenario classifies compute scale only; it does not establish that this content is locally missing.
45,regional_depth,scarcity,NAT-005,natural_language_edition,Sri Lankan Tamil,ta-Taml-LK,1,Sri Lanka,3297390,derived_cldr_territory_functional_language_users,2026-03-17 CLDR release; component estimate year not stated,ASSEC-LK-TA-001,ASSEC-S006,1529000,4073049,29,53,MV-1,D3,secondary_bridge_candidate,"Audit local secondary supply, then commission a complete algebra/functions/trigonometry bridge only where it is the binding gap.",Secondary bridge candidate; local needs audit required,territory_proxy_only_not_a_content_commission,,,The fixed OpenStax scenario classifies compute scale only; it does not establish that this content is locally missing.
46,regional_depth,base,NAT-036,natural_language_edition,Hiligaynon,hil-Latn-PH,1,Philippines,6073883,CLEAR_normalized_main_language_weighted_persons_from_IPUMS_2010_census_extract,2010-12-31,ASSEC-PH-HIL-001,ASSEC-S008,2990476,4073049,39,42,MV-1,D3,secondary_bridge_candidate,"Audit local secondary supply, then commission a complete algebra/functions/trigonometry bridge only where it is the binding gap.",Secondary bridge candidate; local needs audit required,territory_proxy_only_not_a_content_commission,,,The fixed OpenStax scenario classifies compute scale only; it does not establish that this content is locally missing.
47,regional_depth,optimistic,EXP-019,natural_language_edition,South Africa Sepedi Latin-script edition,nso-Latn-ZA,1,South Africa,5972255,census_language_most_often_spoken_in_household_persons_age_1_plus,2022,ZA-NSO-2022,ZA-S001,2721855,4073049,40,43,MV-1,D3,secondary_bridge_candidate,"Audit local secondary supply, then commission a complete algebra/functions/trigonometry bridge only where it is the binding gap.",Secondary bridge candidate; local needs audit required,territory_proxy_only_not_a_content_commission,,,The fixed OpenStax scenario classifies compute scale only; it does not establish that this content is locally missing.
48,regional_depth,scarcity,NAT-050,natural_language_edition,Mongolian,mn-Cyrl-MN,1,Mongolia,3051962,derived_cldr_territory_functional_language_users,2026-03-17 CLDR release; component estimate year not stated,ASSEC-MN-MN-001,ASSEC-S006,1505228,4073049,30,54,MV-1,D3,secondary_bridge_candidate,"Audit local secondary supply, then commission a complete algebra/functions/trigonometry bridge only where it is the binding gap.",Secondary bridge candidate; local needs audit required,territory_proxy_only_not_a_content_commission,,,The fixed OpenStax scenario classifies compute scale only; it does not establish that this content is locally missing.
49,regional_depth,base,EXP-020,natural_language_edition,South Africa Setswana Latin-script edition,tn-Latn-ZA,1,South Africa,4972787,census_language_most_often_spoken_in_household_persons_age_1_plus,2022,ZA-TSN-2022,ZA-S001,2266348,4073049,42,46,MV-1,D3,secondary_bridge_candidate,"Audit local secondary supply, then commission a complete algebra/functions/trigonometry bridge only where it is the binding gap.",Secondary bridge candidate; local needs audit required,territory_proxy_only_not_a_content_commission,,,The fixed OpenStax scenario classifies compute scale only; it does not establish that this content is locally missing.
50,regional_depth,optimistic,EXP-021,natural_language_edition,South Africa Sesotho Latin-script edition,st-Latn-ZA,1,South Africa,4678964,census_language_most_often_spoken_in_household_persons_age_1_plus,2022,ZA-SOT-2022,ZA-S001,2132438,4073049,44,47,MV-1,D3,secondary_bridge_candidate,"Audit local secondary supply, then commission a complete algebra/functions/trigonometry bridge only where it is the binding gap.",Secondary bridge candidate; local needs audit required,territory_proxy_only_not_a_content_commission,,,The fixed OpenStax scenario classifies compute scale only; it does not establish that this content is locally missing.
51,regional_depth,scarcity,NAT-105,natural_language_edition,Maori,mi-Latn-NZ,1,New Zealand,213849,census_languages_spoken_multiple_response_persons,2023,POP-NZ-002,PM-S014,53462,4073049,31,79,MV-1,D3,secondary_bridge_candidate,"Audit local secondary supply, then commission a complete algebra/functions/trigonometry bridge only where it is the binding gap.",Secondary bridge candidate; local needs audit required,territory_proxy_only_not_a_content_commission,,,The fixed OpenStax scenario classifies compute scale only; it does not establish that this content is locally missing.
52,regional_depth,base,EXP-006,natural_language_edition,Indonesia Minangkabau Latin-script edition,min-Latn-ID,1,Indonesia,4232226,daily_language_at_home_age5plus_persons,2010,POP-ID-006,PM-S005,2031468,4073049,46,51,MV-1,D3,secondary_bridge_candidate,"Audit local secondary supply, then commission a complete algebra/functions/trigonometry bridge only where it is the binding gap.",Secondary bridge candidate; local needs audit required,territory_proxy_only_not_a_content_commission,,,The fixed OpenStax scenario classifies compute scale only; it does not establish that this content is locally missing.
53,regional_depth,optimistic,EXP-014,natural_language_edition,Ethiopia Tigrinya Ethiopic-script edition,ti-Ethi-ET,1,Ethiopia,4324933,census_mother_tongue_persons,2007,POP-ET-004,PM-S020,1307427,4073049,49,54,MV-1,D2,foundational_or_secondary_readiness_unresolved,Diagnose foundational readiness first; commission a numeracy-to-algebra recovery path only if the local corpus audit confirms the gap.,Foundational-readiness audit before algebra assignment,territory_proxy_only_not_a_content_commission,,,The fixed OpenStax scenario classifies compute scale only; it does not establish that this content is locally missing.
55,regional_depth,base,EXP-007,natural_language_edition,Indonesia Banjar Latin-script edition,bjn-Latn-ID,1,Indonesia,3651626,daily_language_at_home_age5plus_persons,2010,POP-ID-007,PM-S005,1752780,4073049,47,52,MV-1,D3,secondary_bridge_candidate,"Audit local secondary supply, then commission a complete algebra/functions/trigonometry bridge only where it is the binding gap.",Secondary bridge candidate; local needs audit required,territory_proxy_only_not_a_content_commission,,,The fixed OpenStax scenario classifies compute scale only; it does not establish that this content is locally missing.
56,regional_depth,optimistic,OBS-POP-SN-AFG-002,natural_language_edition,"Senegal Pulaar, official Latin orthography",fuc-Latn-SN,1,Senegal,4314509,census_principal_language_commonly_spoken_persons_age_3_plus,2023,POP-SN-AFG-002,AFG-S009,1086393,4073049,50,60,MV-1,D2,foundational_or_secondary_readiness_unresolved,Diagnose foundational readiness first; commission a numeracy-to-algebra recovery path only if the local corpus audit confirms the gap.,Foundational-readiness audit before algebra assignment,territory_proxy_only_not_a_content_commission,,,The fixed OpenStax scenario classifies compute scale only; it does not establish that this content is locally missing.
58,regional_depth,base,NAT-037,natural_language_edition,Waray,war-Latn-PH,1,Philippines,2694135,CLEAR_normalized_main_language_weighted_persons_from_IPUMS_2010_census_extract,2010-12-31,ASSEC-PH-WAR-001,ASSEC-S008,1326457,4073049,53,58,MV-1,D3,secondary_bridge_candidate,"Audit local secondary supply, then commission a complete algebra/functions/trigonometry bridge only where it is the binding gap.",Secondary bridge candidate; local needs audit required,territory_proxy_only_not_a_content_commission,,,The fixed OpenStax scenario classifies compute scale only; it does not establish that this content is locally missing.
59,regional_depth,optimistic,EXP-015,natural_language_edition,Ethiopia Sidama Latin-script edition,sid-Latn-ET,1,Ethiopia,2981471,census_mother_tongue_persons,2007,POP-ET-005,PM-S020,901299,4073049,55,62,MV-1,D2,foundational_or_secondary_readiness_unresolved,Diagnose foundational readiness first; commission a numeracy-to-algebra recovery path only if the local corpus audit confirms the gap.,Foundational-readiness audit before algebra assignment,territory_proxy_only_not_a_content_commission,,,The fixed OpenStax scenario classifies compute scale only; it does not establish that this content is locally missing.
61,regional_depth,base,EXP-008,natural_language_edition,Indonesia Sasak Latin-script edition,sas-Latn-ID,1,Indonesia,2691127,daily_language_at_home_age5plus_persons,2010,POP-ID-012,PM-S005,1291741,4073049,55,59,MV-1,D3,secondary_bridge_candidate,"Audit local secondary supply, then commission a complete algebra/functions/trigonometry bridge only where it is the binding gap.",Secondary bridge candidate; local needs audit required,territory_proxy_only_not_a_content_commission,,,The fixed OpenStax scenario classifies compute scale only; it does not establish that this content is locally missing.
62,regional_depth,optimistic,EXP-022,natural_language_edition,South Africa Xitsonga Latin-script edition,ts-Latn-ZA,1,South Africa,2784279,census_language_most_often_spoken_in_household_persons_age_1_plus,2022,ZA-TSO-2022,ZA-S001,1268935,4073049,56,56,MV-1,D3,secondary_bridge_candidate,"Audit local secondary supply, then commission a complete algebra/functions/trigonometry bridge only where it is the binding gap.",Secondary bridge candidate; local needs audit required,territory_proxy_only_not_a_content_commission,,,The fixed OpenStax scenario classifies compute scale only; it does not establish that this content is locally missing.
63,regional_depth,base,EXP-009,natural_language_edition,Indonesia Acehnese Latin-script edition,ace-Latn-ID,1,Indonesia,2550055,daily_language_at_home_age5plus_persons,2010,POP-ID-013,PM-S005,1224026,4073049,57,60,MV-1,D3,secondary_bridge_candidate,"Audit local secondary supply, then commission a complete algebra/functions/trigonometry bridge only where it is the binding gap.",Secondary bridge candidate; local needs audit required,territory_proxy_only_not_a_content_commission,,,The fixed OpenStax scenario classifies compute scale only; it does not establish that this content is locally missing.
64,regional_depth,optimistic,NAT-021,natural_language_edition,Brahui,brh-Arab-PK,1,Pakistan,2778670,census_mother_tongue_persons,2023,POP-PK-009,PM-S003,817763,4073049,57,63,MV-1,D2,foundational_or_secondary_readiness_unresolved,Diagnose foundational readiness first; commission a numeracy-to-algebra recovery path only if the local corpus audit confirms the gap.,Foundational-readiness audit before algebra assignment,territory_proxy_only_not_a_content_commission,,,The fixed OpenStax scenario classifies compute scale only; it does not establish that this content is locally missing.
65,regional_depth,base,NAT-079,natural_language_edition,Kirundi,rn-Latn-BI,1,Burundi,2261931,derived_census_any_kirundi_read_and_written_persons_age_10_plus,2008,POP-BI-AFG-002,AFG-S011,1130966,4073049,58,61,MV-1,D2,foundational_or_secondary_readiness_unresolved,Diagnose foundational readiness first; commission a numeracy-to-algebra recovery path only if the local corpus audit confirms the gap.,Foundational-readiness audit before algebra assignment,territory_proxy_only_not_a_content_commission,,,The fixed OpenStax scenario classifies compute scale only; it does not establish that this content is locally missing.
66,regional_depth,optimistic,EXP-010,natural_language_edition,Indonesia Betawi Latin-script edition,bew-Latn-ID,1,Indonesia,2244648,daily_language_at_home_age5plus_persons,2010,POP-ID-014,PM-S005,1077431,4073049,61,62,MV-1,D3,secondary_bridge_candidate,"Audit local secondary supply, then commission a complete algebra/functions/trigonometry bridge only where it is the binding gap.",Secondary bridge candidate; local needs audit required,territory_proxy_only_not_a_content_commission,,,The fixed OpenStax scenario classifies compute scale only; it does not establish that this content is locally missing.
67,regional_depth,base,NAT-023,natural_language_edition,Maithili Nepal profile,mai-Deva-NP,1,Nepal,3222389,census_mother_tongue_persons,2021,POP-NP-002,PM-S004,1105279,4073049,59,63,MV-1,D2,foundational_or_secondary_readiness_unresolved,Diagnose foundational readiness first; commission a numeracy-to-algebra recovery path only if the local corpus audit confirms the gap.,Foundational-readiness audit before algebra assignment,territory_proxy_only_not_a_content_commission,,,The fixed OpenStax scenario classifies compute scale only; it does not establish that this content is locally missing.
68,regional_depth,optimistic,EXP-023,natural_language_edition,South Africa siSwati Latin-script edition,ss-Latn-ZA,1,South Africa,1692719,census_language_most_often_spoken_in_household_persons_age_1_plus,2022,ZA-SSW-2022,ZA-S001,771457,4073049,64,64,MV-1,D3,secondary_bridge_candidate,"Audit local secondary supply, then commission a complete algebra/functions/trigonometry bridge only where it is the binding gap.",Secondary bridge candidate; local needs audit required,territory_proxy_only_not_a_content_commission,,,The fixed OpenStax scenario classifies compute scale only; it does not establish that this content is locally missing.
69,regional_depth,base,NAT-076,natural_language_edition,Zimbabwean Ndebele,nd-Latn-ZW,1,Zimbabwe,1599324,census_mother_tongue_persons,2022,POP-ZW-002,PM-S011,745525,4073049,65,66,MV-1,D2,foundational_or_secondary_readiness_unresolved,Diagnose foundational readiness first; commission a numeracy-to-algebra recovery path only if the local corpus audit confirms the gap.,Foundational-readiness audit before algebra assignment,territory_proxy_only_not_a_content_commission,,,The fixed OpenStax scenario classifies compute scale only; it does not establish that this content is locally missing.
70,regional_depth,optimistic,EXP-016,natural_language_edition,Ethiopia Wolaytta Latin-script edition,wal-Latn-ET,1,Ethiopia,1627955,census_mother_tongue_persons,2007,POP-ET-006,PM-S020,492131,4073049,65,69,MV-1,D2,foundational_or_secondary_readiness_unresolved,Diagnose foundational readiness first; commission a numeracy-to-algebra recovery path only if the local corpus audit confirms the gap.,Foundational-readiness audit before algebra assignment,territory_proxy_only_not_a_content_commission,,,The fixed OpenStax scenario classifies compute scale only; it does not establish that this content is locally missing.
71,regional_depth,base,EXP-024,natural_language_edition,South Africa Tshivenda Latin-script edition,ve-Latn-ZA,1,South Africa,1480565,census_language_most_often_spoken_in_household_persons_age_1_plus,2022,ZA-VEN-2022,ZA-S001,674768,4073049,66,67,MV-1,D3,secondary_bridge_candidate,"Audit local secondary supply, then commission a complete algebra/functions/trigonometry bridge only where it is the binding gap.",Secondary bridge candidate; local needs audit required,territory_proxy_only_not_a_content_commission,,,The fixed OpenStax scenario classifies compute scale only; it does not establish that this content is locally missing.
72,regional_depth,optimistic,NAT-024,natural_language_edition,Bhojpuri Nepal profile,bho-Deva-NP,1,Nepal,1820795,census_mother_tongue_persons,2021,POP-NP-003,PM-S004,627264,4073049,67,68,MV-1,D2,foundational_or_secondary_readiness_unresolved,Diagnose foundational readiness first; commission a numeracy-to-algebra recovery path only if the local corpus audit confirms the gap.,Foundational-readiness audit before algebra assignment,territory_proxy_only_not_a_content_commission,,,The fixed OpenStax scenario classifies compute scale only; it does not establish that this content is locally missing.
73,regional_depth,base,EXP-029,natural_language_edition,Mauritius Mauritian Creole Latin-script edition,mfe-Latn-MU,1,Mauritius,1045558,language_usually_spoken_at_home_persons,2022,POP-MU-004,PM-S013,492917,4073049,68,70,MV-1,D3,secondary_bridge_candidate,"Audit local secondary supply, then commission a complete algebra/functions/trigonometry bridge only where it is the binding gap.",Secondary bridge candidate; local needs audit required,territory_proxy_only_not_a_content_commission,,,The fixed OpenStax scenario classifies compute scale only; it does not establish that this content is locally missing.
74,regional_depth,optimistic,EXP-017,natural_language_edition,Ethiopia Hadiyya Latin-script edition,hdy-Latn-ET,1,Ethiopia,1253894,census_mother_tongue_persons,2007,POP-ET-009,PM-S020,379052,4073049,69,71,MV-1,D2,foundational_or_secondary_readiness_unresolved,Diagnose foundational readiness first; commission a numeracy-to-algebra recovery path only if the local corpus audit confirms the gap.,Foundational-readiness audit before algebra assignment,territory_proxy_only_not_a_content_commission,,,The fixed OpenStax scenario classifies compute scale only; it does not establish that this content is locally missing.
75,regional_depth,base,EXP-025,natural_language_edition,South Africa isiNdebele Latin-script edition,nr-Latn-ZA,1,South Africa,1044377,census_language_most_often_spoken_in_household_persons_age_1_plus,2022,ZA-NBL-2022,ZA-S001,475975,4073049,70,71,MV-1,D3,secondary_bridge_candidate,"Audit local secondary supply, then commission a complete algebra/functions/trigonometry bridge only where it is the binding gap.",Secondary bridge candidate; local needs audit required,territory_proxy_only_not_a_content_commission,,,The fixed OpenStax scenario classifies compute scale only; it does not establish that this content is locally missing.
76,regional_depth,optimistic,OBS-GRG-US-025,natural_language_edition,Standard Haitian Creole,ht-Latn-HT,1,United States,867500,acs_2017_2021_estimated_persons_age5plus_language_spoken_at_home,2017-2021,GRG-US-025,GRG-S001,216875,4073049,72,74,MV-1,D3,secondary_bridge_candidate,"Audit local secondary supply, then commission a complete algebra/functions/trigonometry bridge only where it is the binding gap.",Secondary bridge candidate; local needs audit required,territory_proxy_only_not_a_content_commission,,,The fixed OpenStax scenario classifies compute scale only; it does not establish that this content is locally missing.
77,regional_depth,base,EXP-011,natural_language_edition,Indonesia Nias Latin-script edition,nia-Latn-ID,1,Indonesia,747168,daily_language_at_home_age5plus_persons,2010,POP-ID-017,PM-S005,358641,4073049,72,73,MV-1,D3,secondary_bridge_candidate,"Audit local secondary supply, then commission a complete algebra/functions/trigonometry bridge only where it is the binding gap.",Secondary bridge candidate; local needs audit required,territory_proxy_only_not_a_content_commission,,,The fixed OpenStax scenario classifies compute scale only; it does not establish that this content is locally missing.
78,regional_depth,optimistic,NAT-026,natural_language_edition,Avadhi Nepal profile,awa-Deva-NP,1,Nepal,864276,census_mother_tongue_persons,2021,POP-NP-007,PM-S004,276568,4073049,73,74,MV-1,D2,foundational_or_secondary_readiness_unresolved,Diagnose foundational readiness first; commission a numeracy-to-algebra recovery path only if the local corpus audit confirms the gap.,Foundational-readiness audit before algebra assignment,territory_proxy_only_not_a_content_commission,,,The fixed OpenStax scenario classifies compute scale only; it does not establish that this content is locally missing.
79,regional_depth,base,EXP-030,natural_language_edition,Zimbabwe Ndau Latin-script edition,ndc-Latn-ZW,1,Zimbabwe,372607,census_mother_tongue_persons,2022,POP-ZW-006,PM-S011,173691,4073049,75,77,MV-1,D2,foundational_or_secondary_readiness_unresolved,Diagnose foundational readiness first; commission a numeracy-to-algebra recovery path only if the local corpus audit confirms the gap.,Foundational-readiness audit before algebra assignment,territory_proxy_only_not_a_content_commission,,,The fixed OpenStax scenario classifies compute scale only; it does not establish that this content is locally missing.
80,regional_depth,optimistic,OBS-GRG-PL-002,natural_language_edition,Silesian in ślabikŏrzowy szrajbōnek,szl-Latn-PL,1,Poland,467145,census_languages_used_at_home_multiple_response_persons,2021-03-31,GRG-PL-002,GRG-S006,116786,4073049,75,78,MV-1,D3,secondary_bridge_candidate,"Audit local secondary supply, then commission a complete algebra/functions/trigonometry bridge only where it is the binding gap.",Secondary bridge candidate; local needs audit required,territory_proxy_only_not_a_content_commission,,,The fixed OpenStax scenario classifies compute scale only; it does not establish that this content is locally missing.
81,regional_depth,base,NAT-041,natural_language_edition,Tetum Prasa,tet-Latn-TL,1,Timor-Leste,361027,census_mother_tongue_persons,2015,ALG-TL-L001,ALG-S014,125276,4073049,76,78,MV-1,D2,foundational_or_secondary_readiness_unresolved,Diagnose foundational readiness first; commission a numeracy-to-algebra recovery path only if the local corpus audit confirms the gap.,Foundational-readiness audit before algebra assignment,territory_proxy_only_not_a_content_commission,,,The fixed OpenStax scenario classifies compute scale only; it does not establish that this content is locally missing.
82,regional_depth,optimistic,OBS-POP-SN-AFG-005,natural_language_edition,"Senegal Mandinka (Màndienka), official Latin profile",mnk-Latn-SN,1,Senegal,465052,census_principal_language_commonly_spoken_persons_age_3_plus,2023,POP-SN-AFG-005,AFG-S009,117100,4073049,76,77,MV-1,D2,foundational_or_secondary_readiness_unresolved,Diagnose foundational readiness first; commission a numeracy-to-algebra recovery path only if the local corpus audit confirms the gap.,Foundational-readiness audit before algebra assignment,territory_proxy_only_not_a_content_commission,,,The fixed OpenStax scenario classifies compute scale only; it does not establish that this content is locally missing.
83,regional_depth,base,OBS-GRG-US-030,natural_language_edition,YIVO Standard Yiddish edition for the explicitly named YIVO-reading audience,ydd-Hebr-US,1,United States,194800,acs_2017_2021_estimated_persons_age5plus_language_spoken_at_home,2017-2021,GRG-US-030,GRG-S001,48700,4073049,80,80,MV-1,D3,secondary_bridge_candidate,"Audit local secondary supply, then commission a complete algebra/functions/trigonometry bridge only where it is the binding gap.",Secondary bridge candidate; local needs audit required,territory_proxy_only_not_a_content_commission,,,The fixed OpenStax scenario classifies compute scale only; it does not establish that this content is locally missing.
84,regional_depth,optimistic,OBS-GRG-US-029,natural_language_edition,English-oriented Pennsylvania German spelling used by Vitt Du Deitsh Shvetza / Di Heilich Shrift / Ich Kann PA Deitsh Shreiva,pdc-Latn-US,1,United States,185200,acs_2017_2021_estimated_persons_age5plus_language_spoken_at_home,2017-2021,GRG-US-029,GRG-S001,46300,4073049,81,81,MV-1,D3,secondary_bridge_candidate,"Audit local secondary supply, then commission a complete algebra/functions/trigonometry bridge only where it is the binding gap.",Secondary bridge candidate; local needs audit required,territory_proxy_only_not_a_content_commission,,,The fixed OpenStax scenario classifies compute scale only; it does not establish that this content is locally missing.
85,regional_depth,base,EXP-031,natural_language_edition,Timor-Leste Makasai Latin-script edition,mkz-Latn-TL,1,Timor-Leste,123840,census_mother_tongue_persons,2015,ALG-TL-L003,ALG-S014,42972,4073049,82,83,MV-1,D2,foundational_or_secondary_readiness_unresolved,Diagnose foundational readiness first; commission a numeracy-to-algebra recovery path only if the local corpus audit confirms the gap.,Foundational-readiness audit before algebra assignment,territory_proxy_only_not_a_content_commission,,,The fixed OpenStax scenario classifies compute scale only; it does not establish that this content is locally missing.
86,regional_depth,optimistic,OBS-GRG-US-003,natural_language_edition,Diné Bizaad in Navajo Nation school orthography,nv-Latn-US,1,United States,161200,acs_2017_2021_estimated_persons_age5plus_language_spoken_at_home,2017-2021,GRG-US-003,GRG-S001,40300,4073049,82,83,MV-1,D3,secondary_bridge_candidate,"Audit local secondary supply, then commission a complete algebra/functions/trigonometry bridge only where it is the binding gap.",Secondary bridge candidate; local needs audit required,territory_proxy_only_not_a_content_commission,,,The fixed OpenStax scenario classifies compute scale only; it does not establish that this content is locally missing.
88,regional_depth,optimistic,EXP-036,natural_language_edition,New Zealand Samoan Latin-script edition,sm-Latn-NZ,1,New Zealand,110541,census_languages_spoken_multiple_response_persons,2023,POP-NZ-003,PM-S014,27635,4073049,84,85,MV-1,D3,secondary_bridge_candidate,"Audit local secondary supply, then commission a complete algebra/functions/trigonometry bridge only where it is the binding gap.",Secondary bridge candidate; local needs audit required,territory_proxy_only_not_a_content_commission,,,The fixed OpenStax scenario classifies compute scale only; it does not establish that this content is locally missing.
54,small_population_prestige_domain_screen,scarcity,EXP-037,natural_language_edition,Ireland Irish Latin-script daily-use edition,ga-Latn-IE,1,Ireland,71968,self_reported_daily_use_outside_education_persons,2022,POP-EU-003,PM-S016,17992,4073049,32,91,MV-1,D3,secondary_bridge_candidate,"Audit local secondary supply, then commission a complete algebra/functions/trigonometry bridge only where it is the binding gap.",Secondary bridge candidate; local needs audit required,territory_proxy_only_not_a_content_commission,,,The fixed OpenStax scenario classifies compute scale only; it does not establish that this content is locally missing.
57,small_population_prestige_domain_screen,scarcity,OBS-GRG-PL-007,natural_language_edition,Official-standard Belarusian,be-Cyrl-BY,1,Poland,17325,census_languages_used_at_home_multiple_response_persons,2021-03-31,GRG-PL-007,GRG-S006,4331,4073049,33,98,MV-1,D3,secondary_bridge_candidate,"Audit local secondary supply, then commission a complete algebra/functions/trigonometry bridge only where it is the binding gap.",Secondary bridge candidate; local needs audit required,territory_proxy_only_not_a_content_commission,,,The fixed OpenStax scenario classifies compute scale only; it does not establish that this content is locally missing.
60,small_population_prestige_domain_screen,scarcity,OBS-GRG-PL-010,natural_language_edition,Standard Lithuanian,lt-Latn-LT,1,Poland,5422,census_languages_used_at_home_multiple_response_persons,2021-03-31,GRG-PL-010,GRG-S006,1356,4073049,34,115,MV-1,D3,secondary_bridge_candidate,"Audit local secondary supply, then commission a complete algebra/functions/trigonometry bridge only where it is the binding gap.",Secondary bridge candidate; local needs audit required,territory_proxy_only_not_a_content_commission,,,The fixed OpenStax scenario classifies compute scale only; it does not establish that this content is locally missing.
87,small_population_prestige_domain_screen,base,EXP-026,natural_language_edition,Peru Ashaninka Latin-script edition,cni-Latn-PE,1,Peru,73567,census_language_learned_in_childhood_age3plus_persons,2017,POP-PE-003,PM-S007,34451,4073049,84,87,MV-1,D2,foundational_or_secondary_readiness_unresolved,Diagnose foundational readiness first; commission a numeracy-to-algebra recovery path only if the local corpus audit confirms the gap.,Foundational-readiness audit before algebra assignment,territory_proxy_only_not_a_content_commission,,,The fixed OpenStax scenario classifies compute scale only; it does not establish that this content is locally missing.
89,small_population_prestige_domain_screen,base,EXP-027,natural_language_edition,Peru Awajun Latin-script edition,agr-Latn-PE,1,Peru,56584,census_language_learned_in_childhood_age3plus_persons,2017,POP-PE-004,PM-S007,26498,4073049,86,91,MV-1,D2,foundational_or_secondary_readiness_unresolved,Diagnose foundational readiness first; commission a numeracy-to-algebra recovery path only if the local corpus audit confirms the gap.,Foundational-readiness audit before algebra assignment,territory_proxy_only_not_a_content_commission,,,The fixed OpenStax scenario classifies compute scale only; it does not establish that this content is locally missing.
90,small_population_prestige_domain_screen,optimistic,OBS-GRG-PL-004,natural_language_edition,School-standard Kashubian,csb-Latn-PL,1,Poland,89198,census_languages_used_at_home_multiple_response_persons,2021-03-31,GRG-PL-004,GRG-S006,22300,4073049,85,89,MV-1,D3,secondary_bridge_candidate,"Audit local secondary supply, then commission a complete algebra/functions/trigonometry bridge only where it is the binding gap.",Secondary bridge candidate; local needs audit required,territory_proxy_only_not_a_content_commission,,,The fixed OpenStax scenario classifies compute scale only; it does not establish that this content is locally missing.
91,small_population_prestige_domain_screen,base,EXP-032,natural_language_edition,Timor-Leste Kemak Latin-script edition,kem-Latn-TL,1,Timor-Leste,68995,census_mother_tongue_persons,2015,ALG-TL-L006,ALG-S014,23941,4073049,87,89,MV-1,D2,foundational_or_secondary_readiness_unresolved,Diagnose foundational readiness first; commission a numeracy-to-algebra recovery path only if the local corpus audit confirms the gap.,Foundational-readiness audit before algebra assignment,territory_proxy_only_not_a_content_commission,,,The fixed OpenStax scenario classifies compute scale only; it does not establish that this content is locally missing.
92,small_population_prestige_domain_screen,optimistic,OBS-GRG-US-026,natural_language_edition,Jamaican Creole in Cassidy/JLU orthography,jam-Latn-JM,1,United States,72000,acs_2017_2021_estimated_persons_age5plus_language_spoken_at_home,2017-2021,GRG-US-026,GRG-S001,18000,4073049,86,90,MV-1,D3,secondary_bridge_candidate,"Audit local secondary supply, then commission a complete algebra/functions/trigonometry bridge only where it is the binding gap.",Secondary bridge candidate; local needs audit required,territory_proxy_only_not_a_content_commission,,,The fixed OpenStax scenario classifies compute scale only; it does not establish that this content is locally missing.
93,small_population_prestige_domain_screen,base,EXP-033,natural_language_edition,Timor-Leste Bunak Latin-script edition,bfn-Latn-TL,1,Timor-Leste,64686,census_mother_tongue_persons,2015,ALG-TL-L007,ALG-S014,22446,4073049,88,90,MV-1,D2,foundational_or_secondary_readiness_unresolved,Diagnose foundational readiness first; commission a numeracy-to-algebra recovery path only if the local corpus audit confirms the gap.,Foundational-readiness audit before algebra assignment,territory_proxy_only_not_a_content_commission,,,The fixed OpenStax scenario classifies compute scale only; it does not establish that this content is locally missing.
94,small_population_prestige_domain_screen,optimistic,EXP-034,natural_language_edition,Timor-Leste Tokodede Latin-script edition,tkd-Latn-TL,1,Timor-Leste,46784,census_mother_tongue_persons,2015,ALG-TL-L008,ALG-S014,16234,4073049,92,92,MV-1,D2,foundational_or_secondary_readiness_unresolved,Diagnose foundational readiness first; commission a numeracy-to-algebra recovery path only if the local corpus audit confirms the gap.,Foundational-readiness audit before algebra assignment,territory_proxy_only_not_a_content_commission,,,The fixed OpenStax scenario classifies compute scale only; it does not establish that this content is locally missing.
95,small_population_prestige_domain_screen,base,EXP-028,natural_language_edition,Peru Shipibo-Konibo Latin-script edition,shp-Latn-PE,1,Peru,34152,census_language_learned_in_childhood_age3plus_persons,2017,POP-PE-005,PM-S007,15993,4073049,93,95,MV-1,D2,foundational_or_secondary_readiness_unresolved,Diagnose foundational readiness first; commission a numeracy-to-algebra recovery path only if the local corpus audit confirms the gap.,Foundational-readiness audit before algebra assignment,territory_proxy_only_not_a_content_commission,,,The fixed OpenStax scenario classifies compute scale only; it does not establish that this content is locally missing.
96,small_population_prestige_domain_screen,optimistic,NAT-044,natural_language_edition,Fataluku,ddg-Latn-TL,1,Timor-Leste,41500,census_mother_tongue_persons,2015,ALG-TL-L009,ALG-S014,14401,4073049,93,94,MV-1,D2,foundational_or_secondary_readiness_unresolved,Diagnose foundational readiness first; commission a numeracy-to-algebra recovery path only if the local corpus audit confirms the gap.,Foundational-readiness audit before algebra assignment,territory_proxy_only_not_a_content_commission,,,The fixed OpenStax scenario classifies compute scale only; it does not establish that this content is locally missing.
97,small_population_prestige_domain_screen,base,OBS-GRG-US-023,natural_language_edition,Standard ʻŌlelo Hawaiʻi with ʻokina and kahakō,haw-Latn-US,1,United States,32730,acs_2017_2021_estimated_persons_age5plus_language_spoken_at_home,2017-2021,GRG-US-023,GRG-S001,8182,4073049,94,95,MV-1,D3,secondary_bridge_candidate,"Audit local secondary supply, then commission a complete algebra/functions/trigonometry bridge only where it is the binding gap.",Secondary bridge candidate; local needs audit required,territory_proxy_only_not_a_content_commission,,,The fixed OpenStax scenario classifies compute scale only; it does not establish that this content is locally missing.
98,small_population_prestige_domain_screen,optimistic,OBS-GRG-US-017,natural_language_edition,Standard Marshallese under the 2010 Orthography Act,mh-Latn-MH,1,United States,27160,acs_2017_2021_estimated_persons_age5plus_language_spoken_at_home,2017-2021,GRG-US-017,GRG-S001,6790,4073049,96,97,MV-1,D3,secondary_bridge_candidate,"Audit local secondary supply, then commission a complete algebra/functions/trigonometry bridge only where it is the binding gap.",Secondary bridge candidate; local needs audit required,territory_proxy_only_not_a_content_commission,,,The fixed OpenStax scenario classifies compute scale only; it does not establish that this content is locally missing.
99,small_population_prestige_domain_screen,base,EXP-035,natural_language_edition,Timor-Leste Waima'a Latin-script edition,wmh-Latn-TL,1,Timor-Leste,21227,census_mother_tongue_persons,2015,ALG-TL-L010,ALG-S014,7366,4073049,96,97,MV-1,D2,foundational_or_secondary_readiness_unresolved,Diagnose foundational readiness first; commission a numeracy-to-algebra recovery path only if the local corpus audit confirms the gap.,Foundational-readiness audit before algebra assignment,territory_proxy_only_not_a_content_commission,,,The fixed OpenStax scenario classifies compute scale only; it does not establish that this content is locally missing.
100,small_population_prestige_domain_screen,optimistic,OBS-GRG-US-001,natural_language_edition,Standard Central Alaskan Yup'ik,esu-Latn-US,1,United States,16120,acs_2017_2021_estimated_persons_age5plus_language_spoken_at_home,2017-2021,GRG-US-001,GRG-S001,4030,4073049,99,99,MV-1,D3,secondary_bridge_candidate,"Audit local secondary supply, then commission a complete algebra/functions/trigonometry bridge only where it is the binding gap.",Secondary bridge candidate; local needs audit required,territory_proxy_only_not_a_content_commission,,,The fixed OpenStax scenario classifies compute scale only; it does not establish that this content is locally missing.
