gross_screen_order_descriptive,intervention_id,intervention_name,target_profile,territory,source_year,population_measure_class,source_population_measure,learner_or_age_stratum,source_population_ceiling,source_population_low,source_population_high,population_source_id,population_source_locator,FR2_D3_base_gross_tokens,gross_ceiling_per_million_base_tokens,within_measure_class_rank_low,within_measure_class_rank_high,cross_measure_rank_status,interpretation
1,NAT-122,Standard Simplified Chinese (Mainland China),zh-Hans-CN,China,2020-11-01,territory_all_residents_ceiling,official_census_mainland_population_gross_territory_ceiling,national written-standard potential population,1411778724,1411778724,1411778724,PM-S022,"Section I Total Population; mainland row 1,411,778,724; note 6",4073049,346614716.396,1,1,not_estimated_heterogeneous_population_measures,"Ex-ante gross opportunity screen only; not a harmed-person, comfortable-reader, or forward-commissioning estimate."
2,NAT-124,Standard Hindi (India),hi-Deva-IN,India,2011,same_name_mother_tongue_component,census_same_name_mother_tongue_component_persons,same_name_mother_tongue_component_population,322230097,322230097,322230097,PM-S001,"Statement 1, printed pp. 5-6; same-name mother-tongue component Hindi = 322,230,097",4073049,79112747.477,1,1,not_estimated_heterogeneous_population_measures,"Ex-ante gross opportunity screen only; not a harmed-person, comfortable-reader, or forward-commissioning estimate."
3,NAT-121,Bahasa Indonesia,id-Latn-ID,Indonesia,2022,functional_language_ability_or_estimate,official_long_form_census_able_to_speak_indonesian_persons_age5plus,population_age_5_plus,248501794,0,248501794,PM-S021,"TOTAL row; 248,501,794 able to speak Indonesian of 253,679,348 persons aged 5+",4073049,61011245.875,1,1,not_estimated_heterogeneous_population_measures,"Ex-ante gross opportunity screen only; not a harmed-person, comfortable-reader, or forward-commissioning estimate."
4,NAT-001,Bangladesh Bangla,bn-Beng-BD,Bangladesh,2026-03-17 CLDR release; component estimate year not stated,functional_language_ability_or_estimate,derived_cldr_territory_functional_language_users,functional_literate_language_users_L1_or_later_language,165323060,0,165323060,ASSEC-S006,cldr_target_derivations.md row bn-Beng-BD; supplementalData.xml XPath /supplementalData/territoryInfo/territory[@type='BD'] and languagePopulation[@type='bn'],4073049,40589509.235,2,2,not_estimated_heterogeneous_population_measures,"Ex-ante gross opportunity screen only; not a harmed-person, comfortable-reader, or forward-commissioning estimate."
5,NAT-123,Japanese (Japan),ja-Jpan-JP,Japan,2020-10-01,territory_all_residents_ceiling,official_census_territory_population_gross_ceiling,national written-standard potential population,126146099,126146099,126146099,PM-S023,"Basic Complete Tabulation, Table 1, 2020 exact population 126,146,099",4073049,30970925.957,2,2,not_estimated_heterogeneous_population_measures,"Ex-ante gross opportunity screen only; not a harmed-person, comfortable-reader, or forward-commissioning estimate."
6,NAT-002,Indian Bengali,bn-Beng-IN,India,2011,same_name_mother_tongue_component,census_same_name_mother_tongue_component_persons,same_name_mother_tongue_component_population,96177835,96177835,96177835,PM-S001,"Statement 1, printed p. 5; Statement 1 same-name mother-tongue component",4073049,23613228.076,2,2,not_estimated_heterogeneous_population_measures,"Ex-ante gross opportunity screen only; not a harmed-person, comfortable-reader, or forward-commissioning estimate."
7,NAT-028,Vietnamese,vi-Latn-VN,Vietnam,2016 publication; population estimate vintage not stated,published_or_derived_speaker_estimate,peer_reviewed_published_lower_bound_speakers,Vietnam_total_Vietnamese_speakers_L1_L2_unspecified,89000000,89000000,89000000,ASSEC-S007,PubMed XML PMID 27172848; Abstract/AbstractText[@Label='PURPOSE']; first sentence; DOI 10.3109/17549507.2015.1101162,4073049,21850952.444,1,1,not_estimated_heterogeneous_population_measures,"Ex-ante gross opportunity screen only; not a harmed-person, comfortable-reader, or forward-commissioning estimate."
8,NAT-006,Marathi,mr-Deva-IN,India,2011,same_name_mother_tongue_component,census_same_name_mother_tongue_component_persons,same_name_mother_tongue_component_population,82801140,82801140,82801140,PM-S001,"Statement 1, printed p. 7; Statement 1 same-name mother-tongue component",4073049,20329031.151,3,3,not_estimated_heterogeneous_population_measures,"Ex-ante gross opportunity screen only; not a harmed-person, comfortable-reader, or forward-commissioning estimate."
9,NAT-003,Telugu,te-Telu-IN,India,2011,same_name_mother_tongue_component,census_same_name_mother_tongue_component_persons,same_name_mother_tongue_component_population,80912459,80912459,80912459,PM-S001,"Statement 1, printed p. 7; Statement 1 same-name mother-tongue component",4073049,19865329.143,4,4,not_estimated_heterogeneous_population_measures,"Ex-ante gross opportunity screen only; not a harmed-person, comfortable-reader, or forward-commissioning estimate."
10,NAT-004,Indian Tamil,ta-Taml-IN,India,2011,same_name_mother_tongue_component,census_same_name_mother_tongue_component_persons,same_name_mother_tongue_component_population,68888839,68888839,68888839,PM-S001,"Statement 1, printed p. 7; Statement 1 same-name mother-tongue component",4073049,16913334.212,5,5,not_estimated_heterogeneous_population_measures,"Ex-ante gross opportunity screen only; not a harmed-person, comfortable-reader, or forward-commissioning estimate."
11,NAT-038,Javanese,jv-Latn-ID,Indonesia,2010,home_or_usual_language_use,daily_language_at_home_age5plus_persons,large_regional_home_language,68044660,68044660,68044660,PM-S005,"Table L4.1, printed p. 47",4073049,16706074.491,1,1,not_estimated_heterogeneous_population_measures,"Ex-ante gross opportunity screen only; not a harmed-person, comfortable-reader, or forward-commissioning estimate."
12,NAT-029,Thai,th-Thai-TH,Thailand,2010-09-01,derived_union_of_census_language_strata,derived_union_of_mutually_exclusive_census_strata_persons,usual_home_language_population,64080191,64080191,64080191,TH-S001,"Derived from Table 7, PDF p. 98: 59,866,190 only Thai + 4,214,001 Thai and other languages",4073049,15732732.653,1,1,not_estimated_heterogeneous_population_measures,"Ex-ante gross opportunity screen only; not a harmed-person, comfortable-reader, or forward-commissioning estimate."
13,NAT-007,Gujarati,gu-Gujr-IN,India,2011,same_name_mother_tongue_component,census_same_name_mother_tongue_component_persons,same_name_mother_tongue_component_population,55036204,55036204,55036204,PM-S001,"Statement 1, printed p. 5; Statement 1 same-name mother-tongue component",4073049,13512286.250,6,6,not_estimated_heterogeneous_population_measures,"Ex-ante gross opportunity screen only; not a harmed-person, comfortable-reader, or forward-commissioning estimate."
14,NAT-013,Indian Urdu,ur-Arab-IN,India,2011,same_name_mother_tongue_component,census_same_name_mother_tongue_component_persons,same_name_mother_tongue_component_population,50725762,50725762,50725762,PM-S001,"Statement 1, printed p. 7; Statement 1 same-name mother-tongue component",4073049,12454002.395,7,7,not_estimated_heterogeneous_population_measures,"Ex-ante gross opportunity screen only; not a harmed-person, comfortable-reader, or forward-commissioning estimate."
15,NAT-125,Bhojpuri (India),bho-Deva-IN,India,2011,mother_tongue_or_first_language,census_mother_tongue_persons,regional_language_population,50579447,50579447,50579447,PM-S001,"Statement 1, printed p. 6",4073049,12418079.674,1,1,not_estimated_heterogeneous_population_measures,"Ex-ante gross opportunity screen only; not a harmed-person, comfortable-reader, or forward-commissioning estimate."
16,NAT-008,Kannada,kn-Knda-IN,India,2011,same_name_mother_tongue_component,census_same_name_mother_tongue_component_persons,same_name_mother_tongue_component_population,43506272,43506272,43506272,PM-S001,"Statement 1, printed p. 6; Statement 1 same-name mother-tongue component",4073049,10681499.781,8,8,not_estimated_heterogeneous_population_measures,"Ex-ante gross opportunity screen only; not a harmed-person, comfortable-reader, or forward-commissioning estimate."
17,NAT-030,Burmese,my-Mymr-MM,Myanmar,2026-03-17 CLDR release; component estimate year not stated,functional_language_ability_or_estimate,derived_cldr_territory_functional_language_users,functional_literate_language_users_L1_or_later_language,36817344,0,36817344,ASSEC-S006,cldr_target_derivations.md row my-Mymr-MM; supplementalData.xml XPath /supplementalData/territoryInfo/territory[@type='MM'] and languagePopulation[@type='my'],4073049,9039258.796,3,3,not_estimated_heterogeneous_population_measures,"Ex-ante gross opportunity screen only; not a harmed-person, comfortable-reader, or forward-commissioning estimate."
18,EXP-003,Uzbekistan Uzbek Latin-script edition,uz-Latn-UZ,Uzbekistan,2026,mother_tongue_or_first_language,preliminary_census_mother_tongue_persons_rounded,direct_language_population,35700000,35650000,35749999,ALG-S018,Preliminary-results paragraph published 2026-06-30,4073049,8764932.609,2,2,not_estimated_heterogeneous_population_measures,"Ex-ante gross opportunity screen only; not a harmed-person, comfortable-reader, or forward-commissioning estimate."
19,NAT-009,Malayalam,ml-Mlym-IN,India,2011,same_name_mother_tongue_component,census_same_name_mother_tongue_component_persons,same_name_mother_tongue_component_population,34776533,34776533,34776533,PM-S001,"Statement 1, printed p. 7; Statement 1 same-name mother-tongue component",4073049,8538206.390,9,9,not_estimated_heterogeneous_population_measures,"Ex-ante gross opportunity screen only; not a harmed-person, comfortable-reader, or forward-commissioning estimate."
20,NAT-018,Sindhi,sd-Arab-PK,Pakistan,2023,mother_tongue_or_first_language,census_mother_tongue_persons,regional_language_population,34401564,34401564,34401564,PM-S003,"Table 11, national row",4073049,8446145.382,3,3,not_estimated_heterogeneous_population_measures,"Ex-ante gross opportunity screen only; not a harmed-person, comfortable-reader, or forward-commissioning estimate."
21,NAT-010,Odia,or-Orya-IN,India,2011,same_name_mother_tongue_component,census_same_name_mother_tongue_component_persons,same_name_mother_tongue_component_population,34059266,34059266,34059266,PM-S001,"Statement 1, printed p. 7; Statement 1 same-name mother-tongue component",4073049,8362105.636,10,10,not_estimated_heterogeneous_population_measures,"Ex-ante gross opportunity screen only; not a harmed-person, comfortable-reader, or forward-commissioning estimate."
22,NAT-039,Sundanese,su-Latn-ID,Indonesia,2010,home_or_usual_language_use,daily_language_at_home_age5plus_persons,large_regional_home_language,32412752,32412752,32412752,PM-S005,"Table L4.1, printed p. 47",4073049,7957859.579,2,2,not_estimated_heterogeneous_population_measures,"Ex-ante gross opportunity screen only; not a harmed-person, comfortable-reader, or forward-commissioning estimate."
23,NAT-014,Eastern Punjabi,pa-Guru-IN,India,2011,same_name_mother_tongue_component,census_same_name_mother_tongue_component_persons,same_name_mother_tongue_component_population,31144095,31144095,31144095,PM-S001,"Statement 1, printed p. 7; Statement 1 same-name mother-tongue component",4073049,7646383.581,11,11,not_estimated_heterogeneous_population_measures,"Ex-ante gross opportunity screen only; not a harmed-person, comfortable-reader, or forward-commissioning estimate."
24,NAT-058,Dari,prs-Arab-AF,Afghanistan,2020 estimate; republished in official report 2023,published_or_derived_speaker_estimate,derived_2020_total_speakers_from_official_secondary_share_and_world_bank_denominator,total_language_speakers_L1_plus_L2_nonexclusive,30083114,0,30083114,ASSEC-S018,afghanistan_language_derivation.md; CIA page captured 2023-01-02 language field; Netherlands COI report printed p.72 section 3.1.1.2 and footnotes 502-504; World Bank JSON indicator SP.POP.TOTL AFG 2020,4073049,7385895.431,2,2,not_estimated_heterogeneous_population_measures,"Ex-ante gross opportunity screen only; not a harmed-person, comfortable-reader, or forward-commissioning estimate."
25,NAT-019,Saraiki,skr-Arab-PK,Pakistan,2023,mother_tongue_or_first_language,census_mother_tongue_persons,regional_language_population,28849579,28849579,28849579,PM-S003,"Table 11, national row",4073049,7083042.458,4,4,not_estimated_heterogeneous_population_measures,"Ex-ante gross opportunity screen only; not a harmed-person, comfortable-reader, or forward-commissioning estimate."
26,NAT-012,Pakistani Urdu,ur-Arab-PK,Pakistan,2023,mother_tongue_or_first_language,census_mother_tongue_persons,national_language_population,22249307,22249307,22249307,PM-S003,"Table 11, national all-localities all-sexes row",4073049,5462567.968,5,5,not_estimated_heterogeneous_population_measures,"Ex-ante gross opportunity screen only; not a harmed-person, comfortable-reader, or forward-commissioning estimate."
27,NAT-065,Amharic,am-Ethi-ET,Ethiopia,2007,mother_tongue_or_first_language,census_mother_tongue_persons,large_national_mother_tongue,21634396,21634396,21634396,PM-S020,"Table 3.2, printed pp. 91-93",4073049,5311597.283,6,6,not_estimated_heterogeneous_population_measures,"Ex-ante gross opportunity screen only; not a harmed-person, comfortable-reader, or forward-commissioning estimate."
28,NAT-034,Cebuano,ceb-Latn-PH,Philippines,2010-12-31,survey_weighted_main_language_estimate,CLEAR_normalized_main_language_weighted_persons_from_IPUMS_2010_census_extract,national_main_language_population,20697364,0,20697364,ASSEC-S008,clear_ludp_phl_national_2010.json JSON $.data[?(@.language_name=='Cebuano')].individuals_value_weighted; dataset Philippines Census 2010 (IPUMS extract),4073049,5081540.635,1,1,not_estimated_heterogeneous_population_measures,"Ex-ante gross opportunity screen only; not a harmed-person, comfortable-reader, or forward-commissioning estimate."
29,EXP-001,Afghanistan Pashto Arabic-script edition,ps-Arab-AF,Afghanistan,2020 estimate; republished in official report 2023,published_or_derived_speaker_estimate,derived_2020_total_speakers_from_official_secondary_share_and_world_bank_denominator,total_language_speakers_L1_plus_L2_nonexclusive,18753110,0,18753110,ASSEC-S018,afghanistan_language_derivation.md; CIA page captured 2023-01-02 language field; Netherlands COI report printed p.72 section 3.1.1.2 and footnotes 502-504; World Bank JSON indicator SP.POP.TOTL AFG 2020,4073049,4604194.548,3,3,not_estimated_heterogeneous_population_measures,"Ex-ante gross opportunity screen only; not a harmed-person, comfortable-reader, or forward-commissioning estimate."
30,NAT-027,Sinhala,si-Sinh-LK,Sri Lanka,2026-03-17 CLDR release; component estimate year not stated,functional_language_ability_or_estimate,derived_cldr_territory_functional_language_users,functional_literate_language_users_L1_or_later_language,14948168,0,14948168,ASSEC-S006,cldr_target_derivations.md row si-Sinh-LK; supplementalData.xml XPath /supplementalData/territoryInfo/territory[@type='LK'] and languagePopulation[@type='si'],4073049,3670019.192,4,4,not_estimated_heterogeneous_population_measures,"Ex-ante gross opportunity screen only; not a harmed-person, comfortable-reader, or forward-commissioning estimate."
31,NAT-031,Khmer,km-Khmr-KH,Cambodia,2019,mother_tongue_or_first_language,census_mother_tongue_persons,direct_language_population,14893134,14893134,14893134,ALG-S011,"Table 2.7.1, PDF p. 53 / printed p. 25",4073049,3656507.447,7,7,not_estimated_heterogeneous_population_measures,"Ex-ante gross opportunity screen only; not a harmed-person, comfortable-reader, or forward-commissioning estimate."
32,NAT-011,Assamese,as-Beng-IN,India,2011,same_name_mother_tongue_component,census_same_name_mother_tongue_component_persons,same_name_mother_tongue_component_population,14816414,14816414,14816414,PM-S001,"Statement 1, printed p. 5; Statement 1 same-name mother-tongue component",4073049,3637671.435,12,12,not_estimated_heterogeneous_population_measures,"Ex-ante gross opportunity screen only; not a harmed-person, comfortable-reader, or forward-commissioning estimate."
33,NAT-073,isiZulu,zu-Latn-ZA,South Africa,2022,home_or_usual_language_use,census_language_most_often_spoken_in_household_persons_age_1_plus,resident population aged 1 year and older,14613202,14613202,14613202,ZA-S001,"Table 3.8 (2), printed p. 27; PDF p. 35; South Africa total column",4073049,3587779.573,3,3,not_estimated_heterogeneous_population_measures,"Ex-ante gross opportunity screen only; not a harmed-person, comfortable-reader, or forward-commissioning estimate."
34,NAT-047,Kazakh,kk-Cyrl-KZ,Kazakhstan,2021,mother_tongue_or_first_language,census_native_language_of_own_nationality_persons,direct_language_population,13380107,13380107,13380107,ALG-S007,"Table 6, printed p. 243",4073049,3285034.626,8,8,not_estimated_heterogeneous_population_measures,"Ex-ante gross opportunity screen only; not a harmed-person, comfortable-reader, or forward-commissioning estimate."
35,EXP-004,India Maithili Devanagari edition,mai-Deva-IN,India,2011,same_name_mother_tongue_component,census_same_name_mother_tongue_component_persons,same_name_mother_tongue_component_population,13353347,13353347,13353347,PM-S001,"Statement 1, printed p. 7; Statement 1 same-name mother-tongue component",4073049,3278464.610,13,13,not_estimated_heterogeneous_population_measures,"Ex-ante gross opportunity screen only; not a harmed-person, comfortable-reader, or forward-commissioning estimate."
36,NAT-022,Nepali,ne-Deva-NP,Nepal,2021,mother_tongue_or_first_language,census_mother_tongue_persons,national_language_population,13084457,13084457,13084457,PM-S004,"Annex 1, printed p. 123",4073049,3212447.727,9,9,not_estimated_heterogeneous_population_measures,"Ex-ante gross opportunity screen only; not a harmed-person, comfortable-reader, or forward-commissioning estimate."
37,NAT-075,Shona,sn-Latn-ZW,Zimbabwe,2022,mother_tongue_or_first_language,census_mother_tongue_persons,national_language_population,11251734,11251734,11251734,PM-S011,"Table 2.17, printed p. 123",4073049,2762484.321,10,10,not_estimated_heterogeneous_population_measures,"Ex-ante gross opportunity screen only; not a harmed-person, comfortable-reader, or forward-commissioning estimate."
38,NAT-049,Tajik,tg-Cyrl-TJ,Tajikistan,2026-03-17 CLDR release; component estimate year not stated,functional_language_ability_or_estimate,derived_cldr_territory_functional_language_users,functional_literate_language_users_L1_or_later_language,10394100,0,10394100,ASSEC-S006,cldr_target_derivations.md row tg-Cyrl-TJ; supplementalData.xml XPath /supplementalData/territoryInfo/territory[@type='TJ'] and languagePopulation[@type='tg'],4073049,2551921.177,5,5,not_estimated_heterogeneous_population_measures,"Ex-ante gross opportunity screen only; not a harmed-person, comfortable-reader, or forward-commissioning estimate."
39,NAT-074,isiXhosa,xh-Latn-ZA,South Africa,2022,home_or_usual_language_use,census_language_most_often_spoken_in_household_persons_age_1_plus,resident population aged 1 year and older,9786928,9786928,9786928,ZA-S001,"Table 3.8 (2), printed p. 27; PDF p. 35; South Africa total column",4073049,2402850.543,4,4,not_estimated_heterogeneous_population_measures,"Ex-ante gross opportunity screen only; not a harmed-person, comfortable-reader, or forward-commissioning estimate."
40,EXP-018,Mali Bamanankan Latin-script edition,bm-Latn-ML,Mali,2022,mother_tongue_or_first_language,census_mother_tongue_persons_age_3_plus,resident_population_age_3_plus,9551561,9551561,9551561,AFG-S008,"Tableau 3.01, printed p.25, Ensemble cell for Bambara/Bamanankan",4073049,2345064.103,11,11,not_estimated_heterogeneous_population_measures,"Ex-ante gross opportunity screen only; not a harmed-person, comfortable-reader, or forward-commissioning estimate."
41,NAT-081,Wolof,wo-Latn-SN,Senegal,2023,home_or_usual_language_use,census_principal_language_commonly_spoken_persons_age_3_plus,resident_population_age_3_plus,8786892,8786892,8786892,AFG-S009,"Tableau I-32, printed p.57, Ensemble effectif for Wolof",4073049,2157325.384,5,5,not_estimated_heterogeneous_population_measures,"Ex-ante gross opportunity screen only; not a harmed-person, comfortable-reader, or forward-commissioning estimate."
42,EXP-005,Indonesia Madurese Latin-script edition,mad-Latn-ID,Indonesia,2010,home_or_usual_language_use,daily_language_at_home_age5plus_persons,regional_home_language,7743533,7743533,7743533,PM-S005,"Table L4.1, printed p. 47",4073049,1901163.723,6,6,not_estimated_heterogeneous_population_measures,"Ex-ante gross opportunity screen only; not a harmed-person, comfortable-reader, or forward-commissioning estimate."
43,NAT-035,Ilocano,ilo-Latn-PH,Philippines,2010-12-31,survey_weighted_main_language_estimate,CLEAR_normalized_main_language_weighted_persons_from_IPUMS_2010_census_extract,national_main_language_population,7098503,0,7098503,ASSEC-S008,clear_ludp_phl_national_2010.json JSON $.data[?(@.language_name=='Iloko')].individuals_value_weighted; dataset Philippines Census 2010 (IPUMS extract),4073049,1742798.331,2,2,not_estimated_heterogeneous_population_measures,"Ex-ante gross opportunity screen only; not a harmed-person, comfortable-reader, or forward-commissioning estimate."
44,NAT-055,Turkmen,tk-Latn-TM,Turkmenistan,2022,mother_tongue_or_first_language,census_mother_tongue_persons,direct_language_population,6297965,6297965,6297965,ALG-S009,Table 4.9,4073049,1546253.188,12,12,not_estimated_heterogeneous_population_measures,"Ex-ante gross opportunity screen only; not a harmed-person, comfortable-reader, or forward-commissioning estimate."
45,NAT-036,Hiligaynon,hil-Latn-PH,Philippines,2010-12-31,survey_weighted_main_language_estimate,CLEAR_normalized_main_language_weighted_persons_from_IPUMS_2010_census_extract,national_main_language_population,6073883,0,6073883,ASSEC-S008,clear_ludp_phl_national_2010.json JSON $.data[?(@.language_name=='Hiligaynon')].individuals_value_weighted; dataset Philippines Census 2010 (IPUMS extract),4073049,1491237.400,3,3,not_estimated_heterogeneous_population_measures,"Ex-ante gross opportunity screen only; not a harmed-person, comfortable-reader, or forward-commissioning estimate."
46,EXP-019,South Africa Sepedi Latin-script edition,nso-Latn-ZA,South Africa,2022,home_or_usual_language_use,census_language_most_often_spoken_in_household_persons_age_1_plus,resident population aged 1 year and older,5972255,5972255,5972255,ZA-S001,"Table 3.8 (2), printed p. 27; PDF p. 35; South Africa total column",4073049,1466286.067,7,7,not_estimated_heterogeneous_population_measures,"Ex-ante gross opportunity screen only; not a harmed-person, comfortable-reader, or forward-commissioning estimate."
47,NAT-048,Kyrgyz,ky-Cyrl-KG,Kyrgyzstan,2022,mother_tongue_or_first_language,census_native_language_persons,direct_language_population,5527168,5527168,5527168,ALG-S008,"Table 3.8, printed p. 118",4073049,1357009.945,13,13,not_estimated_heterogeneous_population_measures,"Ex-ante gross opportunity screen only; not a harmed-person, comfortable-reader, or forward-commissioning estimate."
48,NAT-032,Lao,lo-Laoo-LA,Laos,2026-03-17 CLDR release; component estimate year not stated,functional_language_ability_or_estimate,derived_cldr_territory_functional_language_users,functional_literate_language_users_L1_or_later_language,5487956,0,5487956,ASSEC-S006,cldr_target_derivations.md row lo-Laoo-LA; supplementalData.xml XPath /supplementalData/territoryInfo/territory[@type='LA'] and languagePopulation[@type='lo'],4073049,1347382.759,6,6,not_estimated_heterogeneous_population_measures,"Ex-ante gross opportunity screen only; not a harmed-person, comfortable-reader, or forward-commissioning estimate."
49,EXP-020,South Africa Setswana Latin-script edition,tn-Latn-ZA,South Africa,2022,home_or_usual_language_use,census_language_most_often_spoken_in_household_persons_age_1_plus,resident population aged 1 year and older,4972787,4972787,4972787,ZA-S001,"Table 3.8 (2), printed p. 27; PDF p. 35; South Africa total column",4073049,1220900.362,8,8,not_estimated_heterogeneous_population_measures,"Ex-ante gross opportunity screen only; not a harmed-person, comfortable-reader, or forward-commissioning estimate."
50,EXP-021,South Africa Sesotho Latin-script edition,st-Latn-ZA,South Africa,2022,home_or_usual_language_use,census_language_most_often_spoken_in_household_persons_age_1_plus,resident population aged 1 year and older,4678964,4678964,4678964,ZA-S001,"Table 3.8 (2), printed p. 27; PDF p. 35; South Africa total column",4073049,1148762.021,9,9,not_estimated_heterogeneous_population_measures,"Ex-ante gross opportunity screen only; not a harmed-person, comfortable-reader, or forward-commissioning estimate."
51,EXP-013,Ethiopia Somali Latin-script edition,so-Latn-ET,Ethiopia,2007,mother_tongue_or_first_language,census_mother_tongue_persons,cross_border_mother_tongue,4609274,4609274,4609274,PM-S020,"Table 3.2, printed pp. 91-93",4073049,1131651.988,14,14,not_estimated_heterogeneous_population_measures,"Ex-ante gross opportunity screen only; not a harmed-person, comfortable-reader, or forward-commissioning estimate."
52,EXP-014,Ethiopia Tigrinya Ethiopic-script edition,ti-Ethi-ET,Ethiopia,2007,mother_tongue_or_first_language,census_mother_tongue_persons,cross_border_mother_tongue,4324933,4324933,4324933,PM-S020,"Table 3.2, printed pp. 91-93",4073049,1061841.633,15,15,not_estimated_heterogeneous_population_measures,"Ex-ante gross opportunity screen only; not a harmed-person, comfortable-reader, or forward-commissioning estimate."
53,OBS-POP-SN-AFG-002,"Senegal Pulaar, official Latin orthography",fuc-Latn-SN,Senegal,2023,home_or_usual_language_use,census_principal_language_commonly_spoken_persons_age_3_plus,resident_population_age_3_plus,4314509,4314509,4314509,AFG-S009,"Tableau I-32, printed p.57, Ensemble effectif for Pulaar",4073049,1059282.371,10,10,not_estimated_heterogeneous_population_measures,"Ex-ante gross opportunity screen only; not a harmed-person, comfortable-reader, or forward-commissioning estimate."
54,EXP-006,Indonesia Minangkabau Latin-script edition,min-Latn-ID,Indonesia,2010,home_or_usual_language_use,daily_language_at_home_age5plus_persons,regional_home_language,4232226,4232226,4232226,PM-S005,"Table L4.1, printed p. 47",4073049,1039080.551,11,11,not_estimated_heterogeneous_population_measures,"Ex-ante gross opportunity screen only; not a harmed-person, comfortable-reader, or forward-commissioning estimate."
55,EXP-007,Indonesia Banjar Latin-script edition,bjn-Latn-ID,Indonesia,2010,home_or_usual_language_use,daily_language_at_home_age5plus_persons,regional_home_language,3651626,3651626,3651626,PM-S005,"Table L4.1, printed p. 47",4073049,896533.776,12,12,not_estimated_heterogeneous_population_measures,"Ex-ante gross opportunity screen only; not a harmed-person, comfortable-reader, or forward-commissioning estimate."
56,NAT-005,Sri Lankan Tamil,ta-Taml-LK,Sri Lanka,2026-03-17 CLDR release; component estimate year not stated,functional_language_ability_or_estimate,derived_cldr_territory_functional_language_users,functional_literate_language_users_L1_or_later_language,3297390,0,3297390,ASSEC-S006,cldr_target_derivations.md row ta-Taml-LK; supplementalData.xml XPath /supplementalData/territoryInfo/territory[@type='LK'] and languagePopulation[@type='ta'],4073049,809563.057,7,7,not_estimated_heterogeneous_population_measures,"Ex-ante gross opportunity screen only; not a harmed-person, comfortable-reader, or forward-commissioning estimate."
57,NAT-023,Maithili Nepal profile,mai-Deva-NP,Nepal,2021,mother_tongue_or_first_language,census_mother_tongue_persons,regional_language_population,3222389,3222389,3222389,PM-S004,"Annex 1, printed p. 123",4073049,791149.088,16,16,not_estimated_heterogeneous_population_measures,"Ex-ante gross opportunity screen only; not a harmed-person, comfortable-reader, or forward-commissioning estimate."
58,NAT-050,Mongolian,mn-Cyrl-MN,Mongolia,2026-03-17 CLDR release; component estimate year not stated,functional_language_ability_or_estimate,derived_cldr_territory_functional_language_users,functional_literate_language_users_L1_or_later_language,3051962,0,3051962,ASSEC-S006,cldr_target_derivations.md row mn-Cyrl-MN; supplementalData.xml XPath /supplementalData/territoryInfo/territory[@type='MN'] and languagePopulation[@type='mn'],4073049,749306.478,8,8,not_estimated_heterogeneous_population_measures,"Ex-ante gross opportunity screen only; not a harmed-person, comfortable-reader, or forward-commissioning estimate."
59,EXP-015,Ethiopia Sidama Latin-script edition,sid-Latn-ET,Ethiopia,2007,mother_tongue_or_first_language,census_mother_tongue_persons,regional_mother_tongue,2981471,2981471,2981471,PM-S020,"Table 3.2, printed pp. 91-93",4073049,731999.787,17,17,not_estimated_heterogeneous_population_measures,"Ex-ante gross opportunity screen only; not a harmed-person, comfortable-reader, or forward-commissioning estimate."
60,EXP-022,South Africa Xitsonga Latin-script edition,ts-Latn-ZA,South Africa,2022,home_or_usual_language_use,census_language_most_often_spoken_in_household_persons_age_1_plus,resident population aged 1 year and older,2784279,2784279,2784279,ZA-S001,"Table 3.8 (2), printed p. 27; PDF p. 35; South Africa total column",4073049,683585.933,13,13,not_estimated_heterogeneous_population_measures,"Ex-ante gross opportunity screen only; not a harmed-person, comfortable-reader, or forward-commissioning estimate."
61,NAT-021,Brahui,brh-Arab-PK,Pakistan,2023,mother_tongue_or_first_language,census_mother_tongue_persons,regional_language_population,2778670,2778670,2778670,PM-S003,"Table 11, national row",4073049,682208.832,18,18,not_estimated_heterogeneous_population_measures,"Ex-ante gross opportunity screen only; not a harmed-person, comfortable-reader, or forward-commissioning estimate."
62,NAT-037,Waray,war-Latn-PH,Philippines,2010-12-31,survey_weighted_main_language_estimate,CLEAR_normalized_main_language_weighted_persons_from_IPUMS_2010_census_extract,national_main_language_population,2694135,0,2694135,ASSEC-S008,clear_ludp_phl_national_2010.json JSON $.data[?(@.language_name=='Waray (Philippines)')].individuals_value_weighted; dataset Philippines Census 2010 (IPUMS extract),4073049,661454.110,4,4,not_estimated_heterogeneous_population_measures,"Ex-ante gross opportunity screen only; not a harmed-person, comfortable-reader, or forward-commissioning estimate."
63,EXP-008,Indonesia Sasak Latin-script edition,sas-Latn-ID,Indonesia,2010,home_or_usual_language_use,daily_language_at_home_age5plus_persons,regional_home_language,2691127,2691127,2691127,PM-S005,"Table L4.1, printed p. 47",4073049,660715.597,14,14,not_estimated_heterogeneous_population_measures,"Ex-ante gross opportunity screen only; not a harmed-person, comfortable-reader, or forward-commissioning estimate."
64,EXP-009,Indonesia Acehnese Latin-script edition,ace-Latn-ID,Indonesia,2010,home_or_usual_language_use,daily_language_at_home_age5plus_persons,regional_home_language,2550055,2550055,2550055,PM-S005,"Table L4.1, printed p. 47",4073049,626080.118,15,15,not_estimated_heterogeneous_population_measures,"Ex-ante gross opportunity screen only; not a harmed-person, comfortable-reader, or forward-commissioning estimate."
65,NAT-079,Kirundi,rn-Latn-BI,Burundi,2008,direct_literacy_or_access_stratum,derived_census_any_kirundi_read_and_written_persons_age_10_plus,population_age_10_plus,2261931,2261931,2261931,AFG-S011,"Tableau 3.2, PDF p.62; sum of the 16 Ensemble Total rows containing Kirundi",4073049,555340.974,1,1,not_estimated_heterogeneous_population_measures,"Ex-ante gross opportunity screen only; not a harmed-person, comfortable-reader, or forward-commissioning estimate."
66,EXP-010,Indonesia Betawi Latin-script edition,bew-Latn-ID,Indonesia,2010,home_or_usual_language_use,daily_language_at_home_age5plus_persons,regional_home_language,2244648,2244648,2244648,PM-S005,"Table L4.1, printed p. 47",4073049,551097.716,16,16,not_estimated_heterogeneous_population_measures,"Ex-ante gross opportunity screen only; not a harmed-person, comfortable-reader, or forward-commissioning estimate."
67,NAT-024,Bhojpuri Nepal profile,bho-Deva-NP,Nepal,2021,mother_tongue_or_first_language,census_mother_tongue_persons,regional_language_population,1820795,1820795,1820795,PM-S004,"Annex 1, printed p. 123",4073049,447034.887,19,19,not_estimated_heterogeneous_population_measures,"Ex-ante gross opportunity screen only; not a harmed-person, comfortable-reader, or forward-commissioning estimate."
68,EXP-023,South Africa siSwati Latin-script edition,ss-Latn-ZA,South Africa,2022,home_or_usual_language_use,census_language_most_often_spoken_in_household_persons_age_1_plus,resident population aged 1 year and older,1692719,1692719,1692719,ZA-S001,"Table 3.8 (2), printed p. 27; PDF p. 35; South Africa total column",4073049,415590.139,17,17,not_estimated_heterogeneous_population_measures,"Ex-ante gross opportunity screen only; not a harmed-person, comfortable-reader, or forward-commissioning estimate."
69,EXP-016,Ethiopia Wolaytta Latin-script edition,wal-Latn-ET,Ethiopia,2007,mother_tongue_or_first_language,census_mother_tongue_persons,regional_mother_tongue,1627955,1627955,1627955,PM-S020,"Table 3.2, printed pp. 91-93",4073049,399689.520,20,20,not_estimated_heterogeneous_population_measures,"Ex-ante gross opportunity screen only; not a harmed-person, comfortable-reader, or forward-commissioning estimate."
70,NAT-076,Zimbabwean Ndebele,nd-Latn-ZW,Zimbabwe,2022,mother_tongue_or_first_language,census_mother_tongue_persons,regional_language_population,1599324,1599324,1599324,PM-S011,"Table 2.17, printed p. 123",4073049,392660.142,21,21,not_estimated_heterogeneous_population_measures,"Ex-ante gross opportunity screen only; not a harmed-person, comfortable-reader, or forward-commissioning estimate."
71,EXP-024,South Africa Tshivenda Latin-script edition,ve-Latn-ZA,South Africa,2022,home_or_usual_language_use,census_language_most_often_spoken_in_household_persons_age_1_plus,resident population aged 1 year and older,1480565,1480565,1480565,ZA-S001,"Table 3.8 (2), printed p. 27; PDF p. 35; South Africa total column",4073049,363502.870,18,18,not_estimated_heterogeneous_population_measures,"Ex-ante gross opportunity screen only; not a harmed-person, comfortable-reader, or forward-commissioning estimate."
72,EXP-017,Ethiopia Hadiyya Latin-script edition,hdy-Latn-ET,Ethiopia,2007,mother_tongue_or_first_language,census_mother_tongue_persons,regional_mother_tongue,1253894,1253894,1253894,PM-S020,"Table 3.2, printed pp. 91-93",4073049,307851.440,22,22,not_estimated_heterogeneous_population_measures,"Ex-ante gross opportunity screen only; not a harmed-person, comfortable-reader, or forward-commissioning estimate."
73,EXP-029,Mauritius Mauritian Creole Latin-script edition,mfe-Latn-MU,Mauritius,2022,home_or_usual_language_use,language_usually_spoken_at_home_persons,creole_home_language,1045558,1045558,1045558,PM-S013,"Table D9, printed p. 165",4073049,256701.552,19,19,not_estimated_heterogeneous_population_measures,"Ex-ante gross opportunity screen only; not a harmed-person, comfortable-reader, or forward-commissioning estimate."
74,EXP-025,South Africa isiNdebele Latin-script edition,nr-Latn-ZA,South Africa,2022,home_or_usual_language_use,census_language_most_often_spoken_in_household_persons_age_1_plus,resident population aged 1 year and older,1044377,1044377,1044377,ZA-S001,"Table 3.8 (2), printed p. 27; PDF p. 35; South Africa total column",4073049,256411.597,20,20,not_estimated_heterogeneous_population_measures,"Ex-ante gross opportunity screen only; not a harmed-person, comfortable-reader, or forward-commissioning estimate."
75,OBS-GRG-US-025,Standard Haitian Creole,ht-Latn-HT,United States,2017-2021,home_or_usual_language_use,acs_2017_2021_estimated_persons_age5plus_language_spoken_at_home,direct_language_sample_estimate,867500,852440,882560,GRG-S001,Nation worksheet row 11,4073049,212985.407,21,21,not_estimated_heterogeneous_population_measures,"Ex-ante gross opportunity screen only; not a harmed-person, comfortable-reader, or forward-commissioning estimate."
76,NAT-026,Avadhi Nepal profile,awa-Deva-NP,Nepal,2021,mother_tongue_or_first_language,census_mother_tongue_persons,regional_language_population,864276,864276,864276,PM-S004,"Annex 1, printed p. 123",4073049,212193.863,23,23,not_estimated_heterogeneous_population_measures,"Ex-ante gross opportunity screen only; not a harmed-person, comfortable-reader, or forward-commissioning estimate."
77,EXP-011,Indonesia Nias Latin-script edition,nia-Latn-ID,Indonesia,2010,home_or_usual_language_use,daily_language_at_home_age5plus_persons,regional_home_language,747168,747168,747168,PM-S005,"Table L4.1, printed p. 47",4073049,183441.937,22,22,not_estimated_heterogeneous_population_measures,"Ex-ante gross opportunity screen only; not a harmed-person, comfortable-reader, or forward-commissioning estimate."
78,OBS-GRG-PL-002,Silesian in ślabikŏrzowy szrajbōnek,szl-Latn-PL,Poland,2021-03-31,home_or_usual_language_use,census_languages_used_at_home_multiple_response_persons,direct_language_census_count,467145,467145,467145,GRG-S006,Table 7.5 printed page 120 PDF page 122; śląski Silesian row,4073049,114691.721,23,23,not_estimated_heterogeneous_population_measures,"Ex-ante gross opportunity screen only; not a harmed-person, comfortable-reader, or forward-commissioning estimate."
79,OBS-POP-SN-AFG-005,"Senegal Mandinka (Màndienka), official Latin profile",mnk-Latn-SN,Senegal,2023,home_or_usual_language_use,census_principal_language_commonly_spoken_persons_age_3_plus,resident_population_age_3_plus,465052,465052,465052,AFG-S009,"Tableau I-32, printed p.57, Ensemble effectif for Màndienka",4073049,114177.855,24,24,not_estimated_heterogeneous_population_measures,"Ex-ante gross opportunity screen only; not a harmed-person, comfortable-reader, or forward-commissioning estimate."
80,EXP-030,Zimbabwe Ndau Latin-script edition,ndc-Latn-ZW,Zimbabwe,2022,mother_tongue_or_first_language,census_mother_tongue_persons,regional_language_population,372607,372607,372607,PM-S011,"Table 2.17, printed p. 123",4073049,91481.099,24,24,not_estimated_heterogeneous_population_measures,"Ex-ante gross opportunity screen only; not a harmed-person, comfortable-reader, or forward-commissioning estimate."
81,NAT-041,Tetum Prasa,tet-Latn-TL,Timor-Leste,2015,mother_tongue_or_first_language,census_mother_tongue_persons,direct_language_population,361027,361027,361027,ALG-S014,"Sheet 2.12, Table 12",4073049,88638.020,25,25,not_estimated_heterogeneous_population_measures,"Ex-ante gross opportunity screen only; not a harmed-person, comfortable-reader, or forward-commissioning estimate."
82,NAT-105,Maori,mi-Latn-NZ,New Zealand,2023,multiple_response_language_ability,census_languages_spoken_multiple_response_persons,Indigenous_language_population,213849,213847,213851,PM-S014,"Total New Zealand population, 2023 column",4073049,52503.419,1,1,not_estimated_heterogeneous_population_measures,"Ex-ante gross opportunity screen only; not a harmed-person, comfortable-reader, or forward-commissioning estimate."
83,OBS-GRG-US-030,YIVO Standard Yiddish edition for the explicitly named YIVO-reading audience,ydd-Hebr-US,United States,2017-2021,home_or_usual_language_use,acs_2017_2021_estimated_persons_age5plus_language_spoken_at_home,direct_language_sample_estimate,194800,189401,200199,GRG-S001,Nation worksheet row 24,4073049,47826.579,25,25,not_estimated_heterogeneous_population_measures,"Ex-ante gross opportunity screen only; not a harmed-person, comfortable-reader, or forward-commissioning estimate."
84,OBS-GRG-US-029,English-oriented Pennsylvania German spelling used by Vitt Du Deitsh Shvetza / Di Heilich Shrift / Ich Kann PA Deitsh Shreiva,pdc-Latn-US,United States,2017-2021,home_or_usual_language_use,acs_2017_2021_estimated_persons_age5plus_language_spoken_at_home,direct_language_sample_estimate,185200,179920,190480,GRG-S001,Nation worksheet row 22,4073049,45469.622,26,26,not_estimated_heterogeneous_population_measures,"Ex-ante gross opportunity screen only; not a harmed-person, comfortable-reader, or forward-commissioning estimate."
85,OBS-GRG-US-003,Diné Bizaad in Navajo Nation school orthography,nv-Latn-US,United States,2017-2021,home_or_usual_language_use,acs_2017_2021_estimated_persons_age5plus_language_spoken_at_home,direct_language_sample_estimate,161200,158202,164198,GRG-S001,Nation worksheet row 488,4073049,39577.231,27,27,not_estimated_heterogeneous_population_measures,"Ex-ante gross opportunity screen only; not a harmed-person, comfortable-reader, or forward-commissioning estimate."
86,EXP-031,Timor-Leste Makasai Latin-script edition,mkz-Latn-TL,Timor-Leste,2015,mother_tongue_or_first_language,census_mother_tongue_persons,direct_language_population,123840,123840,123840,ALG-S014,"Sheet 2.12, Table 12",4073049,30404.741,26,26,not_estimated_heterogeneous_population_measures,"Ex-ante gross opportunity screen only; not a harmed-person, comfortable-reader, or forward-commissioning estimate."
87,EXP-036,New Zealand Samoan Latin-script edition,sm-Latn-NZ,New Zealand,2023,multiple_response_language_ability,census_languages_spoken_multiple_response_persons,Pacific_diaspora_language_population,110541,110539,110543,PM-S014,"Total New Zealand population, 2023 column",4073049,27139.619,2,2,not_estimated_heterogeneous_population_measures,"Ex-ante gross opportunity screen only; not a harmed-person, comfortable-reader, or forward-commissioning estimate."
88,OBS-GRG-PL-004,School-standard Kashubian,csb-Latn-PL,Poland,2021-03-31,home_or_usual_language_use,census_languages_used_at_home_multiple_response_persons,direct_language_census_count,89198,89198,89198,GRG-S006,Table 7.5 printed page 120 PDF page 122; kaszubski Kashubian row,4073049,21899.565,28,28,not_estimated_heterogeneous_population_measures,"Ex-ante gross opportunity screen only; not a harmed-person, comfortable-reader, or forward-commissioning estimate."
89,EXP-026,Peru Ashaninka Latin-script edition,cni-Latn-PE,Peru,2017,mother_tongue_or_first_language,census_language_learned_in_childhood_age3plus_persons,Indigenous_language_population,73567,73567,73567,PM-S007,"Cuadro 4, printed p. 618",4073049,18061.899,27,27,not_estimated_heterogeneous_population_measures,"Ex-ante gross opportunity screen only; not a harmed-person, comfortable-reader, or forward-commissioning estimate."
90,OBS-GRG-US-026,Jamaican Creole in Cassidy/JLU orthography,jam-Latn-JM,United States,2017-2021,home_or_usual_language_use,acs_2017_2021_estimated_persons_age5plus_language_spoken_at_home,direct_language_sample_estimate,72000,68605,75395,GRG-S001,Nation worksheet row 255,4073049,17677.175,29,29,not_estimated_heterogeneous_population_measures,"Ex-ante gross opportunity screen only; not a harmed-person, comfortable-reader, or forward-commissioning estimate."
91,EXP-037,Ireland Irish Latin-script daily-use edition,ga-Latn-IE,Ireland,2022,home_or_usual_language_use,self_reported_daily_use_outside_education_persons,minoritized_language_daily_use,71968,71968,71968,PM-S016,Figure 6.4 and release text,4073049,17669.318,30,30,not_estimated_heterogeneous_population_measures,"Ex-ante gross opportunity screen only; not a harmed-person, comfortable-reader, or forward-commissioning estimate."
92,EXP-032,Timor-Leste Kemak Latin-script edition,kem-Latn-TL,Timor-Leste,2015,mother_tongue_or_first_language,census_mother_tongue_persons,direct_language_population,68995,68995,68995,ALG-S014,"Sheet 2.12, Table 12",4073049,16939.398,28,28,not_estimated_heterogeneous_population_measures,"Ex-ante gross opportunity screen only; not a harmed-person, comfortable-reader, or forward-commissioning estimate."
93,EXP-033,Timor-Leste Bunak Latin-script edition,bfn-Latn-TL,Timor-Leste,2015,mother_tongue_or_first_language,census_mother_tongue_persons,direct_language_population,64686,64686,64686,ALG-S014,"Sheet 2.12, Table 12",4073049,15881.469,29,29,not_estimated_heterogeneous_population_measures,"Ex-ante gross opportunity screen only; not a harmed-person, comfortable-reader, or forward-commissioning estimate."
94,EXP-027,Peru Awajun Latin-script edition,agr-Latn-PE,Peru,2017,mother_tongue_or_first_language,census_language_learned_in_childhood_age3plus_persons,Indigenous_language_population,56584,56584,56584,PM-S007,"Cuadro 4, printed p. 618",4073049,13892.295,30,30,not_estimated_heterogeneous_population_measures,"Ex-ante gross opportunity screen only; not a harmed-person, comfortable-reader, or forward-commissioning estimate."
95,EXP-034,Timor-Leste Tokodede Latin-script edition,tkd-Latn-TL,Timor-Leste,2015,mother_tongue_or_first_language,census_mother_tongue_persons,direct_language_population,46784,46784,46784,ALG-S014,"Sheet 2.12, Table 12",4073049,11486.235,31,31,not_estimated_heterogeneous_population_measures,"Ex-ante gross opportunity screen only; not a harmed-person, comfortable-reader, or forward-commissioning estimate."
96,NAT-044,Fataluku,ddg-Latn-TL,Timor-Leste,2015,mother_tongue_or_first_language,census_mother_tongue_persons,direct_language_population,41500,41500,41500,ALG-S014,"Sheet 2.12, Table 12",4073049,10188.927,32,32,not_estimated_heterogeneous_population_measures,"Ex-ante gross opportunity screen only; not a harmed-person, comfortable-reader, or forward-commissioning estimate."
97,EXP-028,Peru Shipibo-Konibo Latin-script edition,shp-Latn-PE,Peru,2017,mother_tongue_or_first_language,census_language_learned_in_childhood_age3plus_persons,Indigenous_language_population,34152,34152,34152,PM-S007,"Cuadro 4, printed p. 618",4073049,8384.873,33,33,not_estimated_heterogeneous_population_measures,"Ex-ante gross opportunity screen only; not a harmed-person, comfortable-reader, or forward-commissioning estimate."
98,OBS-GRG-US-023,Standard ʻŌlelo Hawaiʻi with ʻokina and kahakō,haw-Latn-US,United States,2017-2021,home_or_usual_language_use,acs_2017_2021_estimated_persons_age5plus_language_spoken_at_home,direct_language_sample_estimate,32730,30623,34837,GRG-S001,Nation worksheet row 246,4073049,8035.749,31,31,not_estimated_heterogeneous_population_measures,"Ex-ante gross opportunity screen only; not a harmed-person, comfortable-reader, or forward-commissioning estimate."
99,OBS-GRG-US-017,Standard Marshallese under the 2010 Orthography Act,mh-Latn-MH,United States,2017-2021,home_or_usual_language_use,acs_2017_2021_estimated_persons_age5plus_language_spoken_at_home,direct_language_sample_estimate,27160,25198,29122,GRG-S001,Nation worksheet row 234,4073049,6668.223,32,32,not_estimated_heterogeneous_population_measures,"Ex-ante gross opportunity screen only; not a harmed-person, comfortable-reader, or forward-commissioning estimate."
100,EXP-035,Timor-Leste Waima'a Latin-script edition,wmh-Latn-TL,Timor-Leste,2015,mother_tongue_or_first_language,census_mother_tongue_persons,direct_language_population,21227,21227,21227,ALG-S014,"Sheet 2.12, Table 12",4073049,5211.575,34,34,not_estimated_heterogeneous_population_measures,"Ex-ante gross opportunity screen only; not a harmed-person, comfortable-reader, or forward-commissioning estimate."
101,OBS-GRG-PL-007,Official-standard Belarusian,be-Cyrl-BY,Poland,2021-03-31,home_or_usual_language_use,census_languages_used_at_home_multiple_response_persons,direct_language_census_count,17325,17325,17325,GRG-S006,Table 7.5 printed page 120 PDF page 122; białoruski Byelorussian row,4073049,4253.570,33,33,not_estimated_heterogeneous_population_measures,"Ex-ante gross opportunity screen only; not a harmed-person, comfortable-reader, or forward-commissioning estimate."
102,OBS-GRG-US-001,Standard Central Alaskan Yup'ik,esu-Latn-US,United States,2017-2021,home_or_usual_language_use,acs_2017_2021_estimated_persons_age5plus_language_spoken_at_home,direct_language_sample_estimate,16120,15337,16903,GRG-S001,Nation worksheet row 462,4073049,3957.723,34,34,not_estimated_heterogeneous_population_measures,"Ex-ante gross opportunity screen only; not a harmed-person, comfortable-reader, or forward-commissioning estimate."
103,OBS-GRG-US-018,Chuuk State standard Chuukese,chk-Latn-FM,United States,2017-2021,home_or_usual_language_use,acs_2017_2021_estimated_persons_age5plus_language_spoken_at_home,direct_language_sample_estimate,14700,12612,16788,GRG-S001,Nation worksheet row 239,4073049,3609.090,35,35,not_estimated_heterogeneous_population_measures,"Ex-ante gross opportunity screen only; not a harmed-person, comfortable-reader, or forward-commissioning estimate."
104,OBS-GRG-US-002,Dilzhe'e Apache dictionary spelling profile with its documented tone and consonant adaptations,apw-Latn-US,United States,2017-2021,home_or_usual_language_use,acs_2017_2021_estimated_persons_age5plus_language_spoken_at_home,direct_language_sample_estimate,12730,11767,13693,GRG-S001,Nation worksheet row 487,4073049,3125.423,36,36,not_estimated_heterogeneous_population_measures,"Ex-ante gross opportunity screen only; not a harmed-person, comfortable-reader, or forward-commissioning estimate."
105,OBS-GRG-US-016,Central Southwestern Ojibwe/Chippewa edition in the Ojibwe People's Dictionary Double-Vowel system,ciw-Latn-US,United States,2017-2021,home_or_usual_language_use,acs_2017_2021_estimated_persons_age5plus_language_spoken_at_home,direct_language_sample_estimate,10750,9867,11633,GRG-S001,Nation worksheet row 473,4073049,2639.300,37,37,not_estimated_heterogeneous_population_measures,"Ex-ante gross opportunity screen only; not a harmed-person, comfortable-reader, or forward-commissioning estimate."
106,OBS-GRG-US-005,Lakota Language Consortium consistent phonemic teaching orthography edition,lkt-Latn-US,United States,2017-2021,home_or_usual_language_use,acs_2017_2021_estimated_persons_age5plus_language_spoken_at_home,direct_language_sample_estimate,10590,9835,11345,GRG-S001,Nation worksheet row 511,4073049,2600.018,38,38,not_estimated_heterogeneous_population_measures,"Ex-ante gross opportunity screen only; not a harmed-person, comfortable-reader, or forward-commissioning estimate."
107,OBS-GRG-US-007,Cherokee syllabary edition,chr-Cher-US,United States,2017-2021,home_or_usual_language_use,acs_2017_2021_estimated_persons_age5plus_language_spoken_at_home,direct_language_sample_estimate,10440,9552,11328,GRG-S001,Nation worksheet row 527,4073049,2563.190,39,39,not_estimated_heterogeneous_population_measures,"Ex-ante gross opportunity screen only; not a harmed-person, comfortable-reader, or forward-commissioning estimate."
108,OBS-GRG-US-021,Two-output CHamoru/Chamorro bundle: Guam 2024 official orthography plus CNMI 2010 official orthography,ch-Latn-GU|ch-Latn-MP,United States,2017-2021,home_or_usual_language_use,acs_2017_2021_estimated_persons_age5plus_language_spoken_at_home,direct_language_sample_estimate,19690,18173,21207,GRG-S001,Nation worksheet row 231,8146098,2417.108,40,40,not_estimated_heterogeneous_population_measures,"Ex-ante gross opportunity screen only; not a harmed-person, comfortable-reader, or forward-commissioning estimate."
109,OBS-GRG-US-008,Zuni/Shiwi school-literacy profile,zun-Latn-US,United States,2017-2021,home_or_usual_language_use,acs_2017_2021_estimated_persons_age5plus_language_spoken_at_home,direct_language_sample_estimate,8109,7229,8989,GRG-S001,Nation worksheet row 529,4073049,1990.892,41,41,not_estimated_heterogeneous_population_measures,"Ex-ante gross opportunity screen only; not a harmed-person, comfortable-reader, or forward-commissioning estimate."
110,OBS-GRG-AU-001,Australian Kriol practical written standard,rop-Latn-AU,Australia,2021,home_or_usual_language_use,census_language_used_at_home_persons,direct_language_census_count,7478,7478,7478,GRG-S002,"Language used at home, top responses other than English; Australia column; Kriol row",4073049,1835.971,42,42,not_estimated_heterogeneous_population_measures,"Ex-ante gross opportunity screen only; not a harmed-person, comfortable-reader, or forward-commissioning estimate."
111,OBS-GRG-US-019,Pohnpei State standard Pohnpeian,pon-Latn-FM,United States,2017-2021,home_or_usual_language_use,acs_2017_2021_estimated_persons_age5plus_language_spoken_at_home,direct_language_sample_estimate,7412,6198,8626,GRG-S001,Nation worksheet row 238,4073049,1819.767,43,43,not_estimated_heterogeneous_population_measures,"Ex-ante gross opportunity screen only; not a harmed-person, comfortable-reader, or forward-commissioning estimate."
112,OBS-GRG-US-009,Third Mesa Hopi edition using the Hopi Dictionary Project / Learn Hopi orthography,hop-Latn-US,United States,2017-2021,home_or_usual_language_use,acs_2017_2021_estimated_persons_age5plus_language_spoken_at_home,direct_language_sample_estimate,7105,6344,7866,GRG-S001,Nation worksheet row 535,4073049,1744.393,44,44,not_estimated_heterogeneous_population_measures,"Ex-ante gross opportunity screen only; not a harmed-person, comfortable-reader, or forward-commissioning estimate."
113,OBS-GRG-US-010,Tohono O'odham in official Alvarez-Hale orthography,ood-Latn-US,United States,2017-2021,home_or_usual_language_use,acs_2017_2021_estimated_persons_age5plus_language_spoken_at_home,direct_language_sample_estimate,6343,5672,7014,GRG-S001,Nation worksheet row 538,4073049,1557.310,45,45,not_estimated_heterogeneous_population_measures,"Ex-ante gross opportunity screen only; not a harmed-person, comfortable-reader, or forward-commissioning estimate."
114,OBS-GRG-US-024,Standard Fijian / Vosa Vakaviti school register,fj-Latn-FJ,United States,2017-2021,home_or_usual_language_use,acs_2017_2021_estimated_persons_age5plus_language_spoken_at_home,direct_language_sample_estimate,6229,5194,7264,GRG-S001,Nation worksheet row 247,4073049,1529.321,46,46,not_estimated_heterogeneous_population_measures,"Ex-ante gross opportunity screen only; not a harmed-person, comfortable-reader, or forward-commissioning estimate."
115,OBS-GRG-US-011,North Slope / North Alaskan Inupiatun edition using the accepted UAF/ANLA orthography and definitive North Slope lexicon,esi-Latn-US,United States,2017-2021,home_or_usual_language_use,acs_2017_2021_estimated_persons_age5plus_language_spoken_at_home,direct_language_sample_estimate,5819,5302,6336,GRG-S001,Nation worksheet row 458,4073049,1428.659,47,47,not_estimated_heterogeneous_population_measures,"Ex-ante gross opportunity screen only; not a harmed-person, comfortable-reader, or forward-commissioning estimate."
116,OBS-GRG-PL-010,Standard Lithuanian,lt-Latn-LT,Poland,2021-03-31,home_or_usual_language_use,census_languages_used_at_home_multiple_response_persons,direct_language_census_count,5422,5422,5422,GRG-S006,Table 7.5 printed page 120 PDF page 122; litewski Lithuanian row,4073049,1331.189,48,48,not_estimated_heterogeneous_population_measures,"Ex-ante gross opportunity screen only; not a harmed-person, comfortable-reader, or forward-commissioning estimate."
117,OBS-GRG-US-031,Mam in ALMG normative orthography,mam-Latn-GT,United States,2017-2021,home_or_usual_language_use,acs_2017_2021_estimated_persons_age5plus_language_spoken_at_home,direct_language_sample_estimate,5062,3947,6177,GRG-S001,Nation worksheet row 547,4073049,1242.804,49,49,not_estimated_heterogeneous_population_measures,"Ex-ante gross opportunity screen only; not a harmed-person, comfortable-reader, or forward-commissioning estimate."
118,OBS-GRG-US-013,Odawa edition using the Nishnaabemwin Odawa and Eastern Ojibwe dictionary's documented Double-Vowel profile,otw-Latn-US,United States,2017-2021,home_or_usual_language_use,acs_2017_2021_estimated_persons_age5plus_language_spoken_at_home,direct_language_sample_estimate,4888,4099,5677,GRG-S001,Nation worksheet row 474,4073049,1200.084,50,50,not_estimated_heterogeneous_population_measures,"Ex-ante gross opportunity screen only; not a harmed-person, comfortable-reader, or forward-commissioning estimate."
119,OBS-GRG-US-020,Palauan national school-literacy register,pau-Latn-PW,United States,2017-2021,home_or_usual_language_use,acs_2017_2021_estimated_persons_age5plus_language_spoken_at_home,direct_language_sample_estimate,4670,4023,5317,GRG-S001,Nation worksheet row 237,4073049,1146.561,51,51,not_estimated_heterogeneous_population_measures,"Ex-ante gross opportunity screen only; not a harmed-person, comfortable-reader, or forward-commissioning estimate."
120,OBS-GRG-AU-002,Djambarrpuyŋu written educational profile,djr-Latn-AU,Australia,2021,home_or_usual_language_use,census_language_used_at_home_persons,direct_language_census_count,3870,3870,3870,GRG-S002,"Language used at home, top responses other than English; Australia column; Djambarrpuyngu row",4073049,950.148,52,52,not_estimated_heterogeneous_population_measures,"Ex-ante gross opportunity screen only; not a harmed-person, comfortable-reader, or forward-commissioning estimate."
121,OBS-GRG-US-032,K'iche' in ALMG normative orthography,quc-Latn-GT,United States,2017-2021,home_or_usual_language_use,acs_2017_2021_estimated_persons_age5plus_language_spoken_at_home,direct_language_sample_estimate,3787,2944,4630,GRG-S001,Nation worksheet row 548,4073049,929.770,53,53,not_estimated_heterogeneous_population_measures,"Ex-ante gross opportunity screen only; not a harmed-person, comfortable-reader, or forward-commissioning estimate."
122,OBS-GRG-US-014,Apsáalooke community curriculum profile,cro-Latn-US,United States,2017-2021,home_or_usual_language_use,acs_2017_2021_estimated_persons_age5plus_language_spoken_at_home,direct_language_sample_estimate,3650,3194,4106,GRG-S001,Nation worksheet row 508,4073049,896.135,54,54,not_estimated_heterogeneous_population_measures,"Ex-ante gross opportunity screen only; not a harmed-person, comfortable-reader, or forward-commissioning estimate."
123,OBS-GRG-US-006,Two-output Choctaw bundle: Choctaw Nation of Oklahoma instructional alphabet plus Mississippi Band modern Byington-variant alphabet,cho-Latn-US|cho-Latn-US,United States,2017-2021,home_or_usual_language_use,acs_2017_2021_estimated_persons_age5plus_language_spoken_at_home,direct_language_sample_estimate,7260,6523,7997,GRG-S001,Nation worksheet row 520,8146098,891.224,55,55,not_estimated_heterogeneous_population_measures,"Ex-ante gross opportunity screen only; not a harmed-person, comfortable-reader, or forward-commissioning estimate."
124,OBS-GRG-AU-006,Pitjantjatjara Aṉangu school profile,pjt-Latn-AU,Australia,2021,home_or_usual_language_use,census_language_used_at_home_persons,direct_language_census_count,3458,3458,3458,GRG-S003,"Language used at home, top responses other than English; Australia column; Pitjantjatjara row",4073049,848.995,56,56,not_estimated_heterogeneous_population_measures,"Ex-ante gross opportunity screen only; not a harmed-person, comfortable-reader, or forward-commissioning estimate."
125,OBS-GRG-US-035,Honduras SECAPPH Garifuna educational edition using its published Garifuna alphabet,cab-Latn-HN,United States,2017-2021,home_or_usual_language_use,acs_2017_2021_estimated_persons_age5plus_language_spoken_at_home,direct_language_sample_estimate,3080,2422,3738,GRG-S001,Nation worksheet row 564,4073049,756.190,57,57,not_estimated_heterogeneous_population_measures,"Ex-ante gross opportunity screen only; not a harmed-person, comfortable-reader, or forward-commissioning estimate."
126,OBS-GRG-AU-003,Warlpiri practical school orthography,wbp-Latn-AU,Australia,2021,home_or_usual_language_use,census_language_used_at_home_persons,direct_language_census_count,2624,2624,2624,GRG-S002,"Language used at home, top responses other than English; Australia column; Warlpiri row",4073049,644.235,58,58,not_estimated_heterogeneous_population_measures,"Ex-ante gross opportunity screen only; not a harmed-person, comfortable-reader, or forward-commissioning estimate."
127,OBS-GRG-US-015,Sisseton-Wahpeton / Eastern Dakota edition in the tribal-college documented University of Minnesota orthography,dak-Latn-US,United States,2017-2021,home_or_usual_language_use,acs_2017_2021_estimated_persons_age5plus_language_spoken_at_home,direct_language_sample_estimate,2611,2222,3000,GRG-S001,Nation worksheet row 510,4073049,641.043,59,59,not_estimated_heterogeneous_population_measures,"Ex-ante gross opportunity screen only; not a harmed-person, comfortable-reader, or forward-commissioning estimate."
128,OBS-GRG-US-033,Q'anjob'al in ALMG normative orthography,kjb-Latn-GT,United States,2017-2021,home_or_usual_language_use,acs_2017_2021_estimated_persons_age5plus_language_spoken_at_home,direct_language_sample_estimate,2253,1532,2974,GRG-S001,Nation worksheet row 552,4073049,553.148,60,60,not_estimated_heterogeneous_population_measures,"Ex-ante gross opportunity screen only; not a harmed-person, comfortable-reader, or forward-commissioning estimate."
129,OBS-GRG-AU-004,Murrinh-Patha community dictionary/school profile,mwf-Latn-AU,Australia,2021,home_or_usual_language_use,census_language_used_at_home_persons,direct_language_census_count,2081,2081,2081,GRG-S002,"Language used at home, top responses other than English; Australia column; Murrinh Patha row",4073049,510.919,61,61,not_estimated_heterogeneous_population_measures,"Ex-ante gross opportunity screen only; not a harmed-person, comfortable-reader, or forward-commissioning estimate."
130,OBS-GRG-US-022,Kosrae State standard Kosraean,kos-Latn-FM,United States,2017-2021,home_or_usual_language_use,acs_2017_2021_estimated_persons_age5plus_language_spoken_at_home,direct_language_sample_estimate,2051,1390,2712,GRG-S001,Nation worksheet row 233,4073049,503.554,62,62,not_estimated_heterogeneous_population_measures,"Ex-ante gross opportunity screen only; not a harmed-person, comfortable-reader, or forward-commissioning estimate."
131,OBS-GRG-AU-005,Alyawarr community educational profile,aly-Latn-AU,Australia,2021,home_or_usual_language_use,census_language_used_at_home_persons,direct_language_census_count,1951,1951,1951,GRG-S002,"Language used at home, top responses other than English; Australia column; Alyawarr row",4073049,479.002,63,63,not_estimated_heterogeneous_population_measures,"Ex-ante gross opportunity screen only; not a harmed-person, comfortable-reader, or forward-commissioning estimate."
132,OBS-GRG-US-034,Maayat'aan (Yucatec Maya) in INALI writing standard,yua-Latn-MX,United States,2017-2021,home_or_usual_language_use,acs_2017_2021_estimated_persons_age5plus_language_spoken_at_home,direct_language_sample_estimate,1708,1155,2261,GRG-S001,Nation worksheet row 554,4073049,419.342,64,64,not_estimated_heterogeneous_population_measures,"Ex-ante gross opportunity screen only; not a harmed-person, comfortable-reader, or forward-commissioning estimate."
133,OBS-GRG-US-028,Two-output bundle: Aruba official Papiamento spelling plus Curaçao/Bonaire official Papiamentu phonological spelling,pap-Latn-AW|pap-Latn-CW|pap-Latn-BQ,United States,2017-2021,home_or_usual_language_use,acs_2017_2021_estimated_persons_age5plus_language_spoken_at_home,direct_language_sample_estimate,1422,950,1894,GRG-S001,Nation worksheet row 272,8146098,174.562,65,65,not_estimated_heterogeneous_population_measures,"Ex-ante gross opportunity screen only; not a harmed-person, comfortable-reader, or forward-commissioning estimate."
134,OBS-GRG-AU-007,Gurindji community dictionary profile,gue-Latn-AU,Australia,2021,home_or_usual_language_use,census_language_used_at_home_persons,direct_language_census_count,623,623,623,GRG-S004,"Language used at home, top responses other than English; Australia column; Gurindji row",4073049,152.957,66,66,not_estimated_heterogeneous_population_measures,"Ex-ante gross opportunity screen only; not a harmed-person, comfortable-reader, or forward-commissioning estimate."
135,OBS-GRG-AU-010,Warumungu community educational profile,wrm-Latn-AU,Australia,2021,home_or_usual_language_use,census_language_used_at_home_persons,direct_language_census_count,424,424,424,GRG-S005,"Language used at home, top responses other than English; Australia column; Warumungu row",4073049,104.099,67,67,not_estimated_heterogeneous_population_measures,"Ex-ante gross opportunity screen only; not a harmed-person, comfortable-reader, or forward-commissioning estimate."
136,OBS-GRG-AU-008,Ngarinyman community educational profile,nbj-Latn-AU,Australia,2021,home_or_usual_language_use,census_language_used_at_home_persons,direct_language_census_count,313,313,313,GRG-S004,"Language used at home, top responses other than English; Australia column; Ngarinyman row",4073049,76.847,68,68,not_estimated_heterogeneous_population_measures,"Ex-ante gross opportunity screen only; not a harmed-person, comfortable-reader, or forward-commissioning estimate."
137,OBS-GRG-AU-009,Wubuy (source label Nunggubuyu) community profile,nuy-Latn-AU,Australia,2021,home_or_usual_language_use,census_language_used_at_home_persons,direct_language_census_count,283,283,283,GRG-S004,"Language used at home, top responses other than English; Australia column; Nunggubuyu row",4073049,69.481,69,69,not_estimated_heterogeneous_population_measures,"Ex-ante gross opportunity screen only; not a harmed-person, comfortable-reader, or forward-commissioning estimate."
