intervention_id,target_name,target_profile,territory,population_base,control_or_exclusion,basis,population_observation_id,population_source_id,population_low,population_high,population_measure,reference_date_or_year,count_unit,source_locator,population_observation_caveats
EXP-002,Pakistani Pashto,ps-Arab-PK,Pakistan,43633946,not_recommendation_eligible,exclude_D0_profile_population_mismatch,POP-PK-004,PM-S003,43633946,43633946,census_mother_tongue_persons,2023,persons,"Table 11, national row",PBS Pushto is a broad category; exact variety is unresolved.
EXP-012,Oromo,om-Latn-ET,Ethiopia,24930424,not_recommendation_eligible,exclude_D0_profile_population_mismatch,POP-ET-001,PM-S020,24930424,24930424,census_mother_tongue_persons,2007,persons,"Table 3.2, printed pp. 91-93",Old census observation; not projected to the present.
OBS-GRG-PL-001,Polish,pl-Latn-PL,Poland,37868618,richly_served_negative_control,"deprioritize_generic_translation; retain for non-overlap, subgroup, or accessibility-format tests",GRG-PL-001,GRG-S006,37868618,37868618,census_languages_used_at_home_multiple_response_persons,2021-03-31,persons,Table 7.5 printed page 120 PDF page 122; Polski Polish row,published total persons using the language at home; no interval supplied; low equals base equals high Multiple responses were allowed; language rows overlap and must not be summed Census language used at home is not an L1 count or educational-access measure; source reports no script or orthography.
OBS-GRG-PL-003,German,de-Latn,Poland,216342,richly_served_negative_control,"deprioritize_generic_translation; retain for non-overlap, subgroup, or accessibility-format tests",GRG-PL-003,GRG-S006,216342,216342,census_languages_used_at_home_multiple_response_persons,2021-03-31,persons,Table 7.5 printed page 120 PDF page 122; niemiecki German row,published total persons using the language at home; no interval supplied; low equals base equals high Multiple responses were allowed; language rows overlap and must not be summed Census language used at home is not an L1 count or educational-access measure; source reports no script or orthography.
OBS-GRG-PL-006,Ukrainian,uk-Cyrl-UA,Poland,55104,richly_served_negative_control,"deprioritize_generic_translation; retain for non-overlap, subgroup, or accessibility-format tests",GRG-PL-006,GRG-S006,55104,55104,census_languages_used_at_home_multiple_response_persons,2021-03-31,persons,Table 7.5 printed page 120 PDF page 122; ukraiński Ukrainian row,published total persons using the language at home; no interval supplied; low equals base equals high Multiple responses were allowed; language rows overlap and must not be summed Census language used at home is not an L1 count or educational-access measure; source reports no script or orthography.
OBS-GRG-PL-005,Czech,cs-Latn-CZ,Poland,5328,richly_served_negative_control,"deprioritize_generic_translation; retain for non-overlap, subgroup, or accessibility-format tests",GRG-PL-005,GRG-S006,5328,5328,census_languages_used_at_home_multiple_response_persons,2021-03-31,persons,Table 7.5 printed page 120 PDF page 122; czeski Czech row,published total persons using the language at home; no interval supplied; low equals base equals high Multiple responses were allowed; language rows overlap and must not be summed Census language used at home is not an L1 count or educational-access measure; source reports no script or orthography.
OBS-GRG-US-004,Eastern Keres,kee-Zzzz-US target profile; script unresolved by population source,United States,12540,unresolved_localized_output_profile,not rankable as one edition; split into community profiles first,GRG-US-004,GRG-S001,11378,13702,acs_2017_2021_estimated_persons_age5plus_language_spoken_at_home,2017-2021,estimated_persons,Nation worksheet row 522,published point estimate; low and high are estimate minus and plus published 90 percent margin of error Selected child language categories are mutually exclusive in the source hierarchy; do not combine with parent family totals Sample estimate for persons age 5 plus and language spoken at home; not an L1 count; source reports no script or orthography.
OBS-GRG-US-012,Tewa,tew-Zzzz-US target profile; script unresolved by population source,United States,5105,unresolved_localized_output_profile,not rankable as one edition; split into community profiles first,GRG-US-012,GRG-S001,4593,5617,acs_2017_2021_estimated_persons_age5plus_language_spoken_at_home,2017-2021,estimated_persons,Nation worksheet row 492,published point estimate; low and high are estimate minus and plus published 90 percent margin of error Selected child language categories are mutually exclusive in the source hierarchy; do not combine with parent family totals Sample estimate for persons age 5 plus and language spoken at home; not an L1 count; source reports no script or orthography.
OBS-GRG-US-027,Guyanese Creole English,gyn-Latn-GY,United States,4603,unresolved_localized_output_profile,rank shared core and localized profiles separately; do not multiply one population observation,GRG-US-027,GRG-S001,3788,5418,acs_2017_2021_estimated_persons_age5plus_language_spoken_at_home,2017-2021,estimated_persons,Nation worksheet row 260,published point estimate; low and high are estimate minus and plus published 90 percent margin of error Selected child language categories are mutually exclusive in the source hierarchy; do not combine with parent Creole totals United States diaspora observation; sample estimate for persons age 5 plus and language spoken at home; source reports no script or orthography.
