link_id,matrix_row_id,intervention_id,target_community_or_variety,language_or_profile_tag,target_territory_scope,observation_id,link_status,observation_language_label,observation_edition_profile,observation_iso_or_id,observation_territory,observation_script_or_profile,measure_type,count_unit,population_low,population_base,population_high,reference_date_or_year,population_source_id,population_source_url,source_locator,target_mapping_status,observation_use,overlap_group_id,alternative_measure_role,nonadditivity_or_exclusion_note,usable_as_package_population_total
EDGE-ISV-000-P00,EDGE-ISV-000,IL-ISV,Pooled native-Slavic study respondents,multiple native Slavic labels,self-selected online sample,,none_present_in_current_population_master,,,,,,,,,,,,,,,,,,,No compatible exact population observation is linked; no package or family ceiling may be substituted.,false
EDGE-ISV-001-P01,EDGE-ISV-001,IL-ISV,Russian-literate cohort,ru-Cyrl,exact territory pending,ALG-KZ-L002,exact_territory_subcell_lower_bound,Russian,nationality-scoped native-language lower bound,rus,Kazakhstan,,census_native_language_of_own_nationality_persons,persons,2853224,2853224,2853224,2021,ALG-S007,https://stat.gov.kz/upload/medialibrary/cee/3rsfg8ps3xo19orb284esg4rx27ihqf7/%D0%9D%D0%B0%D1%86%D0%B8%D0%BE%D0%BD%D0%B0%D0%BB%D1%8C%D0%BD%D1%8B%D0%B9%20%D1%81%D0%BE%D1%81%D1%82%D0%B0%D0%B2.pdf,"Table 6, printed p. 243",source_named_language_lower_bound,gross_lower_bound_pending_intervention_edges,KZ-RUSSIAN-NATIVE-2021,direct_language_population_lower_bound,Russian native-language lower-bound subcell in Kazakhstan; not a Russian-family total.,false
EDGE-ISV-001-P02,EDGE-ISV-001,IL-ISV,Russian-literate cohort,ru-Cyrl,exact territory pending,ALG-KZ-P002,context_alternative_fluency,Russian,population-wide fluency measure,rus,Kazakhstan,,census_speaks_language_fluently_persons,persons,12310685,12310685,12310685,2021,ALG-S007,https://stat.gov.kz/upload/medialibrary/cee/3rsfg8ps3xo19orb284esg4rx27ihqf7/%D0%9D%D0%B0%D1%86%D0%B8%D0%BE%D0%BD%D0%B0%D0%BB%D1%8C%D0%BD%D1%8B%D0%B9%20%D1%81%D0%BE%D1%81%D1%82%D0%B0%D0%B2.pdf,"Table 8, printed p. 366",population_wide_language_proficiency_not_native_or_academic,context_or_written_ceiling_pending_literacy_evidence,KZ-RUSSIAN-PROF-2021,fluent_speaking_or_proficiency_context,Alternative Kazakhstan fluency measure; not native language or academic comfort and not additive with ALG-KZ-L002.,false
EDGE-ISV-001-P03,EDGE-ISV-001,IL-ISV,Russian-literate cohort,ru-Cyrl,exact territory pending,ALG-KG-L003,exact_territory_subcell_direct,Russian,national native-language total,rus,Kyrgyzstan,,census_native_language_persons,persons,304630,304630,304630,2022,ALG-S008,https://stat.gov.kg/media/publicationarchive/0f717d2d-5078-4e18-8b56-fb2a530462a2.pdf,"Table 3.8, printed p. 118",source_named_language_observation,gross_upper_bound_pending_intervention_edges,KG-NATIVE-2022,direct_language_population_observation,Russian native-language subcell in Kyrgyzstan.,false
EDGE-ISV-001-P04,EDGE-ISV-001,IL-ISV,Russian-literate cohort,ru-Cyrl,exact territory pending,ALG-TM-L003,exact_territory_subcell_direct,Russian,national mother-tongue category,rus,Turkmenistan,,census_mother_tongue_persons,persons,135565,135565,135565,2022,ALG-S009,https://stat.gov.tm/population-census-pdfs/results/en/4.pdf,Table 4.9,source_named_language_observation,gross_upper_bound_pending_intervention_edges,TM-MT-2022,direct_language_population_observation,Russian mother-tongue subcell in Turkmenistan.,false
EDGE-ISV-002-P00,EDGE-ISV-002,IL-ISV,Ukrainian-literate cohort,uk-Cyrl,exact territory pending,,none_present_in_current_population_master,,,,,,,,,,,,,,,,,,,No compatible exact population observation is linked; no package or family ceiling may be substituted.,false
EDGE-ISV-003-P00,EDGE-ISV-003,IL-ISV,Belarusian-literate cohort,be-Cyrl,exact territory pending,,none_present_in_current_population_master,,,,,,,,,,,,,,,,,,,No compatible exact population observation is linked; no package or family ceiling may be substituted.,false
EDGE-ISV-004-P00,EDGE-ISV-004,IL-ISV,Polish-literate cohort,pl-Latn,Poland and separately diaspora,,none_present_in_current_population_master,,,,,,,,,,,,,,,,,,,No compatible exact population observation is linked; no package or family ceiling may be substituted.,false
EDGE-ISV-005-P00,EDGE-ISV-005,IL-ISV,Czech-literate cohort,cs-Latn,Czechia,,none_present_in_current_population_master,,,,,,,,,,,,,,,,,,,No compatible exact population observation is linked; no package or family ceiling may be substituted.,false
EDGE-ISV-006-P00,EDGE-ISV-006,IL-ISV,Slovak-literate cohort,sk-Latn,Slovakia,,none_present_in_current_population_master,,,,,,,,,,,,,,,,,,,No compatible exact population observation is linked; no package or family ceiling may be substituted.,false
EDGE-ISV-007-P00,EDGE-ISV-007,IL-ISV,Slovene-literate cohort,sl-Latn,Slovenia,,none_present_in_current_population_master,,,,,,,,,,,,,,,,,,,No compatible exact population observation is linked; no package or family ceiling may be substituted.,false
EDGE-ISV-008-P00,EDGE-ISV-008,IL-ISV,Bosnian-standard cohort,bs-Latn,Bosnia and Herzegovina,,none_present_in_current_population_master,,,,,,,,,,,,,,,,,,,No compatible exact population observation is linked; no package or family ceiling may be substituted.,false
EDGE-ISV-009-P00,EDGE-ISV-009,IL-ISV,Croatian-standard cohort,hr-Latn,Croatia,,none_present_in_current_population_master,,,,,,,,,,,,,,,,,,,No compatible exact population observation is linked; no package or family ceiling may be substituted.,false
EDGE-ISV-010-P00,EDGE-ISV-010,IL-ISV,Montenegrin-standard cohort,cnr-Latn,Montenegro,,none_present_in_current_population_master,,,,,,,,,,,,,,,,,,,No compatible exact population observation is linked; no package or family ceiling may be substituted.,false
EDGE-ISV-011-P00,EDGE-ISV-011,IL-ISV,Serbian Latin-script reading cell,sr-Latn,Serbia,,none_present_in_current_population_master,,,,,,,,,,,,,,,,,,,No compatible exact population observation is linked; no package or family ceiling may be substituted.,false
EDGE-ISV-012-P00,EDGE-ISV-012,IL-ISV,Serbian Cyrillic-script reading cell,sr-Cyrl,Serbia,,none_present_in_current_population_master,,,,,,,,,,,,,,,,,,,No compatible exact population observation is linked; no package or family ceiling may be substituted.,false
EDGE-ISV-013-P00,EDGE-ISV-013,IL-ISV,Bulgarian-literate cohort,bg-Cyrl,Bulgaria,,none_present_in_current_population_master,,,,,,,,,,,,,,,,,,,No compatible exact population observation is linked; no package or family ceiling may be substituted.,false
EDGE-ISV-014-P00,EDGE-ISV-014,IL-ISV,Macedonian-literate cohort,mk-Cyrl,North Macedonia,,none_present_in_current_population_master,,,,,,,,,,,,,,,,,,,No compatible exact population observation is linked; no package or family ceiling may be substituted.,false
EDGE-ROM-000-P00,EDGE-ROM-000,IL-ROM,Proposed constructed pan-Romance surface,art-romance-hypothesis,no defensible pooled territory,,none_present_in_current_population_master,,,,,,,,,,,,,,,,,,,No compatible exact population observation is linked; no package or family ceiling may be substituted.,false
EDGE-ROM-001-P01,EDGE-ROM-001,IL-ROM,Spanish-standard cell,es,Spanish-language territories separately modeled,POP-PE-010,context_negative_control_subcell,Spanish,INEI source label Castellano,spa,Peru,Latin,census_language_learned_in_childhood_age3plus_persons,persons,23178478,23178478,23178478,2017,PM-S007,https://www.inei.gob.pe/media/MenuRecursivo/publicaciones_digitales/Est/Lib1544/00TOMO_01.pdf,"Cuadro 4, printed p. 618",negative_control,context_only_negative_control,,standalone_observation,Peru childhood-language Spanish observation; context only and not a global Spanish population.,false
EDGE-ROM-002-P00,EDGE-ROM-002,IL-ROM,Brazilian Portuguese cell,pt-BR,Brazil,,none_present_in_current_population_master,,,,,,,,,,,,,,,,,,,No compatible exact population observation is linked; no package or family ceiling may be substituted.,false
EDGE-ROM-003-P01,EDGE-ROM-003,IL-ROM,French-standard cell,fr,French-language territories separately modeled,POP-CA-002,context_negative_control_subcell,French,Canada 2021 mother tongue,fra,Canada,Latin,census_mother_tongue_persons_excluding_institutional_residents,persons,7189245,7189245,7189245,2021,PM-S009,https://www12.statcan.gc.ca/census-recensement/2021/dp-pd/prof/details/page.cfm?DGUIDlist=2021A000011124&GENDERlist=1&HEADERlist=14&LANG=E&STATISTIClist=1%2C4&SearchText=Canada,"Mother tongue section, Canada total",negative_control,context_only_negative_control,,standalone_observation,Canada French mother-tongue subcell; not a global French population.,false
EDGE-ROM-003-P02,EDGE-ROM-003,IL-ROM,French-standard cell,fr,French-language territories separately modeled,POP-MU-006,context_negative_control_subcell,French,Statistics Mauritius source label French,fra,Mauritius,Latin,language_usually_spoken_at_home_persons,persons,30039,30039,30039,2022,PM-S013,https://statsmauritius.govmu.org/Documents/Census_and_Surveys/Census2022/HPC_TR_Vol2_Demography_Yr22.pdf,"Table D9, printed p. 165",negative_control,context_only_negative_control,,standalone_observation,Mauritius home-language French subcell; not additive with other territories without a common-year design.,false
EDGE-ROM-004-P00,EDGE-ROM-004,IL-ROM,Italian-standard cell,it-Latn-IT,Italy,,none_present_in_current_population_master,,,,,,,,,,,,,,,,,,,No compatible exact population observation is linked; no package or family ceiling may be substituted.,false
EDGE-ROM-005-P00,EDGE-ROM-005,IL-ROM,Romanian-standard cell,ro-Latn-RO,Romania and Moldova profiles separate,,none_present_in_current_population_master,,,,,,,,,,,,,,,,,,,No compatible exact population observation is linked; no package or family ceiling may be substituted.,false
EDGE-ROM-006-P00,EDGE-ROM-006,IL-ROM,Catalan-standard cell,ca-Latn,Catalan territories separately modeled,,none_present_in_current_population_master,,,,,,,,,,,,,,,,,,,No compatible exact population observation is linked; no package or family ceiling may be substituted.,false
EDGE-ROM-007-P00,EDGE-ROM-007,IL-ROM,Galician-standard cell,gl-Latn-ES,Galicia,,none_present_in_current_population_master,,,,,,,,,,,,,,,,,,,No compatible exact population observation is linked; no package or family ceiling may be substituted.,false
EDGE-TUR-001-P00,EDGE-TUR-001,IL-TURKIC,Turkish-standard cell,tr-Latn-TR,Turkey,,none_present_in_current_population_master,,,,,,,,,,,,,,,,,,,No compatible exact population observation is linked; no package or family ceiling may be substituted.,false
EDGE-TUR-002-P00,EDGE-TUR-002,IL-TURKIC,Azerbaijani-standard cell,az-Latn-AZ,Azerbaijan,,none_present_in_current_population_master,,,,,,,,,,,,,,,,,,,No compatible exact population observation is linked; no package or family ceiling may be substituted.,false
EDGE-TUR-003-P01,EDGE-TUR-003,IL-TURKIC,Turkmen-standard cell,tk-Latn-TM,Turkmenistan,ALG-TM-L001,direct_exact_territory_language_observation,Turkmen,national mother-tongue category,tuk,Turkmenistan,,census_mother_tongue_persons,persons,6297965,6297965,6297965,2022,ALG-S009,https://stat.gov.tm/population-census-pdfs/results/en/4.pdf,Table 4.9,source_named_language_observation,gross_upper_bound_pending_intervention_edges,TM-MT-2022,direct_language_population_observation,National Turkmen mother-tongue count.,false
EDGE-TUR-004-P00,EDGE-TUR-004,IL-TURKIC,Gagauz-standard cell,gag-Latn,Moldova exact communities,,none_present_in_current_population_master,,,,,,,,,,,,,,,,,,,No compatible exact population observation is linked; no package or family ceiling may be substituted.,false
EDGE-TUR-005-P01,EDGE-TUR-005,IL-TURKIC,Kazakh-standard cell,kk-Cyrl-KZ,Kazakhstan,ALG-KZ-L001,direct_exact_territory_lower_bound,Kazakh,nationality-scoped native-language lower bound,kaz,Kazakhstan,,census_native_language_of_own_nationality_persons,persons,13380107,13380107,13380107,2021,ALG-S007,https://stat.gov.kz/upload/medialibrary/cee/3rsfg8ps3xo19orb284esg4rx27ihqf7/%D0%9D%D0%B0%D1%86%D0%B8%D0%BE%D0%BD%D0%B0%D0%BB%D1%8C%D0%BD%D1%8B%D0%B9%20%D1%81%D0%BE%D1%81%D1%82%D0%B0%D0%B2.pdf,"Table 6, printed p. 243",source_named_language_lower_bound,gross_lower_bound_pending_intervention_edges,KZ-KAZAKH-NATIVE-2021,direct_language_population_lower_bound,Kazakh native-language lower bound within Kazakh nationality; excludes cross-nationality speakers.,false
EDGE-TUR-005-P02,EDGE-TUR-005,IL-TURKIC,Kazakh-standard cell,kk-Cyrl-KZ,Kazakhstan,ALG-KZ-P001,context_alternative_fluency,Kazakh,population-wide fluency measure,kaz,Kazakhstan,,census_speaks_language_fluently_persons,persons,12670407,12670407,12670407,2021,ALG-S007,https://stat.gov.kz/upload/medialibrary/cee/3rsfg8ps3xo19orb284esg4rx27ihqf7/%D0%9D%D0%B0%D1%86%D0%B8%D0%BE%D0%BD%D0%B0%D0%BB%D1%8C%D0%BD%D1%8B%D0%B9%20%D1%81%D0%BE%D1%81%D1%82%D0%B0%D0%B2.pdf,"Table 8, printed p. 366",population_wide_language_proficiency_not_native_or_academic,context_or_written_ceiling_pending_literacy_evidence,KZ-KAZAKH-PROF-2021,fluent_speaking_or_proficiency_context,Alternative Kazakhstan fluency measure; not native language or academic comfort and not additive with ALG-KZ-L001.,false
EDGE-TUR-006-P01,EDGE-TUR-006,IL-TURKIC,Kyrgyz-standard cell,ky-Cyrl-KG,Kyrgyzstan,ALG-KG-L001,direct_exact_territory_language_observation,Kyrgyz,national native-language total,kir,Kyrgyzstan,,census_native_language_persons,persons,5527168,5527168,5527168,2022,ALG-S008,https://stat.gov.kg/media/publicationarchive/0f717d2d-5078-4e18-8b56-fb2a530462a2.pdf,"Table 3.8, printed p. 118",source_named_language_observation,gross_upper_bound_pending_intervention_edges,KG-NATIVE-2022,direct_language_population_observation,National Kyrgyz native-language total.,false
EDGE-TUR-007-P00,EDGE-TUR-007,IL-TURKIC,Tatar-standard cell,tt-Cyrl-RU,Russian Federation,,none_present_in_current_population_master,,,,,,,,,,,,,,,,,,,No compatible exact population observation is linked; no package or family ceiling may be substituted.,false
EDGE-TUR-008-P00,EDGE-TUR-008,IL-TURKIC,Bashkir-standard cell,ba-Cyrl-RU,Russian Federation,,none_present_in_current_population_master,,,,,,,,,,,,,,,,,,,No compatible exact population observation is linked; no package or family ceiling may be substituted.,false
EDGE-TUR-009-P01,EDGE-TUR-009,IL-TURKIC,Uzbek-standard cell,uz-Latn-UZ,Uzbekistan,ALG-UZ-L001,direct_rounded_preliminary_context,Uzbek,preliminary national mother-tongue category; published rounded,uzb,Uzbekistan,,preliminary_census_mother_tongue_persons_rounded,persons,35650000,35700000,35749999,2026,ALG-S018,https://stat.uz/ru/press-tsentr/novosti-goskomstata/68978-a-oli-va-ishlo-kh-zhaligini-r-jkhatga-olish-tadbirining-dastlabki-natizhalariga-ba-ishlangan-konferentsiya-tkazildi-3,Preliminary-results paragraph published 2026-06-30,source_named_label_pending_edition_profile_evidence,context_or_sensitivity_only,UZ-MT-2026,direct_language_population_pending_exact_target_mapping,Preliminary rounded Uzbek mother-tongue range; exact target mapping remains pending.,false
EDGE-TUR-010-P01,EDGE-TUR-010,IL-TURKIC,Uyghur-standard cell,ug-Arab-CN,Xinjiang and diaspora,ALG-KZ-L004,diaspora_lower_bound_subcell,Uyghur,nationality-scoped native-language lower bound,uig,Kazakhstan,,census_native_language_of_own_nationality_persons,persons,247322,247322,247322,2021,ALG-S007,https://stat.gov.kz/upload/medialibrary/cee/3rsfg8ps3xo19orb284esg4rx27ihqf7/%D0%9D%D0%B0%D1%86%D0%B8%D0%BE%D0%BD%D0%B0%D0%BB%D1%8C%D0%BD%D1%8B%D0%B9%20%D1%81%D0%BE%D1%81%D1%82%D0%B0%D0%B2.pdf,"Table 6, printed p. 243",source_named_language_lower_bound,gross_lower_bound_pending_intervention_edges,KZ-UYGHUR-NATIVE-2021,direct_language_population_lower_bound,Uyghur native-language lower-bound subcell in Kazakhstan; not Xinjiang and not a global total.,false
EDGE-TUR-010-P02,EDGE-TUR-010,IL-TURKIC,Uyghur-standard cell,ug-Arab-CN,Xinjiang and diaspora,ALG-KG-L006,diaspora_lower_bound_subcell,Uyghur,ethnicity-scoped native-language lower bound,uig,Kyrgyzstan,,census_native_language_of_own_ethnic_group_persons,persons,17220,17220,17220,2022,ALG-S008,https://stat.gov.kg/media/publicationarchive/0f717d2d-5078-4e18-8b56-fb2a530462a2.pdf,"Table 3.8, printed p. 118",source_named_language_lower_bound,gross_lower_bound_pending_intervention_edges,KG-UYGHUR-NATIVE-2022,direct_language_population_lower_bound,Uyghur native-language lower-bound subcell in Kyrgyzstan; not Xinjiang and not additive across years without explicit union rules.,false
EDGE-GER-001-P00,EDGE-GER-001,IL-GERM,Dutch-standard cell,nl-Latn,Netherlands and Belgium profiles separate,,none_present_in_current_population_master,,,,,,,,,,,,,,,,,,,No compatible exact population observation is linked; no package or family ceiling may be substituted.,false
EDGE-GER-002-P01,EDGE-GER-002,IL-GERM,Afrikaans-standard cell,af-Latn,South Africa and Namibia cells separate,ZA-AFR-2022,direct_exact_territory_language_observation,Afrikaans,Census category: Afrikaans; edition variety/standard unresolved,afr,South Africa,Latin,census_language_most_often_spoken_in_household_persons_age_1_plus,persons,6365488,6365488,6365488,2022,ZA-S001,https://www.statssa.gov.za/publications/Census2022inBrief/Census2022inBriefJune2024.pdf,"Table 3.8 (2), printed p. 27; PDF p. 35; South Africa total column",gross_named_spoken_language_observation,gross_upper_bound_pending_intervention_edges,ZA-CENSUS-2022-HOUSEHOLD-LANGUAGE,mutually_exclusive_census_response_category,South African household-language observation; not total Afrikaans speakers or academic comfort.,false
EDGE-GER-003-P00,EDGE-GER-003,IL-GERM,Low German exact-standard cell,nds-Latn-DE,Germany and diaspora cells separate,,none_present_in_current_population_master,,,,,,,,,,,,,,,,,,,No compatible exact population observation is linked; no package or family ceiling may be substituted.,false
EDGE-GER-004-P00,EDGE-GER-004,IL-GERM,Plautdietsch cell,pdt-Latn,exact diaspora territories separate,,none_present_in_current_population_master,,,,,,,,,,,,,,,,,,,No compatible exact population observation is linked; no package or family ceiling may be substituted.,false
EDGE-GER-005-P00,EDGE-GER-005,IL-GERM,Pennsylvania Dutch cell,pdc-Latn,United States exact communities,,none_present_in_current_population_master,,,,,,,,,,,,,,,,,,,No compatible exact population observation is linked; no package or family ceiling may be substituted.,false
EDGE-GER-006-P00,EDGE-GER-006,IL-GERM,Hutterisch cell,geh-Latn,North American communities,,none_present_in_current_population_master,,,,,,,,,,,,,,,,,,,No compatible exact population observation is linked; no package or family ceiling may be substituted.,false
EDGE-GER-007-P00,EDGE-GER-007,IL-GERM,West Frisian cell,fy-Latn-NL,Netherlands,,none_present_in_current_population_master,,,,,,,,,,,,,,,,,,,No compatible exact population observation is linked; no package or family ceiling may be substituted.,false
EDGE-GER-008-P00,EDGE-GER-008,IL-GERM,Yiddish exact-register cell,yi-Hebr,diaspora territories separate,,none_present_in_current_population_master,,,,,,,,,,,,,,,,,,,No compatible exact population observation is linked; no package or family ceiling may be substituted.,false
EDGE-GER-009-P00,EDGE-GER-009,IL-GERM,Scots cell,sco-Latn-GB,Scotland,,none_present_in_current_population_master,,,,,,,,,,,,,,,,,,,No compatible exact population observation is linked; no package or family ceiling may be substituted.,false
EDGE-GER-010-P00,EDGE-GER-010,IL-GERM,Faroese cell,fo-Latn-FO,Faroe Islands,,none_present_in_current_population_master,,,,,,,,,,,,,,,,,,,No compatible exact population observation is linked; no package or family ceiling may be substituted.,false
EDGE-IDMS-001-P01,EDGE-IDMS-001,IL-IDMS,Indonesian standard cell,id-Latn-ID,Indonesia,POP-ID-002,direct_exact_territory_home_language_observation,Indonesian,BPS source label Indonesia,ind,Indonesia,Latin,daily_language_at_home_age5plus_persons,persons,42682566,42682566,42682566,2010,PM-S005,https://www.bps.go.id/en/publication/2012/05/23/55eca38b7fe0830834605b35/nationality--ethnicity--religion--and-dailylanguage-of-indonesian-population.html,"Table L4.1, printed p. 47",source_named_language_observation,gross_upper_bound_pending_intervention_edges,,standalone_observation,Indonesian daily-home-language count aged 5+; not total reachable Indonesian readership.,false
EDGE-IDMS-002-P00,EDGE-IDMS-002,IL-IDMS,Malaysian Malay Rumi cell,ms-Latn-MY,Malaysia,,none_present_in_current_population_master,,,,,,,,,,,,,,,,,,,No compatible exact population observation is linked; no package or family ceiling may be substituted.,false
EDGE-IDMS-003-P00,EDGE-IDMS-003,IL-IDMS,Malaysian Malay Jawi-reading stratum,ms-Arab-MY,Malaysia,,none_present_in_current_population_master,,,,,,,,,,,,,,,,,,,No compatible exact population observation is linked; no package or family ceiling may be substituted.,false
EDGE-IDMS-004-P00,EDGE-IDMS-004,IL-IDMS,Brunei Malay educational-standard cell,ms-Latn-BN,Brunei,,none_present_in_current_population_master,,,,,,,,,,,,,,,,,,,No compatible exact population observation is linked; no package or family ceiling may be substituted.,false
EDGE-SCAND-001-P00,EDGE-SCAND-001,IL-SCAND,Danish-standard cell,da-Latn-DK,Denmark,,none_present_in_current_population_master,,,,,,,,,,,,,,,,,,,No compatible exact population observation is linked; no package or family ceiling may be substituted.,false
EDGE-SCAND-002-P00,EDGE-SCAND-002,IL-SCAND,Norwegian Bokmal cell,nb-Latn-NO,Norway,,none_present_in_current_population_master,,,,,,,,,,,,,,,,,,,No compatible exact population observation is linked; no package or family ceiling may be substituted.,false
EDGE-SCAND-003-P00,EDGE-SCAND-003,IL-SCAND,Norwegian Nynorsk cell,nn-Latn-NO,Norway,,none_present_in_current_population_master,,,,,,,,,,,,,,,,,,,No compatible exact population observation is linked; no package or family ceiling may be substituted.,false
EDGE-SCAND-004-P00,EDGE-SCAND-004,IL-SCAND,Swedish-standard cell,sv-Latn-SE,Sweden,,none_present_in_current_population_master,,,,,,,,,,,,,,,,,,,No compatible exact population observation is linked; no package or family ceiling may be substituted.,false
EDGE-AR-001-P00,EDGE-AR-001,IL-AR,Readers comfortable with Modern Standard Arabic,ar,territories separately modeled,,none_present_in_current_population_master,,,,,,,,,,,,,,,,,,,No compatible exact population observation is linked; no package or family ceiling may be substituted.,false
EDGE-AR-002-P00,EDGE-AR-002,IL-AR,Egyptian Arabic scaffold users,arz-Arab-EG,Egypt,,none_present_in_current_population_master,,,,,,,,,,,,,,,,,,,No compatible exact population observation is linked; no package or family ceiling may be substituted.,false
EDGE-AR-003-P00,EDGE-AR-003,IL-AR,Levantine Arabic scaffold users,apc-Arab,Levant exact country cells,,none_present_in_current_population_master,,,,,,,,,,,,,,,,,,,No compatible exact population observation is linked; no package or family ceiling may be substituted.,false
EDGE-AR-004-P00,EDGE-AR-004,IL-AR,Mesopotamian Arabic scaffold users,acm-Arab-IQ,Iraq,,none_present_in_current_population_master,,,,,,,,,,,,,,,,,,,No compatible exact population observation is linked; no package or family ceiling may be substituted.,false
EDGE-AR-005-P00,EDGE-AR-005,IL-AR,Gulf Arabic scaffold users,afb-Arab,exact Gulf country cells,,none_present_in_current_population_master,,,,,,,,,,,,,,,,,,,No compatible exact population observation is linked; no package or family ceiling may be substituted.,false
EDGE-AR-006-P00,EDGE-AR-006,IL-AR,Moroccan Arabic scaffold users,ary-Arab-MA,Morocco,,none_present_in_current_population_master,,,,,,,,,,,,,,,,,,,No compatible exact population observation is linked; no package or family ceiling may be substituted.,false
EDGE-AR-007-P00,EDGE-AR-007,IL-AR,Tunisian Arabic scaffold users,aeb-Arab-TN,Tunisia,,none_present_in_current_population_master,,,,,,,,,,,,,,,,,,,No compatible exact population observation is linked; no package or family ceiling may be substituted.,false
EDGE-AR-008-P00,EDGE-AR-008,IL-AR,Sudanese Arabic scaffold users,apd-Arab-SD,Sudan,,none_present_in_current_population_master,,,,,,,,,,,,,,,,,,,No compatible exact population observation is linked; no package or family ceiling may be substituted.,false
EDGE-PDT-001-P00,EDGE-PDT-001,IL-PDT,Iranian Persian cell,fa-Arab-IR,Iran,,none_present_in_current_population_master,,,,,,,,,,,,,,,,,,,No compatible exact population observation is linked; no package or family ceiling may be substituted.,false
EDGE-PDT-002-P00,EDGE-PDT-002,IL-PDT,Dari-standard cell,prs-Arab-AF,Afghanistan and displaced cells,,none_present_in_current_population_master,,,,,,,,,,,,,,,,,,,No compatible exact population observation is linked; no package or family ceiling may be substituted.,false
EDGE-PDT-003-P00,EDGE-PDT-003,IL-PDT,Tajik-standard cell,tg-Cyrl-TJ,Tajikistan,,none_present_in_current_population_master,,,,,,,,,,,,,,,,,,,No compatible exact population observation is linked; no package or family ceiling may be substituted.,false
EDGE-BCMS-001-P00,EDGE-BCMS-001,IL-BCMS,Bosnian-standard cell,bs-Latn,Bosnia and Herzegovina,,none_present_in_current_population_master,,,,,,,,,,,,,,,,,,,No compatible exact population observation is linked; no package or family ceiling may be substituted.,false
EDGE-BCMS-002-P00,EDGE-BCMS-002,IL-BCMS,Croatian-standard cell,hr-Latn,Croatia,,none_present_in_current_population_master,,,,,,,,,,,,,,,,,,,No compatible exact population observation is linked; no package or family ceiling may be substituted.,false
EDGE-BCMS-003-P00,EDGE-BCMS-003,IL-BCMS,Montenegrin-standard cell,cnr-Latn,Montenegro,,none_present_in_current_population_master,,,,,,,,,,,,,,,,,,,No compatible exact population observation is linked; no package or family ceiling may be substituted.,false
EDGE-BCMS-004-P00,EDGE-BCMS-004,IL-BCMS,Serbian Latin-reading stratum,sr-Latn,Serbia,,none_present_in_current_population_master,,,,,,,,,,,,,,,,,,,No compatible exact population observation is linked; no package or family ceiling may be substituted.,false
EDGE-BCMS-005-P00,EDGE-BCMS-005,IL-BCMS,Serbian Cyrillic-reading stratum,sr-Cyrl,Serbia,,none_present_in_current_population_master,,,,,,,,,,,,,,,,,,,No compatible exact population observation is linked; no package or family ceiling may be substituted.,false
EDGE-HU-001-P01,EDGE-HU-001,IL-HU,Standard Hindi-oriented cell,hi-Deva-IN,India,POP-IN-COMP-006,preferred_same_name_component_existing_edition_baseline,Hindi,C-16 same-name mother-tongue component: Hindi; edition orthography separately evidenced,hin,India,Devanagari,census_same_name_mother_tongue_component_persons,persons,322230097,322230097,322230097,2011,PM-S001,https://censusindia.gov.in/nada/index.php/catalog/42458/download/46089/C-16_25062018.pdf,"Statement 1, printed pp. 5-6; Statement 1 same-name mother-tongue component",same_name_mother_tongue_component_preferred_for_standard_edition,gross_upper_bound_pending_intervention_edges,ALT-POP-IN-006-CATEGORY-COMPONENT,same_name_component_preferred_over_parent_aggregate,Preferred same-name Hindi component; existing complete Hindi edition makes this baseline rather than new reach.,false
EDGE-HU-001-P02,EDGE-HU-001,IL-HU,Standard Hindi-oriented cell,hi-Deva-IN,India,POP-IN-006,parent_aggregate_context_nonadditive,Hindi,C-16 Hindi census language umbrella,hin:ORGI-006,India,Devanagari,census_mother_tongue_persons,persons,528347193,528347193,528347193,2011,PM-S001,https://censusindia.gov.in/nada/index.php/catalog/42458/download/46089/C-16_25062018.pdf,"Statement 1, printed pp. 5-6",c16_census_language_aggregate,context_category_parent_superseded_for_standard_edition_by_same_name_component,ALT-POP-IN-006-CATEGORY-COMPONENT,scheduled_language_category_parent_context,Hindi census-language parent aggregate; never sum with POP-IN-COMP-006 and never treat as Standard Hindi reach.,false
EDGE-HU-002-P01,EDGE-HU-002,IL-HU,Pakistani Urdu cell,ur-Arab-PK,Pakistan,POP-PK-001,direct_exact_territory_language_observation,Urdu,Pakistan 2023 mother-tongue category,urd,Pakistan,Perso-Arabic,census_mother_tongue_persons,persons,22249307,22249307,22249307,2023,PM-S003,https://www.pbs.gov.pk/wp-content/uploads/census_tables/tables/table_11_national.pdf,"Table 11, national all-localities all-sexes row",source_named_language_observation,gross_upper_bound_pending_intervention_edges,,standalone_observation,Pakistan Urdu mother-tongue count; not total Urdu knowledge.,false
EDGE-HU-003-P01,EDGE-HU-003,IL-HU,Indian Urdu cell,ur-Arab-IN,India,POP-IN-COMP-022,preferred_same_name_component,Urdu,C-16 same-name mother-tongue component: Urdu; edition orthography separately evidenced,urd,India,Perso-Arabic,census_same_name_mother_tongue_component_persons,persons,50725762,50725762,50725762,2011,PM-S001,https://censusindia.gov.in/nada/index.php/catalog/42458/download/46089/C-16_25062018.pdf,"Statement 1, printed p. 7; Statement 1 same-name mother-tongue component",same_name_mother_tongue_component_preferred_for_standard_edition,gross_upper_bound_pending_intervention_edges,ALT-POP-IN-022-CATEGORY-COMPONENT,same_name_component_preferred_over_parent_aggregate,Preferred India same-name Urdu component.,false
EDGE-HU-003-P02,EDGE-HU-003,IL-HU,Indian Urdu cell,ur-Arab-IN,India,POP-IN-022,parent_aggregate_context_nonadditive,Urdu,C-16 Urdu census language category,urd,India,Perso-Arabic,census_mother_tongue_persons,persons,50772631,50772631,50772631,2011,PM-S001,https://censusindia.gov.in/nada/index.php/catalog/42458/download/46089/C-16_25062018.pdf,"Statement 1, printed p. 7",c16_census_language_aggregate,context_category_parent_superseded_for_standard_edition_by_same_name_component,ALT-POP-IN-022-CATEGORY-COMPONENT,scheduled_language_category_parent_context,India Urdu census-language parent aggregate; never sum with POP-IN-COMP-022.,false
EDGE-PNJ-001-P01,EDGE-PNJ-001,IL-PUNJABI,Eastern Punjabi Gurmukhi cell,pa-Guru-IN,India,POP-IN-COMP-016,preferred_same_name_component,Punjabi,C-16 same-name mother-tongue component: Punjabi; edition orthography separately evidenced,pan,India,Gurmukhi,census_same_name_mother_tongue_component_persons,persons,31144095,31144095,31144095,2011,PM-S001,https://censusindia.gov.in/nada/index.php/catalog/42458/download/46089/C-16_25062018.pdf,"Statement 1, printed p. 7; Statement 1 same-name mother-tongue component",same_name_mother_tongue_component_preferred_for_standard_edition,gross_upper_bound_pending_intervention_edges,ALT-POP-IN-016-CATEGORY-COMPONENT,same_name_component_preferred_over_parent_aggregate,Preferred India same-name Punjabi component; edition/script fit remains separately evidenced.,false
EDGE-PNJ-001-P02,EDGE-PNJ-001,IL-PUNJABI,Eastern Punjabi Gurmukhi cell,pa-Guru-IN,India,POP-IN-016,parent_aggregate_context_nonadditive,Punjabi,C-16 Punjabi census language category,pan,India,Gurmukhi,census_mother_tongue_persons,persons,33124726,33124726,33124726,2011,PM-S001,https://censusindia.gov.in/nada/index.php/catalog/42458/download/46089/C-16_25062018.pdf,"Statement 1, printed p. 7",c16_census_language_aggregate,context_category_parent_superseded_for_standard_edition_by_same_name_component,ALT-POP-IN-016-CATEGORY-COMPONENT,scheduled_language_category_parent_context,India Punjabi census-language parent aggregate; never sum with POP-IN-COMP-016.,false
EDGE-PNJ-002-P01,EDGE-PNJ-002,IL-PUNJABI,Western Punjabi Shahmukhi cell,pnb-Arab-PK,Pakistan,POP-PK-002,direct_exact_territory_language_observation,Punjabi,Pakistan 2023 Punjabi category,pnb,Pakistan,Perso-Arabic,census_mother_tongue_persons,persons,88915544,88915544,88915544,2023,PM-S003,https://www.pbs.gov.pk/wp-content/uploads/census_tables/tables/table_11_national.pdf,"Table 11, national row",source_named_language_observation,gross_upper_bound_pending_intervention_edges,,standalone_observation,Pakistan Punjabi mother-tongue category; exact Shahmukhi edition mapping remains a separate editorial decision.,false
EDGE-NGU-001-P01,EDGE-NGU-001,IL-NGUNI,isiZulu-standard cell,zu-Latn-ZA,South Africa,ZA-ZUL-2022,direct_exact_territory_household_language_observation,isiZulu,Census category: IsiZulu; edition variety/standard unresolved,zul,South Africa,Latin,census_language_most_often_spoken_in_household_persons_age_1_plus,persons,14613202,14613202,14613202,2022,ZA-S001,https://www.statssa.gov.za/publications/Census2022inBrief/Census2022inBriefJune2024.pdf,"Table 3.8 (2), printed p. 27; PDF p. 35; South Africa total column",gross_named_spoken_language_observation,gross_upper_bound_pending_intervention_edges,ZA-CENSUS-2022-HOUSEHOLD-LANGUAGE,mutually_exclusive_census_response_category,South Africa household-language observation; no combined Nguni reach.,false
EDGE-NGU-002-P01,EDGE-NGU-002,IL-NGUNI,isiXhosa-standard cell,xh-Latn-ZA,South Africa,ZA-XHO-2022,direct_exact_territory_household_language_observation,isiXhosa,Census category: IsiXhosa; edition variety/standard unresolved,xho,South Africa,Latin,census_language_most_often_spoken_in_household_persons_age_1_plus,persons,9786928,9786928,9786928,2022,ZA-S001,https://www.statssa.gov.za/publications/Census2022inBrief/Census2022inBriefJune2024.pdf,"Table 3.8 (2), printed p. 27; PDF p. 35; South Africa total column",gross_named_spoken_language_observation,gross_upper_bound_pending_intervention_edges,ZA-CENSUS-2022-HOUSEHOLD-LANGUAGE,mutually_exclusive_census_response_category,South Africa household-language observation; no combined Nguni reach.,false
EDGE-NGU-003-P01,EDGE-NGU-003,IL-NGUNI,siSwati-standard cell,ss-Latn,South Africa and Eswatini cells separate,ZA-SSW-2022,direct_exact_territory_household_language_observation,siSwati,Census category: SiSwati; edition variety/standard unresolved,ssw,South Africa,Latin,census_language_most_often_spoken_in_household_persons_age_1_plus,persons,1692719,1692719,1692719,2022,ZA-S001,https://www.statssa.gov.za/publications/Census2022inBrief/Census2022inBriefJune2024.pdf,"Table 3.8 (2), printed p. 27; PDF p. 35; South Africa total column",gross_named_spoken_language_observation,gross_upper_bound_pending_intervention_edges,ZA-CENSUS-2022-HOUSEHOLD-LANGUAGE,mutually_exclusive_census_response_category,South Africa siSwati household-language subcell only; Eswatini requires a separate observation.,false
EDGE-NGU-004-P01,EDGE-NGU-004,IL-NGUNI,Southern Ndebele standard cell,nr-Latn-ZA,South Africa,ZA-NBL-2022,direct_exact_territory_household_language_observation,isiNdebele,Census category: IsiNdebele; edition variety/standard unresolved,nbl,South Africa,Latin,census_language_most_often_spoken_in_household_persons_age_1_plus,persons,1044377,1044377,1044377,2022,ZA-S001,https://www.statssa.gov.za/publications/Census2022inBrief/Census2022inBriefJune2024.pdf,"Table 3.8 (2), printed p. 27; PDF p. 35; South Africa total column",gross_named_spoken_language_observation,gross_upper_bound_pending_intervention_edges,ZA-CENSUS-2022-HOUSEHOLD-LANGUAGE,mutually_exclusive_census_response_category,South Africa isiNdebele household-language observation; Zimbabwean Ndebele is excluded.,false
EDGE-SOT-001-P01,EDGE-SOT-001,IL-SOTHO,Northern Sotho standard cell,nso-Latn-ZA,South Africa,ZA-NSO-2022,direct_exact_territory_household_language_observation,Sepedi,Census category: Sepedi; edition variety/standard unresolved,nso,South Africa,Latin,census_language_most_often_spoken_in_household_persons_age_1_plus,persons,5972255,5972255,5972255,2022,ZA-S001,https://www.statssa.gov.za/publications/Census2022inBrief/Census2022inBriefJune2024.pdf,"Table 3.8 (2), printed p. 27; PDF p. 35; South Africa total column",gross_named_spoken_language_observation,gross_upper_bound_pending_intervention_edges,ZA-CENSUS-2022-HOUSEHOLD-LANGUAGE,mutually_exclusive_census_response_category,South Africa Sepedi household-language observation; no combined Sotho-Tswana reach.,false
EDGE-SOT-002-P01,EDGE-SOT-002,IL-SOTHO,Tswana standard cell,tn-Latn,South Africa and Botswana cells separate,ZA-TSN-2022,direct_exact_territory_household_language_observation,Setswana,Census category: Setswana; edition variety/standard unresolved,tsn,South Africa,Latin,census_language_most_often_spoken_in_household_persons_age_1_plus,persons,4972787,4972787,4972787,2022,ZA-S001,https://www.statssa.gov.za/publications/Census2022inBrief/Census2022inBriefJune2024.pdf,"Table 3.8 (2), printed p. 27; PDF p. 35; South Africa total column",gross_named_spoken_language_observation,gross_upper_bound_pending_intervention_edges,ZA-CENSUS-2022-HOUSEHOLD-LANGUAGE,mutually_exclusive_census_response_category,South Africa Setswana household-language subcell; Botswana requires a separate observation.,false
EDGE-SOT-003-P01,EDGE-SOT-003,IL-SOTHO,Southern Sotho standard cell,st-Latn,South Africa and Lesotho cells separate,ZA-SOT-2022,direct_exact_territory_household_language_observation,Sesotho,Census category: Sesotho; edition variety/standard unresolved,sot,South Africa,Latin,census_language_most_often_spoken_in_household_persons_age_1_plus,persons,4678964,4678964,4678964,2022,ZA-S001,https://www.statssa.gov.za/publications/Census2022inBrief/Census2022inBriefJune2024.pdf,"Table 3.8 (2), printed p. 27; PDF p. 35; South Africa total column",gross_named_spoken_language_observation,gross_upper_bound_pending_intervention_edges,ZA-CENSUS-2022-HOUSEHOLD-LANGUAGE,mutually_exclusive_census_response_category,South Africa Sesotho household-language subcell; Lesotho requires a separate observation.,false
EDGE-MAN-001-P01,EDGE-MAN-001,IL-MANDING,Bambara Latin-standard cell,bm-Latn-ML,Mali,POP-ML-AFG-001,direct_language_observation_orthography_pending,Bambara/Bamanankan,Bambara/Bamanankan mother-tongue census category,bam,Mali,not asserted by population source,census_mother_tongue_persons_age_3_plus,persons,9551561,9551561,9551561,2022,AFG-S008,https://bibliostat.instat.ml/greenstone3/library/collection/dmograph/document/HASH01e98829c5a7e2847f521a98?ed=1,"Tableau 3.01, printed p.25, Ensemble cell for Bambara/Bamanankan",exact_source_language_label_editorial_iso_mapping_pending_central_review,gross_upper_bound_pending_intervention_edges,MLI_RGPH5_MOTHER_TONGUE_EXCLUSIVE,mutually_exclusive_mother_tongue_category,Mali Bambara/Bamanankan mother-tongue count; census does not establish Latin-script literacy.,false
EDGE-MAN-002-P01,EDGE-MAN-002,IL-MANDING,Maninka exact-national-standard cell,man-Latn,Guinea and neighboring cells separate,POP-ML-AFG-003,context_aggregate_not_assignable,Malinké/Maninkakan,Malinké/Maninkakan mother-tongue aggregate,,Mali,not asserted by population source,census_mother_tongue_persons_age_3_plus,persons,1360096,1360096,1360096,2022,AFG-S008,https://bibliostat.instat.ml/greenstone3/library/collection/dmograph/document/HASH01e98829c5a7e2847f521a98?ed=1,"Tableau 3.01, printed p.25, Ensemble cell for Malinké/Maninkakan",source_language_aggregate_requires_variety_resolution,gross_upper_bound_pending_intervention_edges,MLI_RGPH5_MOTHER_TONGUE_EXCLUSIVE,mutually_exclusive_mother_tongue_aggregate_category,Mali Malinké/Maninkakan source aggregate; not assigned to one Maninka edition.,false
EDGE-MAN-003-P01,EDGE-MAN-003,IL-MANDING,Jula Latin-standard cell,dyu-Latn-CI,Cote d'Ivoire and cross-border cells separate,POP-CI-AFG-002,context_survey_aggregate_not_population_count,Malinké / Dioula,Malinké / Dioula combined Q2 category,,Côte d’Ivoire,not asserted by population source,probability_survey_primary_home_language_weighted_share,percent_of_valid_weighted_adult_respondents,12.479456,12.479456,12.479456,2021,AFG-S005,https://www.afrobarometer.org/wp-content/uploads/2023/06/afrobarometer_release-dataset_cdi_r9_fr_2023-03-01.sav,SAV Q2 code 1276; DATEINTR 2021-11-30 to 2021-12-10; weight withinwt_hh; valid Q2 n=1200,source_language_aggregate_requires_variety_resolution,context_or_sensitivity_only_until_population_scaling_and_intervention_edges,CIV_ABR9_Q2_MUTUALLY_EXCLUSIVE,mutually_exclusive_primary_home_language_aggregate_category,Côte d’Ivoire weighted adult home-language share combines Malinké and Dioula; not a Jula-only person count.,false
EDGE-MAN-004-P01,EDGE-MAN-004,IL-MANDING,Bambara N'Ko-literate stratum,bm-Nkoo-ML,Mali,POP-ML-AFG-001,language_population_only_script_stratum_missing,Bambara/Bamanankan,Bambara/Bamanankan mother-tongue census category,bam,Mali,not asserted by population source,census_mother_tongue_persons_age_3_plus,persons,9551561,9551561,9551561,2022,AFG-S008,https://bibliostat.instat.ml/greenstone3/library/collection/dmograph/document/HASH01e98829c5a7e2847f521a98?ed=1,"Tableau 3.01, printed p.25, Ensemble cell for Bambara/Bamanankan",exact_source_language_label_editorial_iso_mapping_pending_central_review,gross_upper_bound_pending_intervention_edges,MLI_RGPH5_MOTHER_TONGUE_EXCLUSIVE,mutually_exclusive_mother_tongue_category,"Bambara population observation exists, but N'Ko literacy stratum is absent and cannot inherit the full count.",false
EDGE-MAN-005-P01,EDGE-MAN-005,IL-MANDING,Maninka N'Ko-literate stratum,man-Nkoo,exact territory pending,POP-ML-AFG-003,context_aggregate_and_script_stratum_missing,Malinké/Maninkakan,Malinké/Maninkakan mother-tongue aggregate,,Mali,not asserted by population source,census_mother_tongue_persons_age_3_plus,persons,1360096,1360096,1360096,2022,AFG-S008,https://bibliostat.instat.ml/greenstone3/library/collection/dmograph/document/HASH01e98829c5a7e2847f521a98?ed=1,"Tableau 3.01, printed p.25, Ensemble cell for Malinké/Maninkakan",source_language_aggregate_requires_variety_resolution,gross_upper_bound_pending_intervention_edges,MLI_RGPH5_MOTHER_TONGUE_EXCLUSIVE,mutually_exclusive_mother_tongue_aggregate_category,"Maninka aggregate context exists, but exact variety and N'Ko literacy stratum are absent.",false
EDGE-SQ-001-P01,EDGE-SQ-001,IL-SQUECHUA,Ayacucho Quechua cell,quy-Latn-PE,Peru,POP-PE-001,context_macro_aggregate_not_assignable,Quechua,INEI Quechua aggregate,que:INEI,Peru,Latin,census_language_learned_in_childhood_age3plus_persons,persons,3799780,3799780,3799780,2017,PM-S007,https://www.inei.gob.pe/media/MenuRecursivo/publicaciones_digitales/Est/Lib1544/00TOMO_01.pdf,"Cuadro 4, printed p. 618, total column",source_observation_not_candidate_ready,context_or_sensitivity_only,,standalone_observation,Peru Quechua aggregate spans varieties and cannot be assigned to Ayacucho Quechua.,false
EDGE-SQ-002-P01,EDGE-SQ-002,IL-SQUECHUA,Cusco Quechua cell,quz-Latn-PE,Peru,POP-PE-001,context_macro_aggregate_not_assignable,Quechua,INEI Quechua aggregate,que:INEI,Peru,Latin,census_language_learned_in_childhood_age3plus_persons,persons,3799780,3799780,3799780,2017,PM-S007,https://www.inei.gob.pe/media/MenuRecursivo/publicaciones_digitales/Est/Lib1544/00TOMO_01.pdf,"Cuadro 4, printed p. 618, total column",source_observation_not_candidate_ready,context_or_sensitivity_only,,standalone_observation,Peru Quechua aggregate spans varieties and cannot be assigned to Cusco Quechua.,false
EDGE-SQ-003-P00,EDGE-SQ-003,IL-SQUECHUA,South Bolivian Quechua cell,quh-Latn-BO,Bolivia,,none_present_in_current_population_master,,,,,,,,,,,,,,,,,,,No compatible exact population observation is linked; no package or family ceiling may be substituted.,false
ACC-001-P00,ACC-001,ACC-001,Semantic HTML with MathML,all selected language editions,global target-language cells,,needs_exact_access_or_signed_language_stratum,,,,,,,,,,,,,,,,,,,Accessibility gain is a residual stratum inside a selected language edition and never a second copy of that language population.,false
ACC-002-P00,ACC-002,ACC-002,Tagged searchable PDF,all selected language editions,global target-language cells,,needs_exact_access_or_signed_language_stratum,,,,,,,,,,,,,,,,,,,Accessibility gain is a residual stratum inside a selected language edition and never a second copy of that language population.,false
ACC-003-P00,ACC-003,ACC-003,Offline EPUB or SCORM package,all selected language editions,low-connectivity and institutional cells,,needs_exact_access_or_signed_language_stratum,,,,,,,,,,,,,,,,,,,Accessibility gain is a residual stratum inside a selected language edition and never a second copy of that language population.,false
ACC-004-P00,ACC-004,ACC-004,Low-bandwidth static HTML bundle,all selected language editions,expensive slow or unstable connection cells,,needs_exact_access_or_signed_language_stratum,,,,,,,,,,,,,,,,,,,Accessibility gain is a residual stratum inside a selected language edition and never a second copy of that language population.,false
ACC-005-P00,ACC-005,ACC-005,Formula narration and audio,all selected language editions,blind low-literacy and audio-learning cells,,needs_exact_access_or_signed_language_stratum,,,,,,,,,,,,,,,,,,,Accessibility gain is a residual stratum inside a selected language edition and never a second copy of that language population.,false
ACC-006-P00,ACC-006,ACC-006,Plain-language companion,all selected language editions,cognitive and second-language literacy cells,,needs_exact_access_or_signed_language_stratum,,,,,,,,,,,,,,,,,,,Accessibility gain is a residual stratum inside a selected language edition and never a second copy of that language population.,false
ACC-007-P00,ACC-007,ACC-007,Logic figure remediation,Open Logic selected editions,nonvisual formal-reasoning cells,,needs_exact_access_or_signed_language_stratum,,,,,,,,,,,,,,,,,,,Accessibility gain is a residual stratum inside a selected language edition and never a second copy of that language population.,false
ACC-008-P00,ACC-008,ACC-008,Mathematics figure remediation,OpenStax mathematics selected editions,nonvisual quantitative-learning cells,,needs_exact_access_or_signed_language_stratum,,,,,,,,,,,,,,,,,,,Accessibility gain is a residual stratum inside a selected language edition and never a second copy of that language population.,false
ACC-009-P00,ACC-009,ACC-009,Science figure remediation,OpenStax science selected editions,nonvisual science-learning cells,,needs_exact_access_or_signed_language_stratum,,,,,,,,,,,,,,,,,,,Accessibility gain is a residual stratum inside a selected language edition and never a second copy of that language population.,false
ACC-010-P00,ACC-010,ACC-010,Aligned bilingual edition,selected target plus exact academic-lingua-franca pair,transitioning bilingual learner cells,,needs_exact_access_or_signed_language_stratum,,,,,,,,,,,,,,,,,,,Accessibility gain is a residual stratum inside a selected language edition and never a second copy of that language population.,false
ACC-011-P00,ACC-011,ACC-011,Locale-specific Braille mathematics,selected language and exact Braille code,Braille-reading cells,,needs_exact_access_or_signed_language_stratum,,,,,,,,,,,,,,,,,,,Accessibility gain is a residual stratum inside a selected language edition and never a second copy of that language population.,false
ACC-012-P00,ACC-012,ACC-012,Indian Sign Language mathematics video,ins,India,,needs_exact_access_or_signed_language_stratum,,,,,,,,,,,,,,,,,,,Accessibility gain is a residual stratum inside a selected language edition and never a second copy of that language population.,false
ACC-013-P00,ACC-013,ACC-013,Bangla Sign Language mathematics video,bds,Bangladesh,,needs_exact_access_or_signed_language_stratum,,,,,,,,,,,,,,,,,,,Accessibility gain is a residual stratum inside a selected language edition and never a second copy of that language population.,false
ACC-014-P00,ACC-014,ACC-014,Pakistan Sign Language mathematics video,pks,Pakistan,,needs_exact_access_or_signed_language_stratum,,,,,,,,,,,,,,,,,,,Accessibility gain is a residual stratum inside a selected language edition and never a second copy of that language population.,false
ACC-015-P00,ACC-015,ACC-015,Nigerian Sign Language mathematics video,nsi,Nigeria,,needs_exact_access_or_signed_language_stratum,,,,,,,,,,,,,,,,,,,Accessibility gain is a residual stratum inside a selected language edition and never a second copy of that language population.,false
ACC-016-P00,ACC-016,ACC-016,Brazilian Sign Language mathematics video,bzs,Brazil,,needs_exact_access_or_signed_language_stratum,,,,,,,,,,,,,,,,,,,Accessibility gain is a residual stratum inside a selected language edition and never a second copy of that language population.,false
OBS-GRG-PL-008-P01,OBS-GRG-PL-008,OBS-GRG-PL-008,Polish Sign Language,pso-Zzzz-PL target profile; script unresolved by population source,Poland,GRG-PL-008,direct_exact_signed_language_observation,Polish Sign Language,exact bilingual census sign-language row,pso,Poland,not asserted by population source,census_languages_used_at_home_multiple_response_persons,persons,9267,9267,9267,2021-03-31,GRG-S006,https://stat.gov.pl/files/gfx/portalinformacyjny/en/defaultaktualnosci/3701/6/1/1/national_population_and_housing_census_2021_population_2.pdf,Table 7.5 printed page 120 PDF page 122; polski język migowy Polish Sign Language row,source_named_language_observation,gross_upper_bound_pending_intervention_edges,PL-CENSUS-2021-HOME-LANG-MR,direct_language_population_observation,Poland 2021 multiple-response home-use count for Polish Sign Language; not a hearing-status or educational-access count and not additive with other language rows.,false
