program,order,module_id,source_title,canonical_sha256,indonesian_sha256,canonical_hash_basis,authority_path,canonical_path,indonesian_path,status
A00,1,m81241,Preface,1c7cf6eda8be5021f1f33dc22069f5a3db50d1412a024bb57c7268b25db7f9df,224602a3e0474140b3f79a3ba7c6b3f4b4aa7ee6ca48e7c1630ffa170d17cb3f,pinned_git_blob_matches_authority_bytes,downloads/gu-Gujr-IN/a00-id/provenance/logbook/authority/prealgebra2e/m81241.source.cnxml,downloads/gu-Gujr-IN/openstax-canonical/modules/m81241/index.cnxml,downloads/gu-Gujr-IN/a00-id/modules/m81241/index.cnxml,drafting
A00,2,m81242,Introduction,0d76349dc9a5ac95ce000e86c140ddadc0bebd5b30edeb4e2b1163b02c26fa83,5e48b652f45a3cf822bc46918ebf057dd353f66f74e39e8e6419e648f8633e95,pinned_git_blob_matches_authority_bytes,downloads/gu-Gujr-IN/a00-id/provenance/logbook/authority/prealgebra2e/m81242.source.cnxml,downloads/gu-Gujr-IN/openstax-canonical/modules/m81242/index.cnxml,downloads/gu-Gujr-IN/a00-id/modules/m81242/index.cnxml,drafting
A00,3,m81243,Introduction to Whole Numbers,396b0029798e054e5db6d7acde738cec9f9d8b86bc81da8cc3690d01ec07cf2b,7153ce88bcd4aea07fab4075bdb025884e07d534aafb6d06ff1bfbedbc46f251,pinned_git_blob_matches_authority_bytes,downloads/gu-Gujr-IN/a00-id/provenance/logbook/authority/prealgebra2e/m81243.source.cnxml,downloads/gu-Gujr-IN/openstax-canonical/modules/m81243/index.cnxml,downloads/gu-Gujr-IN/a00-id/modules/m81243/index.cnxml,drafting
A00,4,m81244,Add Whole Numbers,b32058ce714e5fd43b010ccc81b2ae00a11567b229e9f96dda7b85b3cd82ba6b,d23343f302c34436169e88ffdbc4eab37baabf0a3d1134755b2f5676c75e1cc6,pinned_git_blob_matches_authority_bytes,downloads/gu-Gujr-IN/a00-id/provenance/logbook/authority/prealgebra2e/m81244.source.cnxml,downloads/gu-Gujr-IN/openstax-canonical/modules/m81244/index.cnxml,downloads/gu-Gujr-IN/a00-id/modules/m81244/index.cnxml,drafting
A00,5,m81245,Subtract Whole Numbers,02df262b21ee15472223ae863bc5f3bcb3714389a8ef46e66c8b4469c6972841,d6829f9326dfcb9d30e589b2917bbc18ab2c871b0f44b939b1ceeb477ec8fe3f,pinned_git_blob_matches_authority_bytes,downloads/gu-Gujr-IN/a00-id/provenance/logbook/authority/prealgebra2e/m81245.source.cnxml,downloads/gu-Gujr-IN/openstax-canonical/modules/m81245/index.cnxml,downloads/gu-Gujr-IN/a00-id/modules/m81245/index.cnxml,drafting
A00,6,m81255,Multiply Whole Numbers,1717786daf25223f0712f505768442007c15cf449e382d5596414460d26bd4ba,88a4a8f76aa0e59981df68616a8d7602737e6df11f50ee9866efa58e9cd24fa9,pinned_git_blob_matches_authority_bytes,downloads/gu-Gujr-IN/a00-id/provenance/logbook/authority/prealgebra2e/m81255.source.cnxml,downloads/gu-Gujr-IN/openstax-canonical/modules/m81255/index.cnxml,downloads/gu-Gujr-IN/a00-id/modules/m81255/index.cnxml,drafting
A00,7,m81256,Divide Whole Numbers,73e8bf102d72a8c3891b1f9823c015f288ffcd2315cc452e68e4028429e93b40,58f2f783c22743a4872c1939fe048303a7b6c4aa3f4f011c0e165984a5bd48f4,pinned_git_blob_matches_authority_bytes,downloads/gu-Gujr-IN/a00-id/provenance/logbook/authority/prealgebra2e/m81256.source.cnxml,downloads/gu-Gujr-IN/openstax-canonical/modules/m81256/index.cnxml,downloads/gu-Gujr-IN/a00-id/modules/m81256/index.cnxml,drafting
A00,8,m81266,Introduction to the Language of Algebra,3ef40958467c1d82ef6fd51c3f6ea8af9c2c3e2ea61a90ddf22873eaf7099333,80e9e68f2aa4af088aa243a665d86412c8769b304f5833f30534451832038e0c,pinned_git_blob_matches_authority_bytes,downloads/gu-Gujr-IN/a00-id/provenance/logbook/authority/prealgebra2e/m81266.source.cnxml,downloads/gu-Gujr-IN/openstax-canonical/modules/m81266/index.cnxml,downloads/gu-Gujr-IN/a00-id/modules/m81266/index.cnxml,drafting
A00,9,m81268,Use the Language of Algebra,7a46eec9084976ca082e71f10f4cad97f2ba231d7b390e27753a21efb530bf87,6fc5288d96f74128429a8bdcacb4cd94bb1a07182729dc23c30af37204a76222,pinned_git_blob_matches_authority_bytes,downloads/gu-Gujr-IN/a00-id/provenance/logbook/authority/prealgebra2e/m81268.source.cnxml,downloads/gu-Gujr-IN/openstax-canonical/modules/m81268/index.cnxml,downloads/gu-Gujr-IN/a00-id/modules/m81268/index.cnxml,drafting
A00,10,m81270,"Evaluate, Simplify, and Translate Expressions",f48a03a92672e647cfcab21b800ca51d0626c92991a1fd7699fab6b8ab1c9661,61bf2edcf99941f3063e67e0932cdb0b8d6e9e59609f319671b29eeb1b6348a7,pinned_git_blob_matches_authority_bytes,downloads/gu-Gujr-IN/a00-id/provenance/logbook/authority/prealgebra2e/m81270.source.cnxml,downloads/gu-Gujr-IN/openstax-canonical/modules/m81270/index.cnxml,downloads/gu-Gujr-IN/a00-id/modules/m81270/index.cnxml,drafting
A00,11,m81271,Solving Equations Using the Subtraction and Addition Properties of Equality,f74029642f7833d2a8596b2973d8789ae180d238052a0460c6eaa0a83277cde7,1b601606c58abfd0291682b9bb9c51bd671d16b815cbaabcd07cb8a18652c298,pinned_git_blob_matches_authority_bytes,downloads/gu-Gujr-IN/a00-id/provenance/logbook/authority/prealgebra2e/m81271.source.cnxml,downloads/gu-Gujr-IN/openstax-canonical/modules/m81271/index.cnxml,downloads/gu-Gujr-IN/a00-id/modules/m81271/index.cnxml,drafting
A00,12,m81272,Find Multiples and Factors,e547be567190fc22617dda6defdfa2d04349dd86584d890221d2d702aff6f214,e2846b8f98cf8443d80407d0904c608a06f49b5eb9e931891f6b274ca9749998,pinned_git_blob_matches_authority_bytes,downloads/gu-Gujr-IN/a00-id/provenance/logbook/authority/prealgebra2e/m81272.source.cnxml,downloads/gu-Gujr-IN/openstax-canonical/modules/m81272/index.cnxml,downloads/gu-Gujr-IN/a00-id/modules/m81272/index.cnxml,drafting
A00,13,m81273,Prime Factorization and the Least Common Multiple,4da1f4b3fb0d26f4ece7475531f5f6f46ed8c7801fffd605429105a836abd40e,18436f278b56f1f67ece9c00a6d2c0bb5874bc65d89b720876bd59a85f5f844e,pinned_git_blob_matches_authority_bytes,downloads/gu-Gujr-IN/a00-id/provenance/logbook/authority/prealgebra2e/m81273.source.cnxml,downloads/gu-Gujr-IN/openstax-canonical/modules/m81273/index.cnxml,downloads/gu-Gujr-IN/a00-id/modules/m81273/index.cnxml,drafting
A00,14,m81274,Introduction to Integers,098c31928c9718bd11e923247cbb305e02338e1a3772968c7c8524af8faabae4,ce01defcd08178611cf90c45a123260554afa5ced15da3e3dde872a3bf6e1eea,pinned_git_blob_matches_authority_bytes,downloads/gu-Gujr-IN/a00-id/provenance/logbook/authority/prealgebra2e/m81274.source.cnxml,downloads/gu-Gujr-IN/openstax-canonical/modules/m81274/index.cnxml,downloads/gu-Gujr-IN/a00-id/modules/m81274/index.cnxml,drafting
A00,15,m81275,Introduction to Integers,d6b1c30a01c4853ce1ed7b4e642836d9b79e168db973ddc568776cedca9d53ed,524208dc40f8c55060e68e17fbafd0c65a91d04fb39a3585c7a6fce211e4980f,pinned_git_blob_matches_authority_bytes,downloads/gu-Gujr-IN/a00-id/provenance/logbook/authority/prealgebra2e/m81275.source.cnxml,downloads/gu-Gujr-IN/openstax-canonical/modules/m81275/index.cnxml,downloads/gu-Gujr-IN/a00-id/modules/m81275/index.cnxml,drafting
A00,16,m81276,Add Integers,7e60eb505941fae754150df495be0ff7acf303c355eb1e81a8c57d48090e9cef,02458e9aa4c26110220995da7673ca3003b67c3fbedb8d0908857dfa7086186f,pinned_git_blob_matches_authority_bytes,downloads/gu-Gujr-IN/a00-id/provenance/logbook/authority/prealgebra2e/m81276.source.cnxml,downloads/gu-Gujr-IN/openstax-canonical/modules/m81276/index.cnxml,downloads/gu-Gujr-IN/a00-id/modules/m81276/index.cnxml,assigned_not_started
A00,17,m81277,Subtract Integers,b11ddb3b2810002dd83a9e63b79029165d5340f16f46cd7533be98ef6d2f5692,fe81c7e625a0de62e3774b4f7f4c88fb272d3292feaf163c65b649a45d78607f,pinned_git_blob_matches_authority_bytes,downloads/gu-Gujr-IN/a00-id/provenance/logbook/authority/prealgebra2e/m81277.source.cnxml,downloads/gu-Gujr-IN/openstax-canonical/modules/m81277/index.cnxml,downloads/gu-Gujr-IN/a00-id/modules/m81277/index.cnxml,assigned_not_started
A00,18,m81278,Multiply and Divide Integers,20c8d159f8a17ed343dae222474ece5e6fd2c317dcbb1263c80b40eba493b282,0298ecd025911b428d80b15af681239a0df6b055623a803c29ed8b502f921011,pinned_git_blob_matches_authority_bytes,downloads/gu-Gujr-IN/a00-id/provenance/logbook/authority/prealgebra2e/m81278.source.cnxml,downloads/gu-Gujr-IN/openstax-canonical/modules/m81278/index.cnxml,downloads/gu-Gujr-IN/a00-id/modules/m81278/index.cnxml,assigned_not_started
A00,19,m81281,Solve Equations Using Integers; The Division Property of Equality,6cb9352564104175e6adc606e1a39b7a61e1ca08a891680f5c66d79cab2df16e,b7f63a19a4b1f22d3f6d9eaf6ff7e9383d6ea151701ec6a20a88153994e1c36a,pinned_git_blob_matches_authority_bytes,downloads/gu-Gujr-IN/a00-id/provenance/logbook/authority/prealgebra2e/m81281.source.cnxml,downloads/gu-Gujr-IN/openstax-canonical/modules/m81281/index.cnxml,downloads/gu-Gujr-IN/a00-id/modules/m81281/index.cnxml,assigned_not_started
A00,20,m81284,Introduction to Fractions,61467075d7fe6213af1710f6f4a6b685fc4e281430612b007e98fcfb1145c500,a1a060dbac538fd0610144df481b9aa76990f09b42f1ba32a1ca66864fa1f6db,pinned_git_blob_matches_authority_bytes,downloads/gu-Gujr-IN/a00-id/provenance/logbook/authority/prealgebra2e/m81284.source.cnxml,downloads/gu-Gujr-IN/openstax-canonical/modules/m81284/index.cnxml,downloads/gu-Gujr-IN/a00-id/modules/m81284/index.cnxml,assigned_not_started
A00,21,m81285,Visualize Fractions,7a39fccee8a29712929f04a6ac02f4e2646e46a6920f6e8b06f56de40b7ffad4,64171ae1dbff1dfd52cd92233605b5a6b03e82895be5c730228bf7c0a206bce7,pinned_git_blob_matches_authority_bytes,downloads/gu-Gujr-IN/a00-id/provenance/logbook/authority/prealgebra2e/m81285.source.cnxml,downloads/gu-Gujr-IN/openstax-canonical/modules/m81285/index.cnxml,downloads/gu-Gujr-IN/a00-id/modules/m81285/index.cnxml,assigned_not_started
A00,22,m81286,Multiply and Divide Fractions,7dab4be4d267ccd47f23df46e9b6a4b90a25c5d8b371e14b5947846af126b249,1ba6650641f943f7ab69ad28a321d2ce7917a7cbcd14b48422ff259184b50cab,pinned_git_blob_matches_authority_bytes,downloads/gu-Gujr-IN/a00-id/provenance/logbook/authority/prealgebra2e/m81286.source.cnxml,downloads/gu-Gujr-IN/openstax-canonical/modules/m81286/index.cnxml,downloads/gu-Gujr-IN/a00-id/modules/m81286/index.cnxml,assigned_not_started
A00,23,m81287,Multiply and Divide Mixed Numbers and Complex Fractions,4a029d82953fcba05aeec289445bc21ffc3364ce68b866c56404de3785d4d076,46a0bd33a116bc67a56b6fb196f6db14798a63727c33250e9a99070cb8c313b5,pinned_git_blob_matches_authority_bytes,downloads/gu-Gujr-IN/a00-id/provenance/logbook/authority/prealgebra2e/m81287.source.cnxml,downloads/gu-Gujr-IN/openstax-canonical/modules/m81287/index.cnxml,downloads/gu-Gujr-IN/a00-id/modules/m81287/index.cnxml,assigned_not_started
A00,24,m81288,Add and Subtract Fractions with Common Denominators,4eb4a0c85c70a9e1a10fa4a5d99dabfb9ccc14b70de18d7cbefb820764c0ae90,1189a1c3caaa54743a43e60eafbedfb6297bbbd69c592c1109fa6d272495a370,pinned_git_blob_matches_authority_bytes,downloads/gu-Gujr-IN/a00-id/provenance/logbook/authority/prealgebra2e/m81288.source.cnxml,downloads/gu-Gujr-IN/openstax-canonical/modules/m81288/index.cnxml,downloads/gu-Gujr-IN/a00-id/modules/m81288/index.cnxml,assigned_not_started
A00,25,m81289,Add and Subtract Fractions with Different Denominators,bfaa71d9e1dcfa775dd6525ba2fbc9ecf0ce17e6833d8dcaca9bb2f259361fa3,5a96206d2dabde1b50aa6e4d44c395d8222698589cc13232f506239d0471e65c,pinned_git_blob_matches_authority_bytes,downloads/gu-Gujr-IN/a00-id/provenance/logbook/authority/prealgebra2e/m81289.source.cnxml,downloads/gu-Gujr-IN/openstax-canonical/modules/m81289/index.cnxml,downloads/gu-Gujr-IN/a00-id/modules/m81289/index.cnxml,assigned_not_started
A00,26,m81290,Add and Subtract Mixed Numbers,96985df586080ae5e52b870320d310a6061a0c00c5d1699e58a024e55bdba005,729106713cfd717780f1f1b8a89da99f7b1348459fe20b5be72c6b463dfe34e5,pinned_git_blob_matches_authority_bytes,downloads/gu-Gujr-IN/a00-id/provenance/logbook/authority/prealgebra2e/m81290.source.cnxml,downloads/gu-Gujr-IN/openstax-canonical/modules/m81290/index.cnxml,downloads/gu-Gujr-IN/a00-id/modules/m81290/index.cnxml,assigned_not_started
A00,27,m81291,Solve Equations with Fractions,729ab266737111c7cdd795ca6ddd887c41a9efcb2e802ab6ae46adfe3c13a195,7f13fba9ac4e6416a074ed0319a07aa3c4dbcb4a0837f7d1a2a96736249518a7,pinned_git_blob_matches_authority_bytes,downloads/gu-Gujr-IN/a00-id/provenance/logbook/authority/prealgebra2e/m81291.source.cnxml,downloads/gu-Gujr-IN/openstax-canonical/modules/m81291/index.cnxml,downloads/gu-Gujr-IN/a00-id/modules/m81291/index.cnxml,assigned_not_started
A00,28,m81292,Introduction to Decimals,5239d3f4a78f649dbcfacd51c9b8538619c360972f763a26c22aafe99026f26d,333868ea643a2dd5c22a8ecc3e2623c83df5efeeda169070c0d0655613fe8f50,pinned_git_blob_matches_authority_bytes,downloads/gu-Gujr-IN/a00-id/provenance/logbook/authority/prealgebra2e/m81292.source.cnxml,downloads/gu-Gujr-IN/openstax-canonical/modules/m81292/index.cnxml,downloads/gu-Gujr-IN/a00-id/modules/m81292/index.cnxml,assigned_not_started
A00,29,m81293,Decimals,334b23102b7f15d4c4bac459a2f3798b66d408e14ad59daa2f3d9cfe274f52d4,b0d917447af4dcae35efa4bc809c8289ea95cb462c3198d2410fa7948058e696,pinned_git_blob_matches_authority_bytes,downloads/gu-Gujr-IN/a00-id/provenance/logbook/authority/prealgebra2e/m81293.source.cnxml,downloads/gu-Gujr-IN/openstax-canonical/modules/m81293/index.cnxml,downloads/gu-Gujr-IN/a00-id/modules/m81293/index.cnxml,assigned_not_started
A00,30,m81295,Decimal Operations,c22d14bb2b833ed20ea5a7aa95d0e50b7810e8930834bd61993b8431dcfd02c3,0d61f7d20824a6b7aa3f0d7534b0bbc53de9411752784bcd6a54ec49aa87d915,pinned_git_blob_matches_authority_bytes,downloads/gu-Gujr-IN/a00-id/provenance/logbook/authority/prealgebra2e/m81295.source.cnxml,downloads/gu-Gujr-IN/openstax-canonical/modules/m81295/index.cnxml,downloads/gu-Gujr-IN/a00-id/modules/m81295/index.cnxml,assigned_not_started
A00,31,m81298,Decimals and Fractions,a8105d6d162b071c7365bd74a48737cf4175ce1c7b14afbee4f3bcf472631d81,c4ec370cefad7d4112f399047007fcc96e46045cf01aa76a5bc57d5876e5c354,pinned_git_blob_matches_authority_bytes,downloads/gu-Gujr-IN/a00-id/provenance/logbook/authority/prealgebra2e/m81298.source.cnxml,downloads/gu-Gujr-IN/openstax-canonical/modules/m81298/index.cnxml,downloads/gu-Gujr-IN/a00-id/modules/m81298/index.cnxml,assigned_not_started
A00,32,m81300,Solve Equations with Decimals,14f56c7f92c743f8a6ba9400ea2d8415aefb4b816d82af014644d6aa2a3b01bd,2029ba5182aa36c9454d66646ad6e1467171baa271f774141efea351ee79314d,pinned_git_blob_matches_authority_bytes,downloads/gu-Gujr-IN/a00-id/provenance/logbook/authority/prealgebra2e/m81300.source.cnxml,downloads/gu-Gujr-IN/openstax-canonical/modules/m81300/index.cnxml,downloads/gu-Gujr-IN/a00-id/modules/m81300/index.cnxml,assigned_not_started
A00,33,m81302,Averages and Probability,62c2e97599f0cc79fc9d835caf4d2e3fb238a83ef2eb3fc21c28d68d3b3a09d4,0bebaa030bbc7609a70850936e44696080ebe85e259b01a73cb019bbea2b88e3,pinned_git_blob_matches_authority_bytes,downloads/gu-Gujr-IN/a00-id/provenance/logbook/authority/prealgebra2e/m81302.source.cnxml,downloads/gu-Gujr-IN/openstax-canonical/modules/m81302/index.cnxml,downloads/gu-Gujr-IN/a00-id/modules/m81302/index.cnxml,assigned_not_started
A00,34,m81303,Ratios and Rate,94f83224b28b2f328df6af9824d52d7b987a9b4e74d4056ad9ccb04e3b477a00,31ff2119ae9ba6a7aa18484893e0101095270d44199eedf2d74eb67567a165d8,pinned_git_blob_matches_authority_bytes,downloads/gu-Gujr-IN/a00-id/provenance/logbook/authority/prealgebra2e/m81303.source.cnxml,downloads/gu-Gujr-IN/openstax-canonical/modules/m81303/index.cnxml,downloads/gu-Gujr-IN/a00-id/modules/m81303/index.cnxml,assigned_not_started
A00,35,m81304,Simplify and Use Square Roots,be5387c846439a946cff737d3522a07d1bf4cf1ecc322074c0aa01ed0e1bf5c8,9a579d9b380048598e8cbb72551c484bcca0914c6ab4638f43a2cbb0c5736d3f,pinned_git_blob_matches_authority_bytes,downloads/gu-Gujr-IN/a00-id/provenance/logbook/authority/prealgebra2e/m81304.source.cnxml,downloads/gu-Gujr-IN/openstax-canonical/modules/m81304/index.cnxml,downloads/gu-Gujr-IN/a00-id/modules/m81304/index.cnxml,assigned_not_started
A00,36,m81305,Introduction to Percents,0b5c8d1b152cc09be82516038a87dccebbc89847b910ed359ade528c4e05a011,2fc6dff9be36b9862152fc92406b513e70c8a82ba4b436ed748c58c5c04b93a6,pinned_git_blob_matches_authority_bytes,downloads/gu-Gujr-IN/a00-id/provenance/logbook/authority/prealgebra2e/m81305.source.cnxml,downloads/gu-Gujr-IN/openstax-canonical/modules/m81305/index.cnxml,downloads/gu-Gujr-IN/a00-id/modules/m81305/index.cnxml,assigned_not_started
A00,37,m81306,Understand Percent,6d1d5de7d3a86c932eaa0b3217fb0e95fd339a1f86f87a3eb4b2d5e9aff798f5,c84a995a66504b92a537101070954b1c460d16fb7bb1ecc2d1ab6d11562f2598,pinned_git_blob_matches_authority_bytes,downloads/gu-Gujr-IN/a00-id/provenance/logbook/authority/prealgebra2e/m81306.source.cnxml,downloads/gu-Gujr-IN/openstax-canonical/modules/m81306/index.cnxml,downloads/gu-Gujr-IN/a00-id/modules/m81306/index.cnxml,assigned_not_started
A00,38,m81313,Solve General Applications of Percent,7001cb24e870df5a00bbdfa15b33671ed677bb4c451fb81ff445b2d4fa1a51c6,a7b51239f7eb2eb1548e809047008feaa52faeeb94404118efc05f7fdcec3afa,pinned_git_blob_matches_authority_bytes,downloads/gu-Gujr-IN/a00-id/provenance/logbook/authority/prealgebra2e/m81313.source.cnxml,downloads/gu-Gujr-IN/openstax-canonical/modules/m81313/index.cnxml,downloads/gu-Gujr-IN/a00-id/modules/m81313/index.cnxml,assigned_not_started
A00,39,m81307,"Solve Sales Tax, Commission, and Discount Applications",c221ef4ad11a36073f8eb8955ee11b94e1b50488fc313db5bb48a1791ff0196d,e8a6d9a8404f587fecfd2b71dfb5a10fa3b01e36752e6067845560f7b10e12bc,pinned_git_blob_matches_authority_bytes,downloads/gu-Gujr-IN/a00-id/provenance/logbook/authority/prealgebra2e/m81307.source.cnxml,downloads/gu-Gujr-IN/openstax-canonical/modules/m81307/index.cnxml,downloads/gu-Gujr-IN/a00-id/modules/m81307/index.cnxml,assigned_not_started
A00,40,m81308,Solve Simple Interest Applications,04b96b8548d2f02b7fcd2fac31992e76c6450599276f229fcb9f0ba40cf663d2,6bf3b800ed0d01a1eddfe641b1affdb14058fac614f7d2c3b2996d0c7698e2e4,pinned_git_blob_matches_authority_bytes,downloads/gu-Gujr-IN/a00-id/provenance/logbook/authority/prealgebra2e/m81308.source.cnxml,downloads/gu-Gujr-IN/openstax-canonical/modules/m81308/index.cnxml,downloads/gu-Gujr-IN/a00-id/modules/m81308/index.cnxml,assigned_not_started
A00,41,m81311,Solve Proportions and their Applications,f7ec28ad31af989be3482e8a59b8e3fc2a47190b30573d90062658acc170528f,dfd4fd7aa4904d9cd3f8e566a78cbdfcbbe6c49d5b2ec73eb87b8e12d7154832,pinned_git_blob_matches_authority_bytes,downloads/gu-Gujr-IN/a00-id/provenance/logbook/authority/prealgebra2e/m81311.source.cnxml,downloads/gu-Gujr-IN/openstax-canonical/modules/m81311/index.cnxml,downloads/gu-Gujr-IN/a00-id/modules/m81311/index.cnxml,assigned_not_started
A00,42,m81314,Introduction to the Properties of Real Numbers,09f46f11f5352223a407baa77476f5613159631faa00bcdafdb34a28ede3556d,4e52c9c5b4ae854369e238db0ccbdb4fbda1ce5d46e830f6a2f65c0876eaab49,pinned_git_blob_matches_authority_bytes,downloads/gu-Gujr-IN/a00-id/provenance/logbook/authority/prealgebra2e/m81314.source.cnxml,downloads/gu-Gujr-IN/openstax-canonical/modules/m81314/index.cnxml,downloads/gu-Gujr-IN/a00-id/modules/m81314/index.cnxml,assigned_not_started
A00,43,m81315,Rational and Irrational Numbers,aafd9fd0ccef829cacba1c7f02a756a793b74a94fb187fedd07fdc00af0741f6,f57b7ce1f4e524088f56bf6b53e8226629e0c1f3580d8b1083f1b30d07c64dc2,pinned_git_blob_matches_authority_bytes,downloads/gu-Gujr-IN/a00-id/provenance/logbook/authority/prealgebra2e/m81315.source.cnxml,downloads/gu-Gujr-IN/openstax-canonical/modules/m81315/index.cnxml,downloads/gu-Gujr-IN/a00-id/modules/m81315/index.cnxml,assigned_not_started
A00,44,m81316,Commutative and Associative Properties,81466df854997cf91f5d7db554a0d04142cb22f7d4f7b015cc0b6a192550eda4,d5e3acf62a6db0e5b7ada8244477d90853a1d20e3ceed44f1413b8d0cf919496,pinned_git_blob_matches_authority_bytes,downloads/gu-Gujr-IN/a00-id/provenance/logbook/authority/prealgebra2e/m81316.source.cnxml,downloads/gu-Gujr-IN/openstax-canonical/modules/m81316/index.cnxml,downloads/gu-Gujr-IN/a00-id/modules/m81316/index.cnxml,assigned_not_started
A00,45,m81317,Distributive Property,c2c1f45164c34ca693011aa9ce05d76437a103e8b06f013d1992098418103619,7b50b467b23472fca04cd09932d880d9b0d221ed595936035c2c45a4b4a0af8e,pinned_git_blob_matches_authority_bytes,downloads/gu-Gujr-IN/a00-id/provenance/logbook/authority/prealgebra2e/m81317.source.cnxml,downloads/gu-Gujr-IN/openstax-canonical/modules/m81317/index.cnxml,downloads/gu-Gujr-IN/a00-id/modules/m81317/index.cnxml,assigned_not_started
A00,46,m81318,"Properties of Identity, Inverses, and Zero",cb3d6989619d946b6466f316357391d780701e22eb6fd5549d95b27610018738,cb619933d5a7f0de89b30d3849f26a2b34cede2536912700d3612a22af4fae4c,pinned_git_blob_matches_authority_bytes,downloads/gu-Gujr-IN/a00-id/provenance/logbook/authority/prealgebra2e/m81318.source.cnxml,downloads/gu-Gujr-IN/openstax-canonical/modules/m81318/index.cnxml,downloads/gu-Gujr-IN/a00-id/modules/m81318/index.cnxml,assigned_not_started
A00,47,m81330,Systems of Measurement,fb86a56f6cbe7cceee3657f6b8d12deb06695c80638e644d710ad8bc88e45ee2,651c62598432655138b3a7aa34c1826697f62583a659b920fe613c4e6813b44e,pinned_git_blob_matches_authority_bytes,downloads/gu-Gujr-IN/a00-id/provenance/logbook/authority/prealgebra2e/m81330.source.cnxml,downloads/gu-Gujr-IN/openstax-canonical/modules/m81330/index.cnxml,downloads/gu-Gujr-IN/a00-id/modules/m81330/index.cnxml,assigned_not_started
A00,48,m81319,Introduction to Solving Linear Equations,d6d42c1643f58e5e001cb23a1db0c0de42fad41db933b82d0190b4f2b0ef158d,787115789fcdb98ee40ad96e96323ae65657bd524ef801f6f62059fcf3a4b029,pinned_git_blob_matches_authority_bytes,downloads/gu-Gujr-IN/a00-id/provenance/logbook/authority/prealgebra2e/m81319.source.cnxml,downloads/gu-Gujr-IN/openstax-canonical/modules/m81319/index.cnxml,downloads/gu-Gujr-IN/a00-id/modules/m81319/index.cnxml,assigned_not_started
A00,49,m81320,Solve Equations Using the Subtraction and Addition Properties of Equality,502a046f93f63dd07e7a605b6e61294ee9b4bc377c710be267e2365defb82fc5,cd12fd05dca00afed1d0d7cab516fcdd5f363845185a7ac102bcbba622fcf398,pinned_git_blob_matches_authority_bytes,downloads/gu-Gujr-IN/a00-id/provenance/logbook/authority/prealgebra2e/m81320.source.cnxml,downloads/gu-Gujr-IN/openstax-canonical/modules/m81320/index.cnxml,downloads/gu-Gujr-IN/a00-id/modules/m81320/index.cnxml,assigned_not_started
A00,50,m81321,Solve Equations Using the Division and Multiplication Properties of Equality,1087e4a4a879bb4488f36def8205c45498e31c8ac448082754b305765572169d,053d2214034049b6c9a1dda5b614cba695c265d3ee5c9dec5c4e9acb08902b87,pinned_git_blob_matches_authority_bytes,downloads/gu-Gujr-IN/a00-id/provenance/logbook/authority/prealgebra2e/m81321.source.cnxml,downloads/gu-Gujr-IN/openstax-canonical/modules/m81321/index.cnxml,downloads/gu-Gujr-IN/a00-id/modules/m81321/index.cnxml,assigned_not_started
A00,51,m81322,Solve Equations with Variables and Constants on Both Sides,b18af0dc029d3930a69b3614adeefd8bc3e8760d8613702ee24c43bfc939ad14,292253564b79a8a7444887a8dd515b12b2281c83c2d1c596de2a03c431faa2b1,pinned_git_blob_matches_authority_bytes,downloads/gu-Gujr-IN/a00-id/provenance/logbook/authority/prealgebra2e/m81322.source.cnxml,downloads/gu-Gujr-IN/openstax-canonical/modules/m81322/index.cnxml,downloads/gu-Gujr-IN/a00-id/modules/m81322/index.cnxml,assigned_not_started
A00,52,m81323,Solve Equations with Fraction or Decimal Coefficients,da17573d58e86cdb06785841cb966c09bcfe32bd1f22c1612129fdc50434d361,30695c11e3a9797ed277ec9b5fee7e4f8cf116f5f121cf31972232ec32b8ec90,pinned_git_blob_matches_authority_bytes,downloads/gu-Gujr-IN/a00-id/provenance/logbook/authority/prealgebra2e/m81323.source.cnxml,downloads/gu-Gujr-IN/openstax-canonical/modules/m81323/index.cnxml,downloads/gu-Gujr-IN/a00-id/modules/m81323/index.cnxml,assigned_not_started
A00,53,m81331,Introduction,ca74bb59a43f6d400d2cc851d892a5d12a75f5a2ff9c4b04e6e2d21b71cd4995,87c2f0bfaf6a6d147645748f985224b903661084c44711516907161f1190a66a,pinned_git_blob_matches_authority_bytes,downloads/gu-Gujr-IN/a00-id/provenance/logbook/authority/prealgebra2e/m81331.source.cnxml,downloads/gu-Gujr-IN/openstax-canonical/modules/m81331/index.cnxml,downloads/gu-Gujr-IN/a00-id/modules/m81331/index.cnxml,assigned_not_started
A00,54,m81324,Use a Problem Solving Strategy,71a78d8f9f886fa6eb78d53722a095c7a155182bce10765bf06094e508359943,427e5d4fa7670c5d3b40c97f02ab9ad2e808dc8fe87e2a0268495d4eb0365773,pinned_git_blob_matches_authority_bytes,downloads/gu-Gujr-IN/a00-id/provenance/logbook/authority/prealgebra2e/m81324.source.cnxml,downloads/gu-Gujr-IN/openstax-canonical/modules/m81324/index.cnxml,downloads/gu-Gujr-IN/a00-id/modules/m81324/index.cnxml,assigned_not_started
A00,55,m81325,Solve Money Applications,f996d6666c331581febf722f63eb686744699b3a163152e5a2e89fdafa11e8c2,5c528b528cf05bf1bf8799aafe402eda9ec8fa4460fb2046f5ea42c7303290b9,pinned_git_blob_matches_authority_bytes,downloads/gu-Gujr-IN/a00-id/provenance/logbook/authority/prealgebra2e/m81325.source.cnxml,downloads/gu-Gujr-IN/openstax-canonical/modules/m81325/index.cnxml,downloads/gu-Gujr-IN/a00-id/modules/m81325/index.cnxml,assigned_not_started
A00,56,m81326,"Use Properties of Angles, Triangles, and the Pythagorean Theorem",92589b2290e7ecae69e44e09d213e71404d2c01183a4a7fae0c4c0a759d73b71,9284d827a239be23eb32efce7b849c729d16a05a45f1aadf8e8b0d7b91c978a5,pinned_git_blob_matches_authority_bytes,downloads/gu-Gujr-IN/a00-id/provenance/logbook/authority/prealgebra2e/m81326.source.cnxml,downloads/gu-Gujr-IN/openstax-canonical/modules/m81326/index.cnxml,downloads/gu-Gujr-IN/a00-id/modules/m81326/index.cnxml,assigned_not_started
A00,57,m81332,"Use Properties of Rectangles, Triangles, and Trapezoids",fbf39fadb1834a755dcd4deafeddffcbd91559d70d378007b85bd448da4ea4ff,8393772df509080dd5348eec13a03663bbe5274d5e7339b5668579c61d75fea8,pinned_git_blob_matches_authority_bytes,downloads/gu-Gujr-IN/a00-id/provenance/logbook/authority/prealgebra2e/m81332.source.cnxml,downloads/gu-Gujr-IN/openstax-canonical/modules/m81332/index.cnxml,downloads/gu-Gujr-IN/a00-id/modules/m81332/index.cnxml,assigned_not_started
A00,58,m81327,Solve Geometry Applications: Circles and Irregular Figures,b8d988ce0fa05acf3491fb754d33f36204363dcb8df7e45acfcb832f01e6f7b2,8f1344703d7b0ec7893d8f8b3dcfd950bff88a0cfec4cf0103ee96b77bf144ef,pinned_git_blob_matches_authority_bytes,downloads/gu-Gujr-IN/a00-id/provenance/logbook/authority/prealgebra2e/m81327.source.cnxml,downloads/gu-Gujr-IN/openstax-canonical/modules/m81327/index.cnxml,downloads/gu-Gujr-IN/a00-id/modules/m81327/index.cnxml,assigned_not_started
A00,59,m81328,Solve Geometry Applications: Volume and Surface Area,296b89db4f2b8090bc667d3a35bfddd736d7b9e4f710c4527edd4c08b8872629,176fc28e753d545471dab03f8ca2a8a052ce822b2cfe381376bc1d9d06e8f736,pinned_git_blob_matches_authority_bytes,downloads/gu-Gujr-IN/a00-id/provenance/logbook/authority/prealgebra2e/m81328.source.cnxml,downloads/gu-Gujr-IN/openstax-canonical/modules/m81328/index.cnxml,downloads/gu-Gujr-IN/a00-id/modules/m81328/index.cnxml,assigned_not_started
A00,60,m81329,Solve a Formula for a Specific Variable,ae49551fc94b1d09699bbd716e7b6f3a3352315b793fccf70aeeac9c63d8b2df,481917c87c10570a73a714aeb87c7a0a714243d9d410622fbb10ec9887b5f2fc,pinned_git_blob_matches_authority_bytes,downloads/gu-Gujr-IN/a00-id/provenance/logbook/authority/prealgebra2e/m81329.source.cnxml,downloads/gu-Gujr-IN/openstax-canonical/modules/m81329/index.cnxml,downloads/gu-Gujr-IN/a00-id/modules/m81329/index.cnxml,assigned_not_started
A00,61,m81333,Introduction to Polynomials,fea791e15f73c0d4951c6672a9d192473b46ed1ffc89fb45589233a2f76a8276,bc8a55323a6d945e70ec004b08badc561858eba937dcdfe26bc8733e43baafac,pinned_git_blob_matches_authority_bytes,downloads/gu-Gujr-IN/a00-id/provenance/logbook/authority/prealgebra2e/m81333.source.cnxml,downloads/gu-Gujr-IN/openstax-canonical/modules/m81333/index.cnxml,downloads/gu-Gujr-IN/a00-id/modules/m81333/index.cnxml,assigned_not_started
A00,62,m81334,Add and Subtract Polynomials,0d7a30f4017099c3830bf02a5a53e2af97cdbe1a74e6e429fe90e66ed3e9a444,5a5eeefdb552aec07d06f52f48f022effb375314042bcc5c3c2717d830da9ef6,pinned_git_blob_matches_authority_bytes,downloads/gu-Gujr-IN/a00-id/provenance/logbook/authority/prealgebra2e/m81334.source.cnxml,downloads/gu-Gujr-IN/openstax-canonical/modules/m81334/index.cnxml,downloads/gu-Gujr-IN/a00-id/modules/m81334/index.cnxml,assigned_not_started
A00,63,m81335,Use Multiplication Properties of Exponents,ef7a1b980665907f3e005dabaeb4bc7ccee4b00f8957ad9f8920745ed1608db0,24303d6c74f2bd36eb1ded8c902d93a3ff78ad921c7858500a5bed9d9493a417,pinned_git_blob_matches_authority_bytes,downloads/gu-Gujr-IN/a00-id/provenance/logbook/authority/prealgebra2e/m81335.source.cnxml,downloads/gu-Gujr-IN/openstax-canonical/modules/m81335/index.cnxml,downloads/gu-Gujr-IN/a00-id/modules/m81335/index.cnxml,assigned_not_started
A00,64,m81336,Multiply Polynomials,a0ccf094e6d2298005ef4184d2eb70a8878d917409578a6c91db2f44728a24e8,4ec8962e2d613f2d94ff6dcecb2a6e30fe0b59e5ca0861d3c4ecb287c42c9e1f,pinned_git_blob_matches_authority_bytes,downloads/gu-Gujr-IN/a00-id/provenance/logbook/authority/prealgebra2e/m81336.source.cnxml,downloads/gu-Gujr-IN/openstax-canonical/modules/m81336/index.cnxml,downloads/gu-Gujr-IN/a00-id/modules/m81336/index.cnxml,assigned_not_started
A00,65,m81337,Divide Monomials,708b67c35bfbd187270feb07f0be4300c3c2ab5c32ac4c6c00f55abf5bbe2885,bfaa951f045fba4dadafd0b249196be48fd238491d14f82f948afccf55952441,pinned_git_blob_matches_authority_bytes,downloads/gu-Gujr-IN/a00-id/provenance/logbook/authority/prealgebra2e/m81337.source.cnxml,downloads/gu-Gujr-IN/openstax-canonical/modules/m81337/index.cnxml,downloads/gu-Gujr-IN/a00-id/modules/m81337/index.cnxml,assigned_not_started
A00,66,m81342,Integer Exponents and Scientific Notation,4a4db86aae3872d2a2e36f2e0c3fdd2b954cf0daa3f7864be9f9c470f6a24a94,90be75992aa9841da9d5f472cbdd710d0433c0d4ac6869e245b01e709d6b1da7,pinned_git_blob_matches_authority_bytes,downloads/gu-Gujr-IN/a00-id/provenance/logbook/authority/prealgebra2e/m81342.source.cnxml,downloads/gu-Gujr-IN/openstax-canonical/modules/m81342/index.cnxml,downloads/gu-Gujr-IN/a00-id/modules/m81342/index.cnxml,assigned_not_started
A00,67,m81347,Introduction to Factoring Polynomials,c8249a974e6cf25ae283884c79a3e6f92e69ededa6c248571dfc34565c2f897e,62c818248a74518e3d306c0d343c5f958e9d9e00467ed39872ae2e8fcacc3ad5,pinned_git_blob_matches_authority_bytes,downloads/gu-Gujr-IN/a00-id/provenance/logbook/authority/prealgebra2e/m81347.source.cnxml,downloads/gu-Gujr-IN/openstax-canonical/modules/m81347/index.cnxml,downloads/gu-Gujr-IN/a00-id/modules/m81347/index.cnxml,assigned_not_started
A00,68,m81338,Graphs,b775950d353ac1f1e62b46b814c40e94cfd48b1e304fa970d111c1c9cd059cc6,4336cb530141d4cc07493b38e71509dad50cbd891960d8a154117b617dc06f34,pinned_git_blob_matches_authority_bytes,downloads/gu-Gujr-IN/a00-id/provenance/logbook/authority/prealgebra2e/m81338.source.cnxml,downloads/gu-Gujr-IN/openstax-canonical/modules/m81338/index.cnxml,downloads/gu-Gujr-IN/a00-id/modules/m81338/index.cnxml,assigned_not_started
A00,69,m81340,Use the Rectangular Coordinate System,7eb0ca77d43a3c0058adc6ab5d095b825ab0c731908ad3995a26cd5536e9282a,2da0be2b8b5af5041de3b377e74235278e1aec5ac6133219becba7d2164daa6a,pinned_git_blob_matches_authority_bytes,downloads/gu-Gujr-IN/a00-id/provenance/logbook/authority/prealgebra2e/m81340.source.cnxml,downloads/gu-Gujr-IN/openstax-canonical/modules/m81340/index.cnxml,downloads/gu-Gujr-IN/a00-id/modules/m81340/index.cnxml,assigned_not_started
A00,70,m81345,Graphing Linear Equations,21b828340d1f7d20b4ac870863bd2cdc235771fc31593d86aa9cc397883d234c,5d0371f0f46912744cf656da4380ff550ec3f656c03164ea35dc347a3c28a9d1,pinned_git_blob_matches_authority_bytes,downloads/gu-Gujr-IN/a00-id/provenance/logbook/authority/prealgebra2e/m81345.source.cnxml,downloads/gu-Gujr-IN/openstax-canonical/modules/m81345/index.cnxml,downloads/gu-Gujr-IN/a00-id/modules/m81345/index.cnxml,assigned_not_started
A00,71,m81350,Graphing with Intercepts,39c4471567fcac36794e462e769e8220841673cab1d3bbbb1930d3e5b002afd3,c632ad8312c0f34ef2a578b107075d961c4e5aec7f9387a7b85dfc7d321bd475,pinned_git_blob_matches_authority_bytes,downloads/gu-Gujr-IN/a00-id/provenance/logbook/authority/prealgebra2e/m81350.source.cnxml,downloads/gu-Gujr-IN/openstax-canonical/modules/m81350/index.cnxml,downloads/gu-Gujr-IN/a00-id/modules/m81350/index.cnxml,assigned_not_started
A00,72,m81354,Understand Slope of a Line,7e551b2b55f12a797840ec100bf18f51d0408da2d225fd68ccbb79df65096df5,b4bba080937e25be3357a8c0a54a3c258033c244c1e8e5b3e6df67dfe5526aca,pinned_git_blob_matches_authority_bytes,downloads/gu-Gujr-IN/a00-id/provenance/logbook/authority/prealgebra2e/m81354.source.cnxml,downloads/gu-Gujr-IN/openstax-canonical/modules/m81354/index.cnxml,downloads/gu-Gujr-IN/a00-id/modules/m81354/index.cnxml,assigned_not_started
A00,73,m56252,Cumulative Review,5e6a5824b5d53714cee89becad578f85932c75e1f0a61754dfc532cc5903ca58,ed2a38e86c857376f4a6b92edb0ffc581a1f6bf58c8d9dbee4a4033e80bee60c,pinned_git_blob_matches_authority_bytes,downloads/gu-Gujr-IN/a00-id/provenance/logbook/authority/prealgebra2e/m56252.source.cnxml,downloads/gu-Gujr-IN/openstax-canonical/modules/m56252/index.cnxml,downloads/gu-Gujr-IN/a00-id/modules/m56252/index.cnxml,assigned_not_started
A00,74,m56244,Powers and Roots Tables,6b3feca177dc524fc8df505f05508026b6fe8c48d46281c5aaaf5e160d91387e,0521f6287363fd04c7153ddfe1af16b9cf8d02d3ed48a84b4d8259466aedceb5,pinned_git_blob_matches_authority_bytes,downloads/gu-Gujr-IN/a00-id/provenance/logbook/authority/prealgebra2e/m56244.source.cnxml,downloads/gu-Gujr-IN/openstax-canonical/modules/m56244/index.cnxml,downloads/gu-Gujr-IN/a00-id/modules/m56244/index.cnxml,assigned_not_started
A00,75,m56248,Geometric Formulas,e47ec8b7da0eeb09e11fff6bd31d264ecb02d7c25e6e511085ceb1a7127e0c68,dc11cb811d70ed6695565c38fde3b58cb3c90e14d35f323083c5be5d7da668e7,pinned_git_blob_matches_authority_bytes,downloads/gu-Gujr-IN/a00-id/provenance/logbook/authority/prealgebra2e/m56248.source.cnxml,downloads/gu-Gujr-IN/openstax-canonical/modules/m56248/index.cnxml,downloads/gu-Gujr-IN/a00-id/modules/m56248/index.cnxml,assigned_not_started
A10,1,m82630,Preface,d9f45fb31f4cb399c009c2be25eca1a99132b4b6882fb07f8649c2d56974f90b,015098db38e15422185f5d179c94b2d07dd3c074f2d4468ab65f75518fc732dd,pinned_git_blob_matches_authority_bytes,downloads/gu-Gujr-IN/a10-release/source/authority/source/modules/m82630/index.cnxml,downloads/gu-Gujr-IN/openstax-canonical/modules/m82630/index.cnxml,downloads/gu-Gujr-IN/a10-release/source/translated/modules/m82630/index.cnxml,drafting
A10,2,m82451,Introduction,025f994e3c66f19462c9423788f703f7987fecb67656911d840fdd15a58d8a4a,3e16907bd26f3cf1cafb2ff60eadabff499f59a1f9484ce45759d2ae99cea867,pinned_git_blob_matches_authority_bytes,downloads/gu-Gujr-IN/a10-release/source/authority/source/modules/m82451/index.cnxml,downloads/gu-Gujr-IN/openstax-canonical/modules/m82451/index.cnxml,downloads/gu-Gujr-IN/a10-release/source/translated/modules/m82451/index.cnxml,drafting
A10,3,m82452,Introduction to Whole Numbers,0eaf5db27fd4e16e70d34d4b936abe173b93699e267b519e449c7b56f7233310,940ad448d8b2788984f386405131866fe32abb95f0f9c2a901ca1f4e3619a6fb,pinned_git_blob_matches_authority_bytes,downloads/gu-Gujr-IN/a10-release/source/authority/source/modules/m82452/index.cnxml,downloads/gu-Gujr-IN/openstax-canonical/modules/m82452/index.cnxml,downloads/gu-Gujr-IN/a10-release/source/translated/modules/m82452/index.cnxml,drafting
A10,4,m82453,Use the Language of Algebra,a8fdd235aa254c5a0a1248fa858e9b3579d9b40982bbc514cbe6a18c3e6fcbed,2c0b688d569044b128d589579e9ba7d871a0fb9ac7a670ac6f22d0ef2b66e635,pinned_git_blob_matches_authority_bytes,downloads/gu-Gujr-IN/a10-release/source/authority/source/modules/m82453/index.cnxml,downloads/gu-Gujr-IN/openstax-canonical/modules/m82453/index.cnxml,downloads/gu-Gujr-IN/a10-release/source/translated/modules/m82453/index.cnxml,drafting
A10,5,m82454,Add and Subtract Integers,4483b9df8736598af20287450b89cf367728da04c697f85f1abb64bbeffb092f,dcfecfa37b1b6b77d826c16612cc14dfe127dea5720cb6cc0d71029b65f73c40,pinned_git_blob_matches_authority_bytes,downloads/gu-Gujr-IN/a10-release/source/authority/source/modules/m82454/index.cnxml,downloads/gu-Gujr-IN/openstax-canonical/modules/m82454/index.cnxml,downloads/gu-Gujr-IN/a10-release/source/translated/modules/m82454/index.cnxml,drafting
A10,6,m82455,Multiply and Divide Integers,794635f93249017847f2646910d007e9de53b00ee6037133aa5c3edb7c2b88ec,836b73331c416e444c3243c942909d32d5fdf2a4a76709be281a00244a19f9d8,pinned_git_blob_matches_authority_bytes,downloads/gu-Gujr-IN/a10-release/source/authority/source/modules/m82455/index.cnxml,downloads/gu-Gujr-IN/openstax-canonical/modules/m82455/index.cnxml,downloads/gu-Gujr-IN/a10-release/source/translated/modules/m82455/index.cnxml,drafting
A10,7,m82456,Visualize Fractions,1d3b69d74603175eb3c8aae95319b14bee988a56345c67384c0090b29995ab33,7ee200e3c77d1e7963e5f6e43397151c62b3a0b7dec265c7987524ebf3f05131,pinned_git_blob_matches_authority_bytes,downloads/gu-Gujr-IN/a10-release/source/authority/source/modules/m82456/index.cnxml,downloads/gu-Gujr-IN/openstax-canonical/modules/m82456/index.cnxml,downloads/gu-Gujr-IN/a10-release/source/translated/modules/m82456/index.cnxml,drafting
A10,8,m82457,Add and Subtract Fractions,a8db22ca9c8c10c7f95fa3aa4dcb18596711741478515c220a75e291273983e9,bead90d5c0bec00fd1400c082ceaf4916cf15c0da1c143992eda75cd0348e5dc,pinned_git_blob_matches_authority_bytes,downloads/gu-Gujr-IN/a10-release/source/authority/source/modules/m82457/index.cnxml,downloads/gu-Gujr-IN/openstax-canonical/modules/m82457/index.cnxml,downloads/gu-Gujr-IN/a10-release/source/translated/modules/m82457/index.cnxml,drafting
A10,9,m82458,Decimals,678dc0c3ae2aad0192c0314395541720d6c6eb97f56d2f4d169f056fe1e630cb,ce2d93e04d449194c5b3f82c0e857f2ce3b216113b80b310625b7cc0a7702172,pinned_git_blob_matches_authority_bytes,downloads/gu-Gujr-IN/a10-release/source/authority/source/modules/m82458/index.cnxml,downloads/gu-Gujr-IN/openstax-canonical/modules/m82458/index.cnxml,downloads/gu-Gujr-IN/a10-release/source/translated/modules/m82458/index.cnxml,drafting
A10,10,m82459,The Real Numbers,730f4347e986d692a35dbecd7d22a68b461de068dafe077809c9f37844ab2fb0,c212d6bfb63bfb18e37c2f35b20d3bd275b13997f3df4987e93866c0957f459f,pinned_git_blob_matches_authority_bytes,downloads/gu-Gujr-IN/a10-release/source/authority/source/modules/m82459/index.cnxml,downloads/gu-Gujr-IN/openstax-canonical/modules/m82459/index.cnxml,downloads/gu-Gujr-IN/a10-release/source/translated/modules/m82459/index.cnxml,drafting
A10,11,m82460,Properties of Real Numbers,ee089e74a6609868c94808e624d57016de348a791b577458c539c93584bba9a5,81cce3b29a23b85772b7d77037cc1a53bb886d620557374cf0be180d5d8580a6,pinned_git_blob_matches_authority_bytes,downloads/gu-Gujr-IN/a10-release/source/authority/source/modules/m82460/index.cnxml,downloads/gu-Gujr-IN/openstax-canonical/modules/m82460/index.cnxml,downloads/gu-Gujr-IN/a10-release/source/translated/modules/m82460/index.cnxml,drafting
A10,12,m82461,Systems of Measurement,df82cee2f1a278bb88f392572457ee679bc09d108962a9b6c72ba5bb0084655e,65bcf3ab72308630bae922bc572a8e5e4bb82f11a80670a7e47c04b74004a503,pinned_git_blob_matches_authority_bytes,downloads/gu-Gujr-IN/a10-release/source/authority/source/modules/m82461/index.cnxml,downloads/gu-Gujr-IN/openstax-canonical/modules/m82461/index.cnxml,downloads/gu-Gujr-IN/a10-release/source/translated/modules/m82461/index.cnxml,assigned_not_started
A10,13,m82462,Introduction,7f29e8b9558d6d37553e5991cfffc7cc27c320e2a92ed98db563e76a90e8a51e,bd226bd3d2e0db240907809772ae70806c7a00278c3be35161aefe549086b452,pinned_git_blob_matches_authority_bytes,downloads/gu-Gujr-IN/a10-release/source/authority/source/modules/m82462/index.cnxml,downloads/gu-Gujr-IN/openstax-canonical/modules/m82462/index.cnxml,downloads/gu-Gujr-IN/a10-release/source/translated/modules/m82462/index.cnxml,assigned_not_started
A10,14,m82463,Solve Equations Using the Subtraction and Addition Properties of Equality,b6345a5a6a99108f9d32d6518445a4ae70a6b0c54a258021dffc6f2b77b8278a,0f9d709ce2b32c18254be9f11a57db1b70f9477739e2b9dddc6857ad3992fe85,pinned_git_blob_matches_authority_bytes,downloads/gu-Gujr-IN/a10-release/source/authority/source/modules/m82463/index.cnxml,downloads/gu-Gujr-IN/openstax-canonical/modules/m82463/index.cnxml,downloads/gu-Gujr-IN/a10-release/source/translated/modules/m82463/index.cnxml,assigned_not_started
A10,15,m82464,Solve Equations using the Division and Multiplication Properties of Equality,099aae173772040a83d8c9160980922315352fc2a699af7c6f25ddc594a0c0bc,3711ab8d9da1e5cfa13667212515dc69c4da29900282e7b4a39c59ceadf9dd06,pinned_git_blob_matches_authority_bytes,downloads/gu-Gujr-IN/a10-release/source/authority/source/modules/m82464/index.cnxml,downloads/gu-Gujr-IN/openstax-canonical/modules/m82464/index.cnxml,downloads/gu-Gujr-IN/a10-release/source/translated/modules/m82464/index.cnxml,assigned_not_started
A10,16,m82465,Solve Equations with Variables and Constants on Both Sides,320496fe179611ea5e34e8bbf62a28317385e19a2c8038f304183a9dd5847692,47b8781e0432d2be7902f60772e3ae8d02f9f1e624e0deb030491a9cc5178590,pinned_git_blob_matches_authority_bytes,downloads/gu-Gujr-IN/a10-release/source/authority/source/modules/m82465/index.cnxml,downloads/gu-Gujr-IN/openstax-canonical/modules/m82465/index.cnxml,downloads/gu-Gujr-IN/a10-release/source/translated/modules/m82465/index.cnxml,assigned_not_started
A10,17,m82467,Use a General Strategy to Solve Linear Equations,ba8c5d2d4c0fed618bbf37ebf94d4f18681672d2563b3ae670bd07fad52de7b5,dd64975fdfccd9e43b4942c78113276d70ac8f9daa8fb5d67f27988866d89ed8,pinned_git_blob_matches_authority_bytes,downloads/gu-Gujr-IN/a10-release/source/authority/source/modules/m82467/index.cnxml,downloads/gu-Gujr-IN/openstax-canonical/modules/m82467/index.cnxml,downloads/gu-Gujr-IN/a10-release/source/translated/modules/m82467/index.cnxml,assigned_not_started
A10,18,m82468,Solve Equations with Fractions or Decimals,c37321a5d8e4dd5f83f90b4b65c2b3516474b5cdea885f84a28ca15e5cea37e0,232487d2d88170460bc2acc275ef338790e5a9c11d227b92b3e13ec8a2a485f2,pinned_git_blob_matches_authority_bytes,downloads/gu-Gujr-IN/a10-release/source/authority/source/modules/m82468/index.cnxml,downloads/gu-Gujr-IN/openstax-canonical/modules/m82468/index.cnxml,downloads/gu-Gujr-IN/a10-release/source/translated/modules/m82468/index.cnxml,assigned_not_started
A10,19,m82469,Solve a Formula for a Specific Variable,16d4267bb97fc62bff7a71c2d6051796d0c9dbf7f98f3bfc978d60ba07574676,f904c178f52736f6d4576cab4158d1224653d9e0a7cba686ecc44d648670a39a,pinned_git_blob_matches_authority_bytes,downloads/gu-Gujr-IN/a10-release/source/authority/source/modules/m82469/index.cnxml,downloads/gu-Gujr-IN/openstax-canonical/modules/m82469/index.cnxml,downloads/gu-Gujr-IN/a10-release/source/translated/modules/m82469/index.cnxml,assigned_not_started
A10,20,m82470,Solve Linear Inequalities,e0c457e6b1fb1da6d93a1ffca68347b7afb1bd73683ed9575a10672b4aef13c9,1dc6e3e6a97a62a840f8533dc192333699d94643ef62a454786f5a14440c0980,pinned_git_blob_matches_authority_bytes,downloads/gu-Gujr-IN/a10-release/source/authority/source/modules/m82470/index.cnxml,downloads/gu-Gujr-IN/openstax-canonical/modules/m82470/index.cnxml,downloads/gu-Gujr-IN/a10-release/source/translated/modules/m82470/index.cnxml,assigned_not_started
A10,21,m82471,Introduction,d26124fab62ee09dc6aba226b74e272380f313a30a35c68551688a3e58b5403f,916324526c9f1d26742f8031dd17ce2e5f1cfddff1226b9acd85482f2883fcf8,pinned_git_blob_matches_authority_bytes,downloads/gu-Gujr-IN/a10-release/source/authority/source/modules/m82471/index.cnxml,downloads/gu-Gujr-IN/openstax-canonical/modules/m82471/index.cnxml,downloads/gu-Gujr-IN/a10-release/source/translated/modules/m82471/index.cnxml,assigned_not_started
A10,22,m82472,Use a Problem-Solving Strategy,20ce180be4410e0f5112d1b6656bf7893d61798b6afaa119ab21f4697eb435d5,0107f52fec87688175c5b13d8a1924504867638b4549cd8d29149957a00f2f2f,pinned_git_blob_matches_authority_bytes,downloads/gu-Gujr-IN/a10-release/source/authority/source/modules/m82472/index.cnxml,downloads/gu-Gujr-IN/openstax-canonical/modules/m82472/index.cnxml,downloads/gu-Gujr-IN/a10-release/source/translated/modules/m82472/index.cnxml,assigned_not_started
A10,23,m82473,Solve Percent Applications,e6dc099430c7ecd3d26f843827ac2f89936a2fe30b09f1ffd02b23622d278ec2,542b31326622ae1f5ff260dfc6d7d33e0c774eacc8500dc26d249a54b9f6623d,pinned_git_blob_matches_authority_bytes,downloads/gu-Gujr-IN/a10-release/source/authority/source/modules/m82473/index.cnxml,downloads/gu-Gujr-IN/openstax-canonical/modules/m82473/index.cnxml,downloads/gu-Gujr-IN/a10-release/source/translated/modules/m82473/index.cnxml,assigned_not_started
A10,24,m82475,Solve Mixture Applications,a0914cc484f0ae4244cb0bd25bde40ce9e0a7ad959cc7cf9c22605ac0feac21f,eb0792901c1fc18e9308b57ae5e03fbf3fedb594f6adbd67ca701ce2e7a939bd,pinned_git_blob_matches_authority_bytes,downloads/gu-Gujr-IN/a10-release/source/authority/source/modules/m82475/index.cnxml,downloads/gu-Gujr-IN/openstax-canonical/modules/m82475/index.cnxml,downloads/gu-Gujr-IN/a10-release/source/translated/modules/m82475/index.cnxml,assigned_not_started
A10,25,m82476,"Solve Geometry Applications: Triangles, Rectangles, and the Pythagorean Theorem",99e3e706aed8738ab63f09403baedc7c1825f21a1bc90e3663da198f94270aaa,07cd5b14032e455531716ad0a47f417984a5dbdd2eded39b9b2fd2322df08c2b,pinned_git_blob_matches_authority_bytes,downloads/gu-Gujr-IN/a10-release/source/authority/source/modules/m82476/index.cnxml,downloads/gu-Gujr-IN/openstax-canonical/modules/m82476/index.cnxml,downloads/gu-Gujr-IN/a10-release/source/translated/modules/m82476/index.cnxml,assigned_not_started
A10,26,m82477,Solve Uniform Motion Applications,82b5b6794f3a95980f111a82ebc9369052d84ef620b07842aa5264187a960103,9e82dabc8861941476f6e0707c256b53a064a38e00f5c52b75309a4e9b3435a0,pinned_git_blob_matches_authority_bytes,downloads/gu-Gujr-IN/a10-release/source/authority/source/modules/m82477/index.cnxml,downloads/gu-Gujr-IN/openstax-canonical/modules/m82477/index.cnxml,downloads/gu-Gujr-IN/a10-release/source/translated/modules/m82477/index.cnxml,assigned_not_started
A10,27,m82478,Solve Applications with Linear Inequalities,b9f66a9d5fcc0c97c095b18d87f8df9432517bc4743eeb5a5b82f12b202c856b,c31b91f242efbea2aa2e3c1ce0a7a51148c0289756681874ab48bc025d6196b6,pinned_git_blob_matches_authority_bytes,downloads/gu-Gujr-IN/a10-release/source/authority/source/modules/m82478/index.cnxml,downloads/gu-Gujr-IN/openstax-canonical/modules/m82478/index.cnxml,downloads/gu-Gujr-IN/a10-release/source/translated/modules/m82478/index.cnxml,assigned_not_started
A10,28,m82479,Introduction,11359ef93240afac73da457cef99f43f9f822d0cc31f92384da0e0284db17571,07c047f225583ac68edafec324e9ea4f369731af2be1f98ac3fe28158f021cf2,pinned_git_blob_matches_authority_bytes,downloads/gu-Gujr-IN/a10-release/source/authority/source/modules/m82479/index.cnxml,downloads/gu-Gujr-IN/openstax-canonical/modules/m82479/index.cnxml,downloads/gu-Gujr-IN/a10-release/source/translated/modules/m82479/index.cnxml,assigned_not_started
A10,29,m82480,Use the Rectangular Coordinate System,2a6a9119b3419219268b6020706b407f7053640f24769b0457938e4ed6dc7d49,f2c1286b6b43c75b79e6905dd47e7b40704d3aa68b47dad349b77264e2598564,pinned_git_blob_matches_authority_bytes,downloads/gu-Gujr-IN/a10-release/source/authority/source/modules/m82480/index.cnxml,downloads/gu-Gujr-IN/openstax-canonical/modules/m82480/index.cnxml,downloads/gu-Gujr-IN/a10-release/source/translated/modules/m82480/index.cnxml,assigned_not_started
A10,30,m82481,Graph  Linear Equations in Two Variables,3dad2cfd94f46ca7866b3ed31cc7c61981ae32b655cb45b1f6ec8abb06d20690,4c805f93d27fc82d355be08ef2530dfce6d2b86244eba70fd5eb3be716dd8046,pinned_git_blob_matches_authority_bytes,downloads/gu-Gujr-IN/a10-release/source/authority/source/modules/m82481/index.cnxml,downloads/gu-Gujr-IN/openstax-canonical/modules/m82481/index.cnxml,downloads/gu-Gujr-IN/a10-release/source/translated/modules/m82481/index.cnxml,assigned_not_started
A10,31,m82482,Graph with Intercepts,48d870bf629ec82c95e917aec7663a070460a972b1d6f7b352e62c1ca146f610,722cf35c363753a702c4fca6f4bd79b5a85c98fb40865ab71dbef2b70019eb15,pinned_git_blob_matches_authority_bytes,downloads/gu-Gujr-IN/a10-release/source/authority/source/modules/m82482/index.cnxml,downloads/gu-Gujr-IN/openstax-canonical/modules/m82482/index.cnxml,downloads/gu-Gujr-IN/a10-release/source/translated/modules/m82482/index.cnxml,assigned_not_started
A10,32,m82483,Understand Slope of a Line,8130cebf809a00beb5ce8f70b7c8bddbc54891e473f932e6ada9786e2a7d8102,5810829da7ec809d216445a83c804e5516394d1b0f9262627d880aa25059c0a3,pinned_git_blob_matches_authority_bytes,downloads/gu-Gujr-IN/a10-release/source/authority/source/modules/m82483/index.cnxml,downloads/gu-Gujr-IN/openstax-canonical/modules/m82483/index.cnxml,downloads/gu-Gujr-IN/a10-release/source/translated/modules/m82483/index.cnxml,assigned_not_started
A10,33,m82485,Use the Slope-Intercept Form of an Equation of a Line,04df4f86a34f22fcf0ba98dc1707e393e07e3153a8afc7476e1248215c3d3342,d2e9addadefddafbbffaa5f655875ff1c1d54d44362f9a6b3987be13eae48423,pinned_git_blob_matches_authority_bytes,downloads/gu-Gujr-IN/a10-release/source/authority/source/modules/m82485/index.cnxml,downloads/gu-Gujr-IN/openstax-canonical/modules/m82485/index.cnxml,downloads/gu-Gujr-IN/a10-release/source/translated/modules/m82485/index.cnxml,assigned_not_started
A10,34,m82486,Find the Equation of a Line,96a2b684328ce9ffbc751b01071305f58777a3821adb34aef050521573da96a2,226f4791bf14a28db1a356bcdf955492cc9a0e31ff97a4bcfded8d389b5f8911,pinned_git_blob_matches_authority_bytes,downloads/gu-Gujr-IN/a10-release/source/authority/source/modules/m82486/index.cnxml,downloads/gu-Gujr-IN/openstax-canonical/modules/m82486/index.cnxml,downloads/gu-Gujr-IN/a10-release/source/translated/modules/m82486/index.cnxml,assigned_not_started
A10,35,m82488,Graphs of Linear Inequalities,2253664eaa3f30c2f722b6a8cf1679714f2a7096ffc04187dabdbd254baab5ea,3c75f0c60210816bf5d06b793f44ec52d9b2b9a0f39adefe74668a6b70825a52,pinned_git_blob_matches_authority_bytes,downloads/gu-Gujr-IN/a10-release/source/authority/source/modules/m82488/index.cnxml,downloads/gu-Gujr-IN/openstax-canonical/modules/m82488/index.cnxml,downloads/gu-Gujr-IN/a10-release/source/translated/modules/m82488/index.cnxml,assigned_not_started
A10,36,m82489,Introduction,cf8bd4854cca4da6f63a74be004c16474e6760e81d3b70cb2024c3d29ae7ee64,123500cb68732b46fc38294660d47dd62e5959556421d30a9d5e88c8c6cfd537,pinned_git_blob_matches_authority_bytes,downloads/gu-Gujr-IN/a10-release/source/authority/source/modules/m82489/index.cnxml,downloads/gu-Gujr-IN/openstax-canonical/modules/m82489/index.cnxml,downloads/gu-Gujr-IN/a10-release/source/translated/modules/m82489/index.cnxml,assigned_not_started
A10,37,m82490,Solve Systems of Equations by Graphing,4260761a89d2ce6ab36271f260137e4338208eafef2c4b156e2c87e6b74f3930,4759362e3a20a6d43ca0e5ecdbcb4439723508edaed82e167cd0b53e3317edbb,pinned_git_blob_matches_authority_bytes,downloads/gu-Gujr-IN/a10-release/source/authority/source/modules/m82490/index.cnxml,downloads/gu-Gujr-IN/openstax-canonical/modules/m82490/index.cnxml,downloads/gu-Gujr-IN/a10-release/source/translated/modules/m82490/index.cnxml,assigned_not_started
A10,38,m82494,Solving Systems of Equations by Substitution,836da96585f90b9b47f649a87b35f4b3f8923b970915d4be191c35d6fc320fa0,cf0ae64bff1fbafe6f7f341678eb2bb2c4759ced8464343064ffc9dea9cbcc34,pinned_git_blob_matches_authority_bytes,downloads/gu-Gujr-IN/a10-release/source/authority/source/modules/m82494/index.cnxml,downloads/gu-Gujr-IN/openstax-canonical/modules/m82494/index.cnxml,downloads/gu-Gujr-IN/a10-release/source/translated/modules/m82494/index.cnxml,assigned_not_started
A10,39,m82495,Solve Systems of Equations by Elimination,767efb1f3c810c3deddb19378ef7249d4cec101836fd1377410b8c389ef4e411,3bc0e892ec8f4f029f4bcb76f3d1d04bf877c791fb71975854d22a342495743a,pinned_git_blob_matches_authority_bytes,downloads/gu-Gujr-IN/a10-release/source/authority/source/modules/m82495/index.cnxml,downloads/gu-Gujr-IN/openstax-canonical/modules/m82495/index.cnxml,downloads/gu-Gujr-IN/a10-release/source/translated/modules/m82495/index.cnxml,assigned_not_started
A10,40,m82497,Solve Applications with Systems of Equations,a863e622c845aed284969e84a419bb1196a4783cfd55157ca432fdba7479a2cb,fd353af5d74201338e256bc702268887a9d193a85110fa7df264b138474ad501,pinned_git_blob_matches_authority_bytes,downloads/gu-Gujr-IN/a10-release/source/authority/source/modules/m82497/index.cnxml,downloads/gu-Gujr-IN/openstax-canonical/modules/m82497/index.cnxml,downloads/gu-Gujr-IN/a10-release/source/translated/modules/m82497/index.cnxml,assigned_not_started
A10,41,m82498,Solve Mixture Applications with Systems of Equations,607c4f5ad977f2122d1442222accd7856e809ddb88428df0f58589c26fac8a2c,0aca49896847b73323088ad0c54e8b78da9db99cf34960a9b75019208b6fda7d,pinned_git_blob_matches_authority_bytes,downloads/gu-Gujr-IN/a10-release/source/authority/source/modules/m82498/index.cnxml,downloads/gu-Gujr-IN/openstax-canonical/modules/m82498/index.cnxml,downloads/gu-Gujr-IN/a10-release/source/translated/modules/m82498/index.cnxml,assigned_not_started
A10,42,m82499,Graphing Systems of Linear Inequalities,7ff705b629929f54fa4682f3f283f030c47cef3233fb609b9e36a5a1002c6e4b,84c7045ee0390306e9d77884ada3af1d44abe7398f69688c5a679dd0150d95dd,pinned_git_blob_matches_authority_bytes,downloads/gu-Gujr-IN/a10-release/source/authority/source/modules/m82499/index.cnxml,downloads/gu-Gujr-IN/openstax-canonical/modules/m82499/index.cnxml,downloads/gu-Gujr-IN/a10-release/source/translated/modules/m82499/index.cnxml,assigned_not_started
A10,43,m82500,Introduction,e1f95e5e73d7bde0c0476bbeb31cd8152601ff98d837573fc2f221c914f57d8c,54005ceaf3d6157c484e577ecef7c53c5dd041faa5f591c24b2bd4b22c507e7c,pinned_git_blob_matches_authority_bytes,downloads/gu-Gujr-IN/a10-release/source/authority/source/modules/m82500/index.cnxml,downloads/gu-Gujr-IN/openstax-canonical/modules/m82500/index.cnxml,downloads/gu-Gujr-IN/a10-release/source/translated/modules/m82500/index.cnxml,assigned_not_started
A10,44,m82501,Add and Subtract Polynomials,7581369b8868eab9d9b43abb8ac0d5966238816d62d275d08f3f7706cc0d0515,9ee4a9938545366a78e98462c77fb84a6f4807f4592b5caa2a47482e88c7faaf,pinned_git_blob_matches_authority_bytes,downloads/gu-Gujr-IN/a10-release/source/authority/source/modules/m82501/index.cnxml,downloads/gu-Gujr-IN/openstax-canonical/modules/m82501/index.cnxml,downloads/gu-Gujr-IN/a10-release/source/translated/modules/m82501/index.cnxml,assigned_not_started
A10,45,m82504,Use Multiplication Properties of Exponents,81543a80a6fda2f73b02d693dddc13a15f92d136f966f786523210078122a2cc,93b7d5d3ca84fa82628532044d36991c88aa7fa47efead65476676ddfe2fa602,pinned_git_blob_matches_authority_bytes,downloads/gu-Gujr-IN/a10-release/source/authority/source/modules/m82504/index.cnxml,downloads/gu-Gujr-IN/openstax-canonical/modules/m82504/index.cnxml,downloads/gu-Gujr-IN/a10-release/source/translated/modules/m82504/index.cnxml,assigned_not_started
A10,46,m82507,Multiply Polynomials,ee055ce7ab403b6720aa6fd3595fb8171d0b29a380c6c7144a5a75fb5082de39,40dd225401f75c2b0c860361da5a42c0e5f789fa75a1d0a788ee0842be407dc7,pinned_git_blob_matches_authority_bytes,downloads/gu-Gujr-IN/a10-release/source/authority/source/modules/m82507/index.cnxml,downloads/gu-Gujr-IN/openstax-canonical/modules/m82507/index.cnxml,downloads/gu-Gujr-IN/a10-release/source/translated/modules/m82507/index.cnxml,assigned_not_started
A10,47,m82508,Special Products,0a9dcf27a0c7e7d86d216e07dfa454d988080fead3b524a9bbe48f539cfcd02c,39fe0b8f2f82df7894273a2248d61104d778a86c3678017a779c92dff851310a,pinned_git_blob_matches_authority_bytes,downloads/gu-Gujr-IN/a10-release/source/authority/source/modules/m82508/index.cnxml,downloads/gu-Gujr-IN/openstax-canonical/modules/m82508/index.cnxml,downloads/gu-Gujr-IN/a10-release/source/translated/modules/m82508/index.cnxml,assigned_not_started
A10,48,m82509,Divide Monomials,514111c4b7e57828d1cfcc9b4c71220359daa5b88167850edbcba16013a60e9c,244327acd3ba8ced5d99904373d8d99d594bed226dfea96e9f2df9827fc0cd26,pinned_git_blob_matches_authority_bytes,downloads/gu-Gujr-IN/a10-release/source/authority/source/modules/m82509/index.cnxml,downloads/gu-Gujr-IN/openstax-canonical/modules/m82509/index.cnxml,downloads/gu-Gujr-IN/a10-release/source/translated/modules/m82509/index.cnxml,assigned_not_started
A10,49,m82513,Divide Polynomials,e2b83a9a80310aac00f0dee1667b14eab2c2357f1a5302d7a9a2eecd30cfdb0a,1205bad0e53d5e744cf6ee99d5f61835c2aafc1eeb15e09d17bcb886f90516d8,pinned_git_blob_matches_authority_bytes,downloads/gu-Gujr-IN/a10-release/source/authority/source/modules/m82513/index.cnxml,downloads/gu-Gujr-IN/openstax-canonical/modules/m82513/index.cnxml,downloads/gu-Gujr-IN/a10-release/source/translated/modules/m82513/index.cnxml,assigned_not_started
A10,50,m82514,Integer Exponents and Scientific Notation,b01d1dc9da1ccb784fd1089dc08deb55953f790ca3d4851a472ae06c4f43e75d,e96cd57a49055ffb1809e8fd0a3ab5465c427309564c52dfce35e3127be3e16a,pinned_git_blob_matches_authority_bytes,downloads/gu-Gujr-IN/a10-release/source/authority/source/modules/m82514/index.cnxml,downloads/gu-Gujr-IN/openstax-canonical/modules/m82514/index.cnxml,downloads/gu-Gujr-IN/a10-release/source/translated/modules/m82514/index.cnxml,assigned_not_started
A10,51,m82561,Introduction,e96dbdaa374925c9921a3bb38245d7190792ee3f356c2a2053a07c9ae65d7552,5cc249c558a8dd35bb0394e22878fcd0ff0040fb8eb61d54d36713aae4ea2ede,pinned_git_blob_matches_authority_bytes,downloads/gu-Gujr-IN/a10-release/source/authority/source/modules/m82561/index.cnxml,downloads/gu-Gujr-IN/openstax-canonical/modules/m82561/index.cnxml,downloads/gu-Gujr-IN/a10-release/source/translated/modules/m82561/index.cnxml,assigned_not_started
A10,52,m82564,Greatest Common Factor and Factor by Grouping,d99c27b775c48e7bb7e8725a158ba41fed78eefcfa463610b4b71df7f9761ebc,efa950ab522d53e5f5dc7feb7ee55013a595c79838cf5fcde8abafc80f603615,pinned_git_blob_matches_authority_bytes,downloads/gu-Gujr-IN/a10-release/source/authority/source/modules/m82564/index.cnxml,downloads/gu-Gujr-IN/openstax-canonical/modules/m82564/index.cnxml,downloads/gu-Gujr-IN/a10-release/source/translated/modules/m82564/index.cnxml,assigned_not_started
A10,53,m82566,Factor Trinomials of the Form x,aa1a6cf511f5d7788ef02aaeacf28758b99aaea9d4f1b5c3b047216aa0427061,8f0180b7cd9aef113c2fe9a418cc09f8c3de3441daf1bb7db8534d5b2ee4fc20,pinned_git_blob_matches_authority_bytes,downloads/gu-Gujr-IN/a10-release/source/authority/source/modules/m82566/index.cnxml,downloads/gu-Gujr-IN/openstax-canonical/modules/m82566/index.cnxml,downloads/gu-Gujr-IN/a10-release/source/translated/modules/m82566/index.cnxml,assigned_not_started
A10,54,m82527,Factor Trinomials of the Form ax,f5382f3e31278186bffc235ed5704c216c0a62c3ab752e9cceb3b5d4c585af46,dca3f1260903feae9a5f46ab65f9848d50fd4524adb144e587e2f9c496e21c7a,pinned_git_blob_matches_authority_bytes,downloads/gu-Gujr-IN/a10-release/source/authority/source/modules/m82527/index.cnxml,downloads/gu-Gujr-IN/openstax-canonical/modules/m82527/index.cnxml,downloads/gu-Gujr-IN/a10-release/source/translated/modules/m82527/index.cnxml,assigned_not_started
A10,55,m82528,Factor Special Products,ea2f48deca02022bb7467b1151dd529c916eb6136adb0cc466af536066f84915,6c80314980f46600ce685067251994a9177db3426f38c1fc69105b6a8bdf8ed4,pinned_git_blob_matches_authority_bytes,downloads/gu-Gujr-IN/a10-release/source/authority/source/modules/m82528/index.cnxml,downloads/gu-Gujr-IN/openstax-canonical/modules/m82528/index.cnxml,downloads/gu-Gujr-IN/a10-release/source/translated/modules/m82528/index.cnxml,assigned_not_started
A10,56,m82529,General Strategy for Factoring Polynomials,c3ed2db3b716fa9df5f4881a6420147a3accb56151d7cc2421fa8ebe662611b4,50646bbcea90314154386d4de1b791998a02e746c14a0ac188a51d3531520da7,pinned_git_blob_matches_authority_bytes,downloads/gu-Gujr-IN/a10-release/source/authority/source/modules/m82529/index.cnxml,downloads/gu-Gujr-IN/openstax-canonical/modules/m82529/index.cnxml,downloads/gu-Gujr-IN/a10-release/source/translated/modules/m82529/index.cnxml,assigned_not_started
A10,57,m82530,Quadratic Equations,250a7905595c0c51ee3e22e3440c8d1ff4a8fb34a63d70e0d2e70a63c43f05bf,b991838b3a51ed18727ee335fe89a013cec873b1562b8e321d41a795921bbdc8,pinned_git_blob_matches_authority_bytes,downloads/gu-Gujr-IN/a10-release/source/authority/source/modules/m82530/index.cnxml,downloads/gu-Gujr-IN/openstax-canonical/modules/m82530/index.cnxml,downloads/gu-Gujr-IN/a10-release/source/translated/modules/m82530/index.cnxml,assigned_not_started
A10,58,m82531,Introduction,9f5abd763a3aaea4e14428cd7f7cb8c8a2eb13da052f4bd489dda47f4268830f,6ecdb9d08398e943a8897d38d502990108da10106b6f1b50e2461196ee1106e6,pinned_git_blob_matches_authority_bytes,downloads/gu-Gujr-IN/a10-release/source/authority/source/modules/m82531/index.cnxml,downloads/gu-Gujr-IN/openstax-canonical/modules/m82531/index.cnxml,downloads/gu-Gujr-IN/a10-release/source/translated/modules/m82531/index.cnxml,assigned_not_started
A10,59,m82532,Simplify Rational Expressions,995bf57d89542a0cc93734d99857a8461530d40393da82fa4696906ab65acb17,c458f69b1a64cc34cf75d6f283cb48beba296c86c280837ae60fc05c1483aad1,pinned_git_blob_matches_authority_bytes,downloads/gu-Gujr-IN/a10-release/source/authority/source/modules/m82532/index.cnxml,downloads/gu-Gujr-IN/openstax-canonical/modules/m82532/index.cnxml,downloads/gu-Gujr-IN/a10-release/source/translated/modules/m82532/index.cnxml,assigned_not_started
A10,60,m82533,Multiply and Divide Rational Expressions,3798bb3e42d5dc510ffcd902881ac298d000bebac8678e7fed03980b97f824f8,0768fe8cb7c33a0da689c8df1657accf860958a8d382d10a22b2832d277b6da0,pinned_git_blob_matches_authority_bytes,downloads/gu-Gujr-IN/a10-release/source/authority/source/modules/m82533/index.cnxml,downloads/gu-Gujr-IN/openstax-canonical/modules/m82533/index.cnxml,downloads/gu-Gujr-IN/a10-release/source/translated/modules/m82533/index.cnxml,assigned_not_started
A10,61,m82534,Add and Subtract Rational Expressions with a Common Denominator,07e44c98e986680be5d3bd003b0710d65dce193f1a2c344f91a40e86d016365c,f3f3fc3292cd4b68feecf0540f38481fcb8b1e50418f49e3a8ef4fd52f2325c2,pinned_git_blob_matches_authority_bytes,downloads/gu-Gujr-IN/a10-release/source/authority/source/modules/m82534/index.cnxml,downloads/gu-Gujr-IN/openstax-canonical/modules/m82534/index.cnxml,downloads/gu-Gujr-IN/a10-release/source/translated/modules/m82534/index.cnxml,assigned_not_started
A10,62,m82535,Add and Subtract Rational Expressions with Unlike Denominators,3413257620f5702e1ce206d374e1d684fc2cfd5f33bd1e36a6c3e728e18bed8e,98e8cc114fc7f7697bd11aea3f1709a5167799bf5263caa1b6f73e7e984bfc3a,pinned_git_blob_matches_authority_bytes,downloads/gu-Gujr-IN/a10-release/source/authority/source/modules/m82535/index.cnxml,downloads/gu-Gujr-IN/openstax-canonical/modules/m82535/index.cnxml,downloads/gu-Gujr-IN/a10-release/source/translated/modules/m82535/index.cnxml,assigned_not_started
A10,63,m82537,Simplify Complex Rational Expressions,6e5710c2c08e928a0f8e7430d246c7ccced8cf8775d27182289c683ed713fb58,ee66ed8dcf0399a2c3bb7c973690e1b5ac74d78805e5187380b27d51b8ec6b52,pinned_git_blob_matches_authority_bytes,downloads/gu-Gujr-IN/a10-release/source/authority/source/modules/m82537/index.cnxml,downloads/gu-Gujr-IN/openstax-canonical/modules/m82537/index.cnxml,downloads/gu-Gujr-IN/a10-release/source/translated/modules/m82537/index.cnxml,assigned_not_started
A10,64,m82538,Solve Rational Equations,1a5d7b8911af41869d4c8a82c3922a6b806b83a6aca8aef6ebb6837de62dfe4d,85bdaae65e62a3c5b89f94366d2a9e148fc68c59aa8350caa46196b2c33b3302,pinned_git_blob_matches_authority_bytes,downloads/gu-Gujr-IN/a10-release/source/authority/source/modules/m82538/index.cnxml,downloads/gu-Gujr-IN/openstax-canonical/modules/m82538/index.cnxml,downloads/gu-Gujr-IN/a10-release/source/translated/modules/m82538/index.cnxml,assigned_not_started
A10,65,m82539,Solve Proportion and Similar Figure Applications,685b4c584f33df266f7072624e6fb07f785e9e4d82b214122145d8b1b0146740,a1b5059d5e9e76455716785fb34ef6f0a4ed635ed81f98df4d8a989ff7241f72,pinned_git_blob_matches_authority_bytes,downloads/gu-Gujr-IN/a10-release/source/authority/source/modules/m82539/index.cnxml,downloads/gu-Gujr-IN/openstax-canonical/modules/m82539/index.cnxml,downloads/gu-Gujr-IN/a10-release/source/translated/modules/m82539/index.cnxml,assigned_not_started
A10,66,m82543,Solve Uniform Motion and Work Applications,5c995f58a0955a4d77b06f52ec4bbc725e6155a62b884ac6801b7712be07f74f,133c8b68d0b08ca0fd3c6e1401c6202c7db13ed52bcc3b403b1109bac99955f8,pinned_git_blob_matches_authority_bytes,downloads/gu-Gujr-IN/a10-release/source/authority/source/modules/m82543/index.cnxml,downloads/gu-Gujr-IN/openstax-canonical/modules/m82543/index.cnxml,downloads/gu-Gujr-IN/a10-release/source/translated/modules/m82543/index.cnxml,assigned_not_started
A10,67,m82560,Use Direct and Inverse Variation,380e1a1cab7ab70a4698176076a8fcdc14a943bb5e151977dbebe77561883efc,2764b166132d5bd631538b245ec9412be3db0328434aa43822269b66f80e5861,pinned_git_blob_matches_authority_bytes,downloads/gu-Gujr-IN/a10-release/source/authority/source/modules/m82560/index.cnxml,downloads/gu-Gujr-IN/openstax-canonical/modules/m82560/index.cnxml,downloads/gu-Gujr-IN/a10-release/source/translated/modules/m82560/index.cnxml,assigned_not_started
A10,68,m82544,Introduction,ecfa7fe77cb8601f77aab2c6c23903519884f3e3597425c026b33b0beb2e9ee1,27a3d89c24a1f43dddda40fcb5a14298064aeadabb64b868a53498f12abfbb09,pinned_git_blob_matches_authority_bytes,downloads/gu-Gujr-IN/a10-release/source/authority/source/modules/m82544/index.cnxml,downloads/gu-Gujr-IN/openstax-canonical/modules/m82544/index.cnxml,downloads/gu-Gujr-IN/a10-release/source/translated/modules/m82544/index.cnxml,assigned_not_started
A10,69,m82545,Simplify and Use Square Roots,9fb6c42f9c7910d7a3b706a9f5b8f2de1ca747ae2d7496adccd031cba91ccd8e,4decab24157c46115546b6affde8e19e97163e486c6e057c428196c331449f76,pinned_git_blob_matches_authority_bytes,downloads/gu-Gujr-IN/a10-release/source/authority/source/modules/m82545/index.cnxml,downloads/gu-Gujr-IN/openstax-canonical/modules/m82545/index.cnxml,downloads/gu-Gujr-IN/a10-release/source/translated/modules/m82545/index.cnxml,assigned_not_started
A10,70,m82546,Simplify Square Roots,0737edec5c17747728067c54273f9798d62e7c70f390df061cbb4c6eea508491,0b0cd43ed8755020b1170c88d20ed6cee711896f47e4ea8b2d893ca8816c499a,pinned_git_blob_matches_authority_bytes,downloads/gu-Gujr-IN/a10-release/source/authority/source/modules/m82546/index.cnxml,downloads/gu-Gujr-IN/openstax-canonical/modules/m82546/index.cnxml,downloads/gu-Gujr-IN/a10-release/source/translated/modules/m82546/index.cnxml,assigned_not_started
A10,71,m82547,Add and Subtract Square Roots,d7a1e469ca2b898f73dc01c897758bfe1534fb7dc8612dd4a73ae093ba50813d,7ef8d16df52bbb59e96c004ba63f760aa522cdd8bae7fb26980a5ba8e15977da,pinned_git_blob_matches_authority_bytes,downloads/gu-Gujr-IN/a10-release/source/authority/source/modules/m82547/index.cnxml,downloads/gu-Gujr-IN/openstax-canonical/modules/m82547/index.cnxml,downloads/gu-Gujr-IN/a10-release/source/translated/modules/m82547/index.cnxml,assigned_not_started
A10,72,m82548,Multiply Square Roots,9299efb5ac0db7219f6f0d19665820736426336a2bf845a30e6f07171d597076,3e180ee4948d8d9f74a0e3826e649f2adefed692508f10ffdfa690bd565b6c21,pinned_git_blob_matches_authority_bytes,downloads/gu-Gujr-IN/a10-release/source/authority/source/modules/m82548/index.cnxml,downloads/gu-Gujr-IN/openstax-canonical/modules/m82548/index.cnxml,downloads/gu-Gujr-IN/a10-release/source/translated/modules/m82548/index.cnxml,assigned_not_started
A10,73,m82550,Divide Square Roots,87d4ce8604efcc90b1b2fd8c41da2fdd41ca3bd8a112373bf8c44ce7dd1fb65e,1960db530a6009ebe911e1e0f3c4c89e50c46490454462566f05fb093e7c9ef7,pinned_git_blob_matches_authority_bytes,downloads/gu-Gujr-IN/a10-release/source/authority/source/modules/m82550/index.cnxml,downloads/gu-Gujr-IN/openstax-canonical/modules/m82550/index.cnxml,downloads/gu-Gujr-IN/a10-release/source/translated/modules/m82550/index.cnxml,assigned_not_started
A10,74,m82551,Solve Equations with Square Roots,48fd8df46c6fa424a89ddfe18fbba20398891d9745dc2660bdb5c26ef437fa65,1e8a0c5ab742cd60b33d8bd27d0c4752ab30ca7954ec55e484bbedba3773147d,pinned_git_blob_matches_authority_bytes,downloads/gu-Gujr-IN/a10-release/source/authority/source/modules/m82551/index.cnxml,downloads/gu-Gujr-IN/openstax-canonical/modules/m82551/index.cnxml,downloads/gu-Gujr-IN/a10-release/source/translated/modules/m82551/index.cnxml,assigned_not_started
A10,75,m82552,Higher Roots,3d9a9e6e67dd492b4059acfb0c80ddd35633168aa1481efa36f006ba730f7580,88c8d4be8315c0afce89b741705ca0a1527cf988d1b38a26bb1f011a8e0180af,pinned_git_blob_matches_authority_bytes,downloads/gu-Gujr-IN/a10-release/source/authority/source/modules/m82552/index.cnxml,downloads/gu-Gujr-IN/openstax-canonical/modules/m82552/index.cnxml,downloads/gu-Gujr-IN/a10-release/source/translated/modules/m82552/index.cnxml,assigned_not_started
A10,76,m82553,Rational Exponents,44dfacc317bde3e6f72f19fb6314e4be167371f09a5fee586b925214c4d7de4b,a0bd2798db4c137ee2072a3ea19084622ae5c9dd2637ffa799f0ac2f64f216d9,pinned_git_blob_matches_authority_bytes,downloads/gu-Gujr-IN/a10-release/source/authority/source/modules/m82553/index.cnxml,downloads/gu-Gujr-IN/openstax-canonical/modules/m82553/index.cnxml,downloads/gu-Gujr-IN/a10-release/source/translated/modules/m82553/index.cnxml,assigned_not_started
A10,77,m82554,Introduction,14bac37adacd4865bb1ac6117aa5ad9a66a2349ccfe8df537050321b6d54963b,bd98979f9f1d4c6b7c41b377f4e76cf0ae4df3fe362da8c3c1d671580c9fec18,pinned_git_blob_matches_authority_bytes,downloads/gu-Gujr-IN/a10-release/source/authority/source/modules/m82554/index.cnxml,downloads/gu-Gujr-IN/openstax-canonical/modules/m82554/index.cnxml,downloads/gu-Gujr-IN/a10-release/source/translated/modules/m82554/index.cnxml,assigned_not_started
A10,78,m82555,Solve Quadratic Equations Using the Square Root Property,39b7bb8a8862a469f2ba86541a0ac3eb3ae0df40924499c63f20b5b7c0d13776,5f947d78778b59b1163342244a5aa63222280d6855c049d43097333ec4afd90b,pinned_git_blob_matches_authority_bytes,downloads/gu-Gujr-IN/a10-release/source/authority/source/modules/m82555/index.cnxml,downloads/gu-Gujr-IN/openstax-canonical/modules/m82555/index.cnxml,downloads/gu-Gujr-IN/a10-release/source/translated/modules/m82555/index.cnxml,assigned_not_started
A10,79,m82556,Solve Quadratic Equations by Completing the Square,78df45714ef59bf6a45c5c36f914559f9df5c8a65a165e97cb14ae270608e3cb,1fb27f41affbf0bcf5612daf566c6900c3ba0b441bfefabcc8addb03dee78fa0,pinned_git_blob_matches_authority_bytes,downloads/gu-Gujr-IN/a10-release/source/authority/source/modules/m82556/index.cnxml,downloads/gu-Gujr-IN/openstax-canonical/modules/m82556/index.cnxml,downloads/gu-Gujr-IN/a10-release/source/translated/modules/m82556/index.cnxml,assigned_not_started
A10,80,m82557,Solve Quadratic Equations Using the Quadratic Formula,6c017c764f00bcf62c37523f694c8720aa94715c9608c80dca9b022367928301,0cf0e29c70020725d83e88b777f651ee8d0979093dc72070d08a97d665f80d23,pinned_git_blob_matches_authority_bytes,downloads/gu-Gujr-IN/a10-release/source/authority/source/modules/m82557/index.cnxml,downloads/gu-Gujr-IN/openstax-canonical/modules/m82557/index.cnxml,downloads/gu-Gujr-IN/a10-release/source/translated/modules/m82557/index.cnxml,assigned_not_started
A10,81,m82558,Solve Applications Modeled by Quadratic Equations,fc95d33688fbb6cbffc71b599e0d4b832e1a2d1f4c04cf12366784fa17584d83,ee4b480ffdf28870b3ae6dced846fdbff414b3bf49618e249780a59ff435ebd1,pinned_git_blob_matches_authority_bytes,downloads/gu-Gujr-IN/a10-release/source/authority/source/modules/m82558/index.cnxml,downloads/gu-Gujr-IN/openstax-canonical/modules/m82558/index.cnxml,downloads/gu-Gujr-IN/a10-release/source/translated/modules/m82558/index.cnxml,assigned_not_started
A10,82,m82559,Graphing Quadratic Equations in Two Variables,219f15bbd757950d8609730c661ebd207872ab2de44715adcfae29854467871a,45d40b8d45ae85407cbb5e82e7326137c0cad54951a9e6820c296cc26c8b4449,pinned_git_blob_matches_authority_bytes,downloads/gu-Gujr-IN/a10-release/source/authority/source/modules/m82559/index.cnxml,downloads/gu-Gujr-IN/openstax-canonical/modules/m82559/index.cnxml,downloads/gu-Gujr-IN/a10-release/source/translated/modules/m82559/index.cnxml,assigned_not_started
