candidate_id,target_label,language_variety,language_tag,script_orthography,territory_community,modality,learner_stage_scope,population_low,population_base,population_high,population_unit,population_definition,population_reference_year,population_source_id,population_source_url,academic_language_overlap_low,academic_language_overlap_base,academic_language_overlap_high,overlap_definition,baseline_access_status,evidence_confidence,rankable,notes
"A11Y_SEMANTIC_RESPONSIVE_HTML","Semantic responsive HTML canonical content layer","All written languages; page content and metadata require localization","","Unicode and local-script support; carrier is script-neutral","Global; instantiate and test by language, locale, device, and assistive-technology stack","semantic responsive HTML with keyboard-operable interaction","early childhood-primary-secondary-TVET-higher education-adult and lifelong learning","","","","not_estimated_nonexclusive_access_overlay","No defensible beneficiary denominator: this cross-language carrier serves multiple overlapping disability, device, and language-access cohorts.","","","","","","","Global overlay; overlaps every population-specific intervention and must not be added to disability or connectivity estimates.","WCAG conformance and semantic markup are implementation baselines, not proof of interoperability or educational-task access.","high_standard_low_population_specificity","false","evidence_source_ids=W3C_WCAG22_2024|W3C_REFLOW_ND|W3C_TARGET_ND; target WCAG 2.2 AA, 320-CSS-pixel reflow, and applicable 24-by-24-CSS-pixel target-size test; manual keyboard, screen-reader, zoom, and mobile testing remains necessary"
"A11Y_REFLOWABLE_EPUB33","Downloadable born-accessible reflowable EPUB 3.3","All written languages; text, navigation, metadata, pronunciation, and directionality require localization","","Unicode HTML/CSS/SVG package; local script and directionality requirements apply","Global; instantiate and test by language and reading-system ecosystem","downloadable reflowable EPUB 3.3","primary-secondary-TVET-higher education-adult and lifelong learning","","","","not_estimated_print_disability_overlay","No defensible single global print-disability prevalence estimate; WIPO defines the beneficiary group functionally rather than epidemiologically.","","WIPO_MARRAKESH_2013","https://www.wipo.int/wipolex/en/text/301016","","","","Overlaps blindness, low vision, dyslexia, motor disability, cognitive conditions, offline use, HTML, audio, braille, and MathML; no additive count is valid.","A valid EPUB package can still fail in older reading systems; actual WCAG version and level, package validation, metadata, navigation, and device interoperability must be reported.","high_standard_low_population_specificity","false","evidence_source_ids=W3C_EPUB33_2023|W3C_EPUBA11Y11_2023|WIPO_MARRAKESH_2013; reflowable layout is the default; fixed layout needs an educational justification"
"A11Y_SYNCHRONIZED_TEXT_AUDIO","Navigable full text synchronized with narration","Any written and spoken language/variety; narration, pronunciation, accent, names, mathematical speech, and code-switching require local QA","","Written script plus timed spoken-language track","Global; instantiate by written/spoken language pair and learner community","synchronized text and audio with structured navigation, replay, and speed control","early literacy-primary-secondary-adult basic education-second-language learning-higher education","6.27","7.10","7.97","percent_primary_school_children_pooled_dyslexia_prevalence","Random-effects pooled developmental-dyslexia prevalence in primary-school children; 95% CI 6.27%-7.97%; studies searched through June 2021; I-squared 97.6%; proxy only, not an all-age user count.","","YANG_DYSLEXIA_2022","https://pmc.ncbi.nlm.nih.gov/articles/PMC8870220/","","","","The dyslexia percentage is a bounded school-stage proxy and overlaps print disability, low literacy, language learning, and visual disability; the intervention also serves people outside that measure.","Audio without synchronized full text loses spelling, tables, equations, and visual structure; long works need hierarchical navigation and granular seeking.","medium_due_to_high_meta_analysis_heterogeneity","false","evidence_source_ids=YANG_DYSLEXIA_2022|DAISY_FORMAT_ND|W3C_EPUB33_2023|W3C_WCAG22_2024; evidence is a meta-analysis published in 2022 from studies searched through June 2021; do not extrapolate the rate to all ages or a global headcount"
"A11Y_PRERECORDED_CAPTIONS","Localized closed captions for prerecorded instructional media","Any written language matching or deliberately translating the media; language tags and subject terminology require localization","","Localized written captions; not a signed language","Global; instantiate by media language, learner language, and subject","selectable prerecorded captions","early childhood-primary-secondary-TVET-higher education-adult and lifelong learning","","430000000","","persons_disabling_hearing_loss_rehabilitation_proxy","WHO estimate of people with disabling hearing loss requiring rehabilitation, defined here as greater than 35 dB in the better-hearing ear; this is not a caption-user count.","","WHO_HEARING_2026","https://www.who.int/news-room/fact-sheets/detail/deafness-and-hearing-loss","","","","Repeated hearing-loss proxy intentionally overlaps live captions, transcripts, sign-language users, and other accommodations; it must not be summed across rows.","Speech, relevant non-speech sound, speaker identity, on-screen text, symbols, and units must be complete; subtitles without sound information are not necessarily captions.","high_measure_medium_intervention_specificity","false","evidence_source_ids=WHO_HEARING_2026|W3C_WCAG22_2024; WHO fact sheet updated 3 March 2026 does not state an estimate reference year; captions are written-language resources and do not replace a named sign language"
"A11Y_LIVE_CAPTIONS","Localized live captions for synchronous instruction","Any written language matching or deliberately translating the session; subject terminology and speaker attribution require local production","","Localized written captions; not a signed language","Global; instantiate by session language, learner language, and subject","live captions for synchronous audio and video","primary-secondary-TVET-higher education-adult and lifelong learning","","430000000","","persons_disabling_hearing_loss_rehabilitation_proxy","WHO estimate of people with disabling hearing loss requiring rehabilitation, defined here as greater than 35 dB in the better-hearing ear; this is not a live-caption-user count.","","WHO_HEARING_2026","https://www.who.int/news-room/fact-sheets/detail/deafness-and-hearing-loss","","","","The same hearing-loss proxy is repeated, not added; it overlaps prerecorded captions, transcripts, named sign-language users, and users outside clinical thresholds.","Live latency, speaker attribution, terminology, mathematical symbols, and correction behavior require separate measurement; aggregate word accuracy is insufficient.","high_measure_medium_intervention_specificity","false","evidence_source_ids=WHO_HEARING_2026|W3C_WCAG22_2024; WHO fact sheet updated 3 March 2026 does not state an estimate reference year; WCAG 2.2 Level AA includes live captions for synchronized media"
"A11Y_DOWNLOADABLE_TRANSCRIPT","Downloadable full transcript for instructional audio or video","Any written language matching or deliberately translating the media; language tags and subject terminology require localization","","Localized written text","Global; instantiate by media language, learner language, and subject","downloadable searchable full transcript","early childhood-primary-secondary-TVET-higher education-adult and lifelong learning","","430000000","","persons_disabling_hearing_loss_rehabilitation_proxy","WHO estimate of people with disabling hearing loss requiring rehabilitation, defined here as greater than 35 dB in the better-hearing ear; this is not a transcript-user count.","","WHO_HEARING_2026","https://www.who.int/news-room/fact-sheets/detail/deafness-and-hearing-loss","","","","Repeated nonadditive hearing-loss proxy; transcripts also overlap low-bandwidth, search, translation, second-language, and cognitive-access cohorts.","A transcript must include all instructional speech, relevant sound, speaker changes, and on-screen information and remain downloadable independently of high-bandwidth media.","high_measure_medium_intervention_specificity","false","evidence_source_ids=WHO_HEARING_2026|W3C_WCAG22_2024; WHO fact sheet updated 3 March 2026 does not state an estimate reference year; transcript is a written-language alternative, not a substitute for synchronized captions or a named sign language"
"A11Y_NAMED_SIGN_LANGUAGE_VIDEO","Instructional video in one named national or regional sign language, paired with text and captions","NAMED SIGN LANGUAGE REQUIRED; instantiate one candidate per identified language and variety","","Signed language; not a written-script overlay and not International Sign by default","Named Deaf community and territory must be specified before implementation","named local sign-language video synchronized to instructional content, paired with text/captions/audio","early childhood-foundational literacy-primary-secondary-TVET-higher education-adult learning","","","","persons_named_sign_language_users_not_estimated","No language-specific denominator is available in the global report. The UN contextual figure of more than 70 million deaf people across more than 300 sign languages cannot be assigned to any named-language candidate and is not interchangeable with WHO hearing-loss counts.","","UN_SIGN_LANG_ND","https://www.un.org/en/observances/sign-languages-day","","","","Must be measured separately for each named sign language and community; hearing-loss proxies, captions, International Sign, and other sign languages are not substitutes or additive denominators.","A fluent local signer must render concepts rather than words; face, hands, torso, contrast, adjustable size, synchronization, and compressed downloadable segments require verification.","high_language_distinction_low_population_specificity","false","evidence_source_ids=UN_SIGN_LANG_ND|UNICEF_ADT_REQ_2019|UNICEF_SIGN_GUIDE_2019; template is deliberately unrankable until a named language, variety, territory, and population measure are supplied"
"A11Y_LOCALIZED_PLAIN_LANGUAGE","Localized plain-language version alongside the precise source","Any target written language; rewriting and cultural examples must be local rather than mechanically translated","","Target-language script and orthography","Global; instantiate by language, literacy context, subject, and community","plain-language text with predictable structure and explained terminology","foundational learning-TVET-health and safety education-adult basic education-older-adult learning","","739000000","","persons_adults_15plus_lacking_basic_literacy_proxy","UIS 2025 global estimate of adults aged 15+ lacking basic literacy skills; underlying literacy data are largely self- or proxy-declared and may understate functional difficulty; proxy only.","2025","UNESCO_LITERACY_2025","https://www.unesco.org/en/literacy?hub=68243","","","","Literacy proxy overlaps cognitive disability, dementia, language impairment, limited instructional-language proficiency, digital skill gaps, and stress; it is not a plain-language-demand count.","Plain language must preserve meaning, explain technical terms, and be tested as a localized version; English readability formulas and grade thresholds do not transfer reliably across languages.","medium_due_to_coarse_self_or_proxy_literacy_measure","false","evidence_source_ids=UNESCO_LITERACY_2025|UNESCO_ILD_2025|ISO_PLAIN_2023|W3C_COGA_2021; advanced material may need a plain summary alongside rather than instead of the precise source"
"A11Y_LOCALIZED_EASY_READ","Localized Easy Read version with supportive images and reduced memory load","Any target written language; Easy Read conventions and images require local cultural and linguistic adaptation","","Target-language script plus supportive images or symbols","Global; instantiate by language, cognitive-access context, subject, and community","Easy Read text and image version","foundational learning-public and safety information-procedural TVET-adult and older-adult learning","9.55","10.37","11.18","persons_per_1000_population_intellectual_disability_meta_analysis","Pooled intellectual-disability prevalence per 1,000 population from 52 population-based studies published 1980-2009; 95% CI 9.55-11.18; heterogeneous definitions, ascertainment, settings, ages, and income groups.","1980-2009","MAULIK_ID_2011","https://pubmed.ncbi.nlm.nih.gov/21236634/","","","","The dated intellectual-disability rate is not an Easy Read uptake measure and overlaps plain language, dementia, literacy, language impairment, and supported-interaction needs.","Easy Read has no single global convention; comprehension, navigation, images, literal language, error recovery, and memory demand require local verification beyond surface readability.","medium_low_due_to_dated_heterogeneous_meta_analysis","false","evidence_source_ids=MAULIK_ID_2011|W3C_COGA_2021; population_reference_year records the source-study publication range, not the 2011 meta-analysis publication year; do not convert the rate to a current headcount"
"A11Y_DECLARED_CODE_BRAILLE","Navigable eBraille and embossable braille in a declared language and specialist code","One named written language and braille code per edition; contraction level and specialist code must be declared","","Language-specific braille code; mathematics and music may require additional specialist codes","Global; instantiate by language, country convention, subject code, and available hardware","navigable eBraille or BRF plus embossable braille output","beginning braille literacy-primary-secondary-TVET-higher education-adult learning","","","","persons_braille_readers_not_estimated","No defensible global braille-reader or device-access denominator is available; blindness prevalence is not a braille-usage count.","","","","","","","Overlaps blindness, deafblindness, print disability, tactile graphics, audio, and structured e-text; no impairment estimate may be treated as braille demand.","Braille codes vary by language, country, contraction level, and subject; actual display/embosser verification and hardware availability remain separate constraints.","high_code_evidence_low_population_specificity","false","evidence_source_ids=WORLD_BRAILLE_2013|LOC_BRAILLE_ND|WIPO_ABC_ND|CRPD_ART24_2006|WHO_UNICEF_AT_2022; World Braille Usage documents 133 languages and 137 alphabet-and-punctuation codes, not a user population"
"A11Y_TACTILE_GRAPHICS","Tactile graphics for spatial instructional diagrams","Localized labels in one declared written/braille language; tactile geometry itself is not a language","","Tactile line, texture, label, and declared braille code","Global; instantiate by curriculum, diagram type, braille convention, and production method","tactile graphic with structured text description","early learning-primary-secondary-TVET-higher education-STEM-geography and vocational learning","","","","persons_tactile_graphics_users_not_estimated","No defensible global tactile-graphics user denominator is available; blindness prevalence is a contextual impairment proxy, not a tactile-format-use count.","","","","","","","Overlaps blindness, braille, text descriptions, audio descriptions, MathML, and other formats; no impairment estimate may be treated as tactile-graphic demand.","Spatial fidelity, scale, labels, legend, production durability, and the declared braille code must be verified; a prose description does not always replace spatial exploration.","high_functional_rationale_low_population_specificity","false","evidence_source_ids=IAPB_VISION_2020|IAPB_VISION_DEFS_ND|CRPD_ART24_2006; IAPB's 43-million blindness estimate remains contextual and is deliberately not entered as this intervention's population"
"A11Y_NATIVE_MATHML","Native MathML for mathematical expressions","Cross-language mathematical structure; speech rules, variable names, decimal conventions, directionality, and braille math codes require locale-specific QA","","MathML plus local written script and declared braille math code where used","Global; instantiate by language, locale, subject, browser, reading system, and assistive-technology stack","native navigable MathML with meaningful source or intent where available","secondary-TVET-higher education-research; early numeracy where symbolic notation is used","","","","not_estimated_subject_specific_access_overlay","No defensible global denominator measures learners who require accessible mathematical notation; the intervention is subject- and task-specific.","","","","","","","Overlaps blind, low-vision, print-disabled, braille, audio, tactile, and STEM cohorts; it is a technical layer, not an additive population.","Browser-engine support is broad, but speech, navigation, braille, and older EPUB reading-system support vary; equation screenshots or pronunciation-only alt text are not equivalent to navigable math.","high_standard_medium_interoperability_uncertainty","false","evidence_source_ids=DAISY_MATHML_ND|W3C_MATH_CHARTER_2023; test target browser-reader-screen-reader combinations and provide tactile or structured-data alternatives for spatial diagrams"
"A11Y_TEXT_IMAGE_DESCRIPTIONS","Concise and extended text descriptions for meaningful instructional images","Any target written language; descriptions require subject expertise and localization","","Target-language text associated programmatically with each visual","Global; instantiate by language, curriculum, image type, and delivery format","programmatic concise and extended text alternatives","early childhood-primary-secondary-TVET-higher education-adult and lifelong learning","","43000000","","persons_blind_GBD_2020_proxy","Approximate number of blind people in the 2020 VLEG/GBD vision-loss model; proxy only and not a count of text-description users.","2020","IAPB_VISION_2020","https://www.iapb.org/wp-content/uploads/2021/05/Vision-Atlas_Global-Snapshot_18052021.pdf","","","","Blindness proxy is repeated and nonadditive; descriptions also serve low-vision, print-disabled, low-bandwidth, and search users and overlap tactile and audio descriptions.","Descriptions must convey instructional purpose, relationships, labels, units, and data without replacing accessible source data or tactile/spatial alternatives where those are needed.","high_measure_medium_intervention_specificity","false","evidence_source_ids=IAPB_VISION_2020|W3C_WCAG22_2024|UNICEF_ADT_ND; the 43-million proxy must not be added to other vision-format rows"
"A11Y_AUDIO_DESCRIPTION","Localized audio description for instructional video and essential visuals","Any spoken language/variety; terminology, timing, pronunciation, and voice require local production","","Spoken-language description track","Global; instantiate by media language, learner language, subject, and playback system","selectable audio-description track","early childhood-primary-secondary-TVET-higher education-adult and lifelong learning","","43000000","","persons_blind_GBD_2020_proxy","Approximate number of blind people in the 2020 VLEG/GBD vision-loss model; proxy only and not a count of audio-description users.","2020","IAPB_VISION_2020","https://www.iapb.org/wp-content/uploads/2021/05/Vision-Atlas_Global-Snapshot_18052021.pdf","","","","Blindness proxy is repeated and nonadditive; overlaps low vision, text descriptions, tactile graphics, captions, transcripts, and synchronized narration.","Description must fit the media timing while preserving instructional actions, spatial relations, labels, units, and on-screen text; it should remain selectable and available offline.","high_measure_medium_intervention_specificity","false","evidence_source_ids=IAPB_VISION_2020|W3C_WCAG22_2024; the 43-million proxy must not be added to other vision-format rows"
"A11Y_OFFLINE_DOWNLOAD_PACKAGE","Self-contained downloadable offline accessible learning package","All languages; package must preserve every localized text, font, caption, sign, audio, description, MathML, and braille asset","","Multi-script package; no remote-font or CDN dependency","Global; especially rural, low-income, displaced, home-learning, community-education, and field-based settings","downloadable HTML or EPUB bundle with local-server, USB, SD-card, or memory-card transfer option","early childhood-primary-secondary-TVET-higher education-adult and lifelong learning","","2200000000","","persons_not_using_internet_previous_3_months","ITU 2025 modelled estimate of people who did not use the Internet in the previous three months; Internet use, coverage, household access, device ownership, affordability, and skill are distinct measures.","2025","ITU_FF_2025","https://www.itu.int/itu-d/reports/statistics/facts-figures-2025/","","","","Offline status cross-cuts every language, disability, age, and format cohort; the 2.2-billion estimate must not be added to any accessibility population.","A package is not offline-first unless cold start, all assets, saved progress, local navigation, and accessibility features work with the network disabled on relevant low-end devices.","high_current_constraint_measure_medium_local_transferability","false","evidence_source_ids=ITU_FF_2025|ITU_FF_PR_2025|ITU_METHOD_2025|W3C_AUDIOBOOKS_2020|PDLP_CHARTER_2026; report actual bytes, storage, resumability, power assumptions, and device class"
"A11Y_LOW_BITRATE_MEDIA_VARIANT","Optional downloadable low-bitrate media variant preserving accessibility content","All spoken, signed, and written languages; compression must retain intelligibility, caption sync, sign visibility, and descriptions","","Language-specific audio, caption, and video assets in a script-neutral package","Global; especially rural and low-income settings with intermittent or expensive connectivity","modular compressed audio and video downloads with resumable transfer","early childhood-primary-secondary-TVET-higher education-adult and lifelong learning","","","","not_estimated_affordability_coverage_constraint","No defensible person count follows from ITU affordability or coverage ratios. Coverage, subscription, price, device, skill, and actual use are not interchangeable.","","","","","","","Cross-cuts all media and disability cohorts; must not be added to offline, hearing-loss, sign-language, or vision estimates.","Reducing bitrate must not remove captions, text, audio description, or sign-language visibility; measure bytes, transfer success, intelligibility, synchronization, and operation on locally prevalent devices.","high_constraint_evidence_low_population_specificity","false","evidence_source_ids=ITU_AFFORD_2025|ITU_COVERAGE_2025|ITU_METHOD_2025|PDLP_CHARTER_2026; ITU 2025 affordability baskets are cost ratios, not population counts"
"A11Y_LARGE_PRINT_OUTPUT","Reflowed large-print output with user-controlled size, spacing, and contrast","Any target written language; font coverage, line breaking, directionality, and orthography require local validation","","Target-language large print derived from structured Unicode source","Global; instantiate by language, print standard, device, and low-vision user setting","adaptable on-screen large text plus downloadable or printable large-print edition","early childhood-primary-secondary-TVET-higher education-adult and older-adult learning","","1106000000","","persons_vision_loss_VLEG_GBD_2020_proxy","Total people with vision loss in the 2020 VLEG/GBD model: approximately 43 million blind, 295 million with moderate-to-severe distance loss, 258 million with mild distance loss, and 510 million with near vision loss; proxy only.","2020","IAPB_VISION_2020","https://www.iapb.org/wp-content/uploads/2021/05/Vision-Atlas_Global-Snapshot_18052021.pdf","","","","Vision-loss proxy overlaps blindness and every vision-specific row, and includes people who may not use large print; it must not be summed with WHO's broader 2.2-billion vision-impairment measure.","Large print requires reflow, font and spacing choice, contrast control, non-clipped zoom, and print-layout verification; fixed enlargement without reflow is insufficient.","high_measure_medium_intervention_specificity","false","evidence_source_ids=IAPB_VISION_2020|IAPB_VISION_DEFS_ND|W3C_REFLOW_ND|WIPO_ABC_ND; the 1.106-billion model total is a severity-based proxy, not a large-print demand estimate"
