sentinel_id,target_label,expected_edition_target_id,expected_language_tag,script_or_mode,territory_or_community,sentinel_class,minimum_lane,presence_status,matched_target_ids,matched_context_strata,current_rank_status,current_direct_person_ranks,why_required,preferred_evidence_action,publication_disposition,row_sha256
S001,Hindi,edition-target:lang:hi-Deva-IN,hi-Deva-IN,Devanagari,India,LARGE_LANGUAGE,DIRECT_OR_EXPLICIT_CONTEXT,PRESENT_EXACT_TARGET,edition-target:lang:hi-Deva-IN,,DIRECT_PERSON_RANKED,1,Large national language and direct-person candidate,Retain source-bound direct population and stage-specific need evidence,VISIBLE_DIRECT_PERSON_LANE_PLUS_STAGE_SUBJECT_PROFILE,B3A7AF24C213FB6322ECB04A7D65F730BE6B30E6158A63BA230FEEA4A853CCE6
S002,Bahasa Indonesia,edition-target:lang:id-Latn-ID,id-Latn-ID,Latin,Indonesia,LARGE_LANGUAGE,DIRECT_OR_EXPLICIT_CONTEXT,PRESENT_EXACT_TARGET,edition-target:lang:id-Latn-ID,,DIRECT_PERSON_RANKED,2,Large national language and central equality sentinel,Retain direct population evidence and independently estimate stage and subject need,VISIBLE_DIRECT_PERSON_LANE_PLUS_STAGE_SUBJECT_PROFILE,0BE039E47C8942D4F4309DC5244EF981A0CB950587807EC367C2B677353BEBB0
S003,Standard Written Chinese — Simplified,edition-target:lang:zh-Hans-CN:written,zh-Hans-CN,Simplified Han,Mainland China,LARGE_LANGUAGE,DIRECT_OR_EXPLICIT_CONTEXT,PRESENT_EXACT_TARGET,edition-target:lang:zh-Hans-CN:written,,STAGE_OPPORTUNITY_RANKED,,Large written educational standard,Keep written-standard and spoken-language constructs separate,VISIBLE_STAGE_OPPORTUNITY_LANE_PLUS_STAGE_SUBJECT_PROFILE,673A1175CED51B84F664F55FE24A0F54CAD445F9402DCD34A9D34EA582470A25
S004,Putonghua — spoken Standard Mandarin,edition-target:lang:cmn-Hans-CN:spoken,cmn-Hans-CN,Simplified Han plus speech,Mainland China,LARGE_LANGUAGE,DIRECT_OR_EXPLICIT_CONTEXT,PRESENT_EXACT_TARGET,edition-target:lang:cmn-Hans-CN:spoken,,EXACT_TARGET_UNRANKED,,Large spoken standard and bridge language,Use explicit ability or use construct rather than treating written Chinese as a speaker count,VISIBLE_UNRANKED_EVIDENCE_PRIORITY_OR_NEGATIVE_CONTROL,255511A46DC1352DED5376939B0DCDD67935110F763A2178CA818D3A779D8B0C
S005,Standard Japanese,edition-target:lang:ja-Jpan-JP,ja-Jpan-JP,Japanese mixed script,Japan,LARGE_LANGUAGE,DIRECT_OR_EXPLICIT_CONTEXT,PRESENT_EXACT_TARGET,edition-target:lang:ja-Jpan-JP,,STAGE_OPPORTUNITY_RANKED,,Large national language whose need must be researched rather than inferred from national income,Retain direct education and research-stage evidence with subject scarcity measures,VISIBLE_STAGE_OPPORTUNITY_LANE_PLUS_STAGE_SUBJECT_PROFILE,B22A9480D4031B7F90CB670D5267753AC4CBBA4608458E36CF2A00770BDA0EDF
S006,Standard Korean,edition-target:lang:ko-Kore-001,ko-Kore-001,Hangul and Korean mixed-script conventions,Republic of Korea and DPR Korea,LARGE_LANGUAGE,DIRECT_OR_EXPLICIT_CONTEXT,PRESENT_EXACT_TARGET,edition-target:lang:ko-Kore-001,,EXACT_TARGET_UNRANKED,,Large cross-border language with divergent standards,Split territory-specific educational and orthographic requirements where evidence supports it,VISIBLE_UNRANKED_EVIDENCE_PRIORITY_OR_NEGATIVE_CONTROL,9D0AC8B26823406AF3F0476C95B7EF124BF4C250DDCA6ADA89DE35174E957A1A
S007,Russian — Russian Federation,edition-target:lang:ru-Cyrl-RU,ru-Cyrl-RU,Cyrillic,Russian Federation,LARGE_LANGUAGE,DIRECT_OR_EXPLICIT_CONTEXT,PRESENT_EXACT_TARGET,edition-target:lang:ru-Cyrl-RU,,DIRECT_PERSON_RANKED,3,Large academic and regional bridge language,Preserve territorial and diaspora strata without blanket post-Soviet reach,VISIBLE_DIRECT_PERSON_LANE_PLUS_STAGE_SUBJECT_PROFILE,19C42F75EA71B3283D13AF823FB91A64B2B64CD2FEAAB90EE313827B636920DF
S008,Bangla — Bangladesh,edition-target:lang:bn-Beng-BD,bn-Beng-BD,Bengali script,Bangladesh,LARGE_LANGUAGE,DIRECT_OR_EXPLICIT_CONTEXT,PRESENT_EXACT_TARGET,edition-target:lang:bn-Beng-BD,,EXACT_TARGET_UNRANKED,,Very large educational population,Use Bangladesh-specific population and education evidence,VISIBLE_UNRANKED_EVIDENCE_PRIORITY_OR_NEGATIVE_CONTROL,A124EF0ADF7E12AFEDAEBC5B2DB4082380A2C2884ECA9BB9BA92402B0341FA36
S009,Bengali — India,edition-target:lang:bn-Beng-IN,bn-Beng-IN,Bengali script,India,LARGE_LANGUAGE,DIRECT_OR_EXPLICIT_CONTEXT,PRESENT_EXACT_TARGET,edition-target:lang:bn-Beng-IN,bn-Beng-IN-reported-L123-2011,DIRECT_PERSON_RANKED,5,Very large territorial language population,Keep separate from Bangladesh for curriculum and denominator purposes,VISIBLE_DIRECT_PERSON_LANE_PLUS_STAGE_SUBJECT_PROFILE,20CD028439843F0831D156AA82AB2BA3386C44F677B3042D33EDF407F5A90D12
S010,Punjabi — Pakistan,edition-target:lang:pnb-Arab-PK,pnb-Arab-PK,Shahmukhi Perso-Arabic,Pakistan,LARGE_LANGUAGE,DIRECT_OR_EXPLICIT_CONTEXT,PRESENT_EXACT_TARGET,edition-target:lang:pnb-Arab-PK,,DIRECT_PERSON_RANKED,4,Very large language population with script-specific access,Do not merge with Gurmukhi Punjabi,VISIBLE_DIRECT_PERSON_LANE_PLUS_STAGE_SUBJECT_PROFILE,D7EE947CE9930827FD72079108D756831B85ED680396471F625F08BE8E5BBF0D
S011,Punjabi — India,edition-target:lang:pa-Guru-IN,pa-Guru-IN,Gurmukhi,India,LARGE_LANGUAGE,DIRECT_OR_EXPLICIT_CONTEXT,PRESENT_EXACT_TARGET,edition-target:lang:pa-Guru-IN,,DIRECT_PERSON_RANKED,28,Large language population with separate script and curriculum,Use India-specific population and schooling evidence,VISIBLE_DIRECT_PERSON_LANE_PLUS_STAGE_SUBJECT_PROFILE,EABA6A3C6525C2F05420334877ED0881FADF69EFA06FC268C3AABB43A1D7E771
S012,Urdu — Pakistan,edition-target:lang:ur-Arab-PK,ur-Arab-PK,Perso-Arabic Nastaliq,Pakistan,LARGE_LANGUAGE,DIRECT_OR_EXPLICIT_CONTEXT,PRESENT_EXACT_TARGET,edition-target:lang:ur-Arab-PK,,DIRECT_PERSON_RANKED,31,Large national and academic bridge language,Measure comfortable educational reach rather than official status alone,VISIBLE_DIRECT_PERSON_LANE_PLUS_STAGE_SUBJECT_PROFILE,B1A7D06EB13FFA387B603DFAF3F8B08BB19AEA37527EEE5620C0C633880CD69D
S013,Urdu — India,edition-target:lang:ur-Arab-IN,ur-Arab-IN,Perso-Arabic Nastaliq,India,LARGE_LANGUAGE,DIRECT_OR_EXPLICIT_CONTEXT,PRESENT_EXACT_TARGET,edition-target:lang:ur-Arab-IN,,DIRECT_PERSON_RANKED,14,Large minoritized territorial population,Keep India and Pakistan evidence separate,VISIBLE_DIRECT_PERSON_LANE_PLUS_STAGE_SUBJECT_PROFILE,48C96D5647345616491E8F8B3E36487601A7CAE8EE5D9B39F3FF786B012CF1D3
S014,Marathi,edition-target:lang:mr-Deva-IN,mr-Deva-IN,Devanagari,India,LARGE_LANGUAGE,DIRECT_OR_EXPLICIT_CONTEXT,PRESENT_EXACT_TARGET,edition-target:lang:mr-Deva-IN,mr-Deva-IN-reported-L123-2011,DIRECT_PERSON_RANKED,6,Large state-language population,Retain direct person measure and stage-specific scarcity,VISIBLE_DIRECT_PERSON_LANE_PLUS_STAGE_SUBJECT_PROFILE,E3FD66761837BD9E9B8AA7EC99853CCE84453C2782D31A4CCB5C2F0299F670EC
S015,Telugu,edition-target:lang:te-Telu-IN,te-Telu-IN,Telugu,India,LARGE_LANGUAGE,DIRECT_OR_EXPLICIT_CONTEXT,PRESENT_EXACT_TARGET,edition-target:lang:te-Telu-IN,te-Telu-IN-reported-L123-2011,DIRECT_PERSON_RANKED,7,Large state-language population,Retain direct person measure and stage-specific scarcity,VISIBLE_DIRECT_PERSON_LANE_PLUS_STAGE_SUBJECT_PROFILE,E6C2B8211944F37EB6D7CB4563BA99BD66CDF2F224BA6742512EB2D6CC29E5DC
S016,Tamil — India,edition-target:lang:ta-Taml-IN,ta-Taml-IN,Tamil,India,LARGE_LANGUAGE,DIRECT_OR_EXPLICIT_CONTEXT,PRESENT_EXACT_TARGET,edition-target:lang:ta-Taml-IN,,DIRECT_PERSON_RANKED,8,Large state-language population and research tradition,Separate India and Sri Lanka strata,VISIBLE_DIRECT_PERSON_LANE_PLUS_STAGE_SUBJECT_PROFILE,EFE142C3B893FCC9B702D7B0C6533D212C1EE157B01870040CE4675D2A1215C4
S017,Tamil — Sri Lanka,edition-target:lang:ta-Taml-LK,ta-Taml-LK,Tamil,Sri Lanka,LARGE_LANGUAGE,DIRECT_OR_EXPLICIT_CONTEXT,PRESENT_EXACT_TARGET,edition-target:lang:ta-Taml-LK,,EXACT_TARGET_UNRANKED,,Large national-minority and diaspora-linked population,Use Sri Lanka-specific educational and population evidence,VISIBLE_UNRANKED_EVIDENCE_PRIORITY_OR_NEGATIVE_CONTROL,B98189ECB07AAFF1652AC9FFC93C3877D3B64099FB1B51D094A8DE408FFA6E9E
S018,Gujarati,edition-target:lang:gu-Gujr-IN,gu-Gujr-IN,Gujarati,India,LARGE_LANGUAGE,DIRECT_OR_EXPLICIT_CONTEXT,PRESENT_EXACT_TARGET,edition-target:lang:gu-Gujr-IN,,DIRECT_PERSON_RANKED,11,Large state-language population,Retain direct person measure and stage-specific scarcity,VISIBLE_DIRECT_PERSON_LANE_PLUS_STAGE_SUBJECT_PROFILE,C04D6AC16A6E56AEF33929771042E91CDF00DDBAF4CC4AFEBF63DB76D06D62C1
S019,Kannada,edition-target:lang:kn-Knda-IN,kn-Knda-IN,Kannada,India,LARGE_LANGUAGE,DIRECT_OR_EXPLICIT_CONTEXT,PRESENT_EXACT_TARGET,edition-target:lang:kn-Knda-IN,,DIRECT_PERSON_RANKED,17,Large state-language population,Retain direct person measure and stage-specific scarcity,VISIBLE_DIRECT_PERSON_LANE_PLUS_STAGE_SUBJECT_PROFILE,D7FD326794BAB79F9ECB22CC7D8F582D2FD24C84BF66864E6B5137604F7AE074
S020,Malayalam,edition-target:lang:ml-Mlym-IN,ml-Mlym-IN,Malayalam,India,LARGE_LANGUAGE,DIRECT_OR_EXPLICIT_CONTEXT,PRESENT_EXACT_TARGET,edition-target:lang:ml-Mlym-IN,,DIRECT_PERSON_RANKED,21,Large state-language population,Retain direct person measure and stage-specific scarcity,VISIBLE_DIRECT_PERSON_LANE_PLUS_STAGE_SUBJECT_PROFILE,03E77C72AA544AEF51F9CF91255381DF58EE24A77410BD820697877364149A13
S021,Odia,edition-target:lang:or-Orya-IN,or-Orya-IN,Odia,India,LARGE_LANGUAGE,DIRECT_OR_EXPLICIT_CONTEXT,PRESENT_EXACT_TARGET,edition-target:lang:or-Orya-IN,,DIRECT_PERSON_RANKED,24,Large state-language population,Retain direct person measure and stage-specific scarcity,VISIBLE_DIRECT_PERSON_LANE_PLUS_STAGE_SUBJECT_PROFILE,1ED22D73025B3DB43068D13FBD2921F943B6AAFC013BA6BC37C3F34FE44AB4CA
S022,Bhojpuri,edition-target:lang:bho-Deva-IN,bho-Deva-IN,Devanagari,India and transnational communities,LARGE_LANGUAGE,DIRECT_OR_EXPLICIT_CONTEXT,PRESENT_EXACT_TARGET,edition-target:lang:bho-Deva-IN,,DIRECT_PERSON_RANKED,13,Large language often hidden under Hindi aggregates,Do not credit Hindi without functional overlap evidence,VISIBLE_DIRECT_PERSON_LANE_PLUS_STAGE_SUBJECT_PROFILE,3B13A55D175F3FF4045EDB6491DA6EAC3EEDC6A1AC588F8B1D0B424318E6EF1B
S023,Maithili,edition-target:lang:mai-Deva-IN,mai-Deva-IN,Devanagari and Tirhuta context,India and Nepal,LARGE_LANGUAGE,DIRECT_OR_EXPLICIT_CONTEXT,PRESENT_EXACT_TARGET,edition-target:lang:mai-Deva-IN,,DIRECT_PERSON_RANKED,41,Large cross-border language often hidden by national standards,Keep territory and script arms explicit,VISIBLE_DIRECT_PERSON_LANE_PLUS_STAGE_SUBJECT_PROFILE,34D15A449F4B6D5F779FF52BF797C221C59D1B1720F1FEFC127F0BAF5CF3EDAD
S024,Nepali — Nepal,edition-target:lang:ne-Deva-NP,ne-Deva-NP,Devanagari,Nepal,LARGE_LANGUAGE,DIRECT_OR_EXPLICIT_CONTEXT,PRESENT_EXACT_TARGET,edition-target:lang:ne-Deva-NP,,DIRECT_PERSON_RANKED,38,National language and regional bridge,Use Nepal-specific evidence and do not erase other Nepal languages,VISIBLE_DIRECT_PERSON_LANE_PLUS_STAGE_SUBJECT_PROFILE,AE384E76CC154B6118000144701B1055508AC87026BE82B5A3BC9555C6678023
S025,Sinhala,edition-target:lang:si-Sinh-LK,si-Sinh-LK,Sinhala,Sri Lanka,LARGE_LANGUAGE,DIRECT_OR_EXPLICIT_CONTEXT,PRESENT_EXACT_TARGET,edition-target:lang:si-Sinh-LK,,EXACT_TARGET_UNRANKED,,National language with distinct script,Use stage and subject-specific evidence,VISIBLE_UNRANKED_EVIDENCE_PRIORITY_OR_NEGATIVE_CONTROL,CBD7909D6AA8CBACE256D6AB617BFADB345432889BFAA3EB49469840C1CB39E3
S026,Thai,edition-target:lang:th-Thai-TH,th-Thai-TH,Thai,Thailand,LARGE_LANGUAGE,DIRECT_OR_EXPLICIT_CONTEXT,PRESENT_EXACT_TARGET,edition-target:lang:th-Thai-TH,,DIRECT_PERSON_RANKED,10,Official census home-language construct exceeds fifty million,Integrate official 2010 usual-home-language evidence and newer education context separately,VISIBLE_DIRECT_PERSON_LANE_PLUS_STAGE_SUBJECT_PROFILE,01973EBC3994EAF1B9E980FE4E27D6B02EC6C5FF4C834BB9C0A59BE93D663FB5
S027,Vietnamese,edition-target:lang:vi-Latn-VN,vi-Latn-VN,Latin quốc ngữ,Viet Nam,LARGE_LANGUAGE,DIRECT_OR_EXPLICIT_CONTEXT,PRESENT_EXACT_TARGET,edition-target:lang:vi-Latn-VN,,EXACT_TARGET_UNRANKED,,At least eighty-six million identity-proxy and hundred-million territorial-scale screening case,Keep ethnicity proxy and territorial exposure separate until a direct language-user denominator is found,VISIBLE_UNRANKED_EVIDENCE_PRIORITY_OR_NEGATIVE_CONTROL,B2C61E2648276A81AA79EFE2048866F7199A4418CB4058F3D877B583C1CBCB42
S028,Burmese,edition-target:lang:my-Mymr-MM,my-Mymr-MM,Myanmar,Myanmar,LARGE_LANGUAGE,DIRECT_OR_EXPLICIT_CONTEXT,PRESENT_EXACT_TARGET,edition-target:lang:my-Mymr-MM,,DIRECT_PERSON_RANKED,15,Large national language amid severe education disruption,Retain interval and displacement context without treating it as all Myanmar languages,VISIBLE_DIRECT_PERSON_LANE_PLUS_STAGE_SUBJECT_PROFILE,50EC70CB68AE5B543B07BC47BAAE6BC7532243C90A6793A4463BDE38295A19E7
S029,Filipino — national standard,edition-target:lang:fil-Latn-PH,fil-Latn-PH,Latin,Philippines,LARGE_LANGUAGE,DIRECT_OR_EXPLICIT_CONTEXT,PRESENT_EXACT_TARGET,edition-target:lang:fil-Latn-PH,,EXACT_TARGET_UNRANKED,,Large national educational standard,Separate language knowledge from territorial exposure,VISIBLE_UNRANKED_EVIDENCE_PRIORITY_OR_NEGATIVE_CONTROL,8850D0182945754C3B94785F4F1AB9A3623DCEFF595E3353924DFD313A145A69
S030,Tagalog,edition-target:lang:tl-Latn-PH,tl-Latn-PH,Latin,Philippines,LARGE_LANGUAGE,DIRECT_OR_EXPLICIT_CONTEXT,PRESENT_EXACT_TARGET,edition-target:lang:tl-Latn-PH,,EXACT_TARGET_UNRANKED,,Large home-language population related to but not identical with Filipino,Audit overlap with Filipino before aggregation,VISIBLE_UNRANKED_EVIDENCE_PRIORITY_OR_NEGATIVE_CONTROL,91842ACD97991F690641A4F12011CC5F2976FFC47F7C8ABB4150001AF11BBFB1
S031,Javanese,edition-target:lang:jv-Latn-ID,jv-Latn-ID,Latin with Javanese-script continuity context,Indonesia,LARGE_LANGUAGE,DIRECT_OR_EXPLICIT_CONTEXT,PRESENT_EXACT_TARGET,edition-target:lang:jv-Latn-ID,,DIRECT_PERSON_RANKED,9,Large regional-language population not replaced by Indonesian,Retain direct person evidence and bilingual curriculum role,VISIBLE_DIRECT_PERSON_LANE_PLUS_STAGE_SUBJECT_PROFILE,6B67C6818E5C5D03B13B3B0CF04A568403E1C854FBD1164BC1E9140258F4B797
S032,Sundanese,edition-target:lang:su-Latn-ID,su-Latn-ID,Latin with Sundanese-script context,Indonesia,LARGE_LANGUAGE,DIRECT_OR_EXPLICIT_CONTEXT,PRESENT_EXACT_TARGET,edition-target:lang:su-Latn-ID,,DIRECT_PERSON_RANKED,26,Large regional-language population not replaced by Indonesian,Retain direct person evidence and bilingual curriculum role,VISIBLE_DIRECT_PERSON_LANE_PLUS_STAGE_SUBJECT_PROFILE,B9CA1C79AC82FDD9467CF71FE04B8919DC08998A32BDF082DC2A9B8EBE168035
S033,Cebuano,edition-target:lang:ceb-Latn-PH,ceb-Latn-PH,Latin,Philippines,LARGE_LANGUAGE,DIRECT_OR_EXPLICIT_CONTEXT,PRESENT_EXACT_TARGET,edition-target:lang:ceb-Latn-PH,,EXACT_TARGET_UNRANKED,,Large Philippine language hidden by national-language totals,Use exact home-language or knowledge evidence,VISIBLE_UNRANKED_EVIDENCE_PRIORITY_OR_NEGATIVE_CONTROL,5E1D70DCB20FD35DDC6EBAA0AEF8991D16AAD95F7E8720BE5DA6994222D0C152
S034,Ilocano,edition-target:lang:ilo-Latn-PH,ilo-Latn-PH,Latin,Philippines,REGIONAL_DEPTH,DIRECT_OR_EXPLICIT_CONTEXT,PRESENT_EXACT_TARGET,edition-target:lang:ilo-Latn-PH,,EXACT_TARGET_UNRANKED,,Major Philippine regional language,Use exact regional and diaspora evidence,VISIBLE_UNRANKED_EVIDENCE_PRIORITY_OR_NEGATIVE_CONTROL,8F443B52B881063B5567B20E2D2292EE3DCA0D7694AF0AD7545EDBBB06A8C1E9
S035,Hiligaynon,edition-target:lang:hil-Latn-PH,hil-Latn-PH,Latin,Philippines,REGIONAL_DEPTH,DIRECT_OR_EXPLICIT_CONTEXT,PRESENT_EXACT_TARGET,edition-target:lang:hil-Latn-PH,,EXACT_TARGET_UNRANKED,,Major Philippine regional language,Use exact regional evidence,VISIBLE_UNRANKED_EVIDENCE_PRIORITY_OR_NEGATIVE_CONTROL,C5C7496019A2B34AB22C26E8B0E99ADD108299542668686A0EBD8C4CA0A68E52
S036,Waray,edition-target:lang:war-Latn-PH,war-Latn-PH,Latin,Philippines,REGIONAL_DEPTH,DIRECT_OR_EXPLICIT_CONTEXT,PRESENT_EXACT_TARGET,edition-target:lang:war-Latn-PH,,EXACT_TARGET_UNRANKED,,Major Philippine regional language,Use exact regional evidence,VISIBLE_UNRANKED_EVIDENCE_PRIORITY_OR_NEGATIVE_CONTROL,E8366840A1B1B7B162E8D5A89F4178B8DA38B38128E9D602478A7D8038B346FA
S037,Khmer,edition-target:lang:km-Khmr-KH,km-Khmr-KH,Khmer,Cambodia,LARGE_LANGUAGE,DIRECT_OR_EXPLICIT_CONTEXT,PRESENT_EXACT_TARGET,edition-target:lang:km-Khmr-KH,,DIRECT_PERSON_RANKED,35,National language with distinct script and limited academic-language substitution,Use direct population and stage-specific learning evidence,VISIBLE_DIRECT_PERSON_LANE_PLUS_STAGE_SUBJECT_PROFILE,FAE831F2621F5E9E25EC849C022546302523C91DCD8789B288CB3BC00BE1965A
S038,Lao,edition-target:lang:lo-Laoo-LA,lo-Laoo-LA,Lao,Lao PDR,LARGE_LANGUAGE,DIRECT_OR_EXPLICIT_CONTEXT,PRESENT_EXACT_TARGET,edition-target:lang:lo-Laoo-LA,,EXACT_TARGET_UNRANKED,,National language with distinct script,Use direct population and stage-specific learning evidence,VISIBLE_UNRANKED_EVIDENCE_PRIORITY_OR_NEGATIVE_CONTROL,472BC2EB07FA5C4EC1E5F0C98BAA6CFD33121DB8DE7A2DCE481BAA08A80FBB92
S039,Malay — Rumi Malaysia,edition-target:lang:ms-Latn-MY,ms-Latn-MY,Latin Rumi,Malaysia,LARGE_LANGUAGE,DIRECT_OR_EXPLICIT_CONTEXT,PRESENT_EXACT_TARGET,edition-target:lang:ms-Latn-MY,,EXACT_TARGET_UNRANKED,,Large national language and regional bridge,Keep Jawi as a separate delivery arm and do not award blanket Indonesian overlap,VISIBLE_UNRANKED_EVIDENCE_PRIORITY_OR_NEGATIVE_CONTROL,217C7B3D6E297BB884E7FC1D6CE5C7C7A438470A1ACD28C7486CDEC91A62B2D2
S040,Malay — Jawi Malaysia,edition-target:lang:ms-Arab-MY,ms-Arab-MY,Jawi Perso-Arabic,Malaysia,SCRIPT_ACCESS,STRUCTURAL_OR_CONTEXT,PRESENT_EXACT_TARGET,edition-target:lang:ms-Arab-MY,,EXACT_TARGET_UNRANKED,,Script-specific access intervention,Measure Jawi literacy rather than duplicate the full Malay population,VISIBLE_UNRANKED_EVIDENCE_PRIORITY_OR_NEGATIVE_CONTROL,9B0F7683DD9E4449F9D77BD258A4316110CC626E039B8E55776D671E145F4428
S041,Tetum,edition-target:lang:tet-Latn-TL,tet-Latn-TL,Latin,Timor-Leste,REGIONAL_DEPTH,DIRECT_OR_EXPLICIT_CONTEXT,PRESENT_EXACT_TARGET,edition-target:lang:tet-Latn-TL,,DIRECT_PERSON_RANKED,84,National language in a multilingual education system,Keep Portuguese and local-language bridge functions explicit,VISIBLE_DIRECT_PERSON_LANE_PLUS_STAGE_SUBJECT_PROFILE,104ACF10C103C578DD9BE23D626E18772DF20F5A73C117AF401B104C8A82A244
S042,Kiswahili — Tanzania,edition-target:lang:sw-Latn-TZ,sw-Latn-TZ,Latin,Tanzania,LARGE_LANGUAGE,DIRECT_OR_EXPLICIT_CONTEXT,PRESENT_EXACT_TARGET,edition-target:lang:sw-Latn-TZ,,EXACT_TARGET_UNRANKED,,Large national and regional bridge language,Use Tanzania-specific direct population and education evidence,VISIBLE_UNRANKED_EVIDENCE_PRIORITY_OR_NEGATIVE_CONTROL,114A7FBE1505A079F84362DD91D502329C30A3753CF072750E11756A9B79B45A
S043,Kiswahili — Kenya,edition-target:lang:sw-Latn-KE,sw-Latn-KE,Latin,Kenya,LARGE_LANGUAGE,DIRECT_OR_EXPLICIT_CONTEXT,PRESENT_EXACT_TARGET,edition-target:lang:sw-Latn-KE,,EXACT_TARGET_UNRANKED,,Large national and regional bridge language,Keep Kenya-specific curriculum and denominator separate,VISIBLE_UNRANKED_EVIDENCE_PRIORITY_OR_NEGATIVE_CONTROL,D9DB7634B18BB78AA9C6BB6121E5353E232188424118437B94B88DF308729CFC
S044,Hausa,edition-target:lang:ha-Latn-NG,ha-Latn-NG,Latin with Ajami arm separate,Nigeria and cross-border communities,LARGE_LANGUAGE,DIRECT_OR_EXPLICIT_CONTEXT,PRESENT_EXACT_TARGET,edition-target:lang:ha-Latn-NG,,EXACT_TARGET_UNRANKED,,Large cross-border bridge language,Keep script and territory strata explicit,VISIBLE_UNRANKED_EVIDENCE_PRIORITY_OR_NEGATIVE_CONTROL,0681DFEAC5ACC628828997316E4F687D01F96D8D756454B26A772BF53F23EFA6
S045,Standard Yoruba,edition-target:lang:yo-Latn-NG,yo-Latn-NG,Latin,Nigeria,LARGE_LANGUAGE,DIRECT_OR_EXPLICIT_CONTEXT,PRESENT_EXACT_TARGET,edition-target:lang:yo-Latn-NG,,DIRECT_PERSON_RANKED,25,Large national and diaspora-linked language,Retain direct population and stage-specific scarcity,VISIBLE_DIRECT_PERSON_LANE_PLUS_STAGE_SUBJECT_PROFILE,8403FF2DDAF0AA05487581638C0B2FB0750AB322D2E402EDDD13051AA724685E
S046,Standard Igbo,edition-target:lang:ig-Latn-NG,ig-Latn-NG,Latin,Nigeria,LARGE_LANGUAGE,DIRECT_OR_EXPLICIT_CONTEXT,PRESENT_EXACT_TARGET,edition-target:lang:ig-Latn-NG,,DIRECT_PERSON_RANKED,30,Large national language,Retain direct population and stage-specific scarcity,VISIBLE_DIRECT_PERSON_LANE_PLUS_STAGE_SUBJECT_PROFILE,FE1D7B9E602D2287BDCAB5E7914647A6F52A24497F06BA911F07B9C3E4987349
S047,Nigerian Pidgin,edition-target:lang:pcm-Latn-NG,pcm-Latn-NG,Latin,Nigeria,LARGE_LANGUAGE,DIRECT_OR_EXPLICIT_CONTEXT,PRESENT_EXACT_TARGET,edition-target:lang:pcm-Latn-NG,,EXACT_TARGET_UNRANKED,,Very large bridge-language candidate often omitted from formal-language lists,Find direct use and educational-comprehension evidence without substituting Nigeria population,VISIBLE_UNRANKED_EVIDENCE_PRIORITY_OR_NEGATIVE_CONTROL,30B4BEB6B9C01A327246AC61DE9E9C94B5E8D6BFE3EC3F827FCA055C4DA7CEB0
S048,Amharic,edition-target:lang:am-Ethi-ET,am-Ethi-ET,Ethiopic,Ethiopia,LARGE_LANGUAGE,DIRECT_OR_EXPLICIT_CONTEXT,PRESENT_EXACT_TARGET,edition-target:lang:am-Ethi-ET,,DIRECT_PERSON_RANKED,29,Large national and academic language,Use exact language and stage evidence rather than national exposure ceilings,VISIBLE_DIRECT_PERSON_LANE_PLUS_STAGE_SUBJECT_PROFILE,C5316BE880AAC27FCF34F39B932D02F168105AA21C96726DEB6E9D50945F8683
S049,Oromo,edition-target:lang:om-Latn-ET,om-Latn-ET,Latin,Ethiopia,LARGE_LANGUAGE,DIRECT_OR_EXPLICIT_CONTEXT,PRESENT_EXACT_TARGET,edition-target:lang:om-Latn-ET,,DIRECT_PERSON_RANKED,23,Large national language,Retain direct population and multilingual education context,VISIBLE_DIRECT_PERSON_LANE_PLUS_STAGE_SUBJECT_PROFILE,9B7D376F5AB8BCCDB4CE9666F753009BC14D5F9F14AED49411D7AD7B2FF8B692
S050,Somali,edition-target:lang:so-Latn-SO,so-Latn-SO,Latin,Somalia and diaspora,LARGE_LANGUAGE,DIRECT_OR_EXPLICIT_CONTEXT,PRESENT_EXACT_TARGET,edition-target:lang:so-Latn-SO,,EXACT_TARGET_UNRANKED,,Large cross-border language with displaced populations,Separate resident-language and displacement portfolios,VISIBLE_UNRANKED_EVIDENCE_PRIORITY_OR_NEGATIVE_CONTROL,EA898C612453F94083FA9F4DD042E225136F2A822E3D1D05E8B038BBE6DCBFF6
S051,Kinyarwanda,edition-target:lang:rw-Latn-RW,rw-Latn-RW,Latin,Rwanda,LARGE_LANGUAGE,DIRECT_OR_EXPLICIT_CONTEXT,PRESENT_EXACT_TARGET,edition-target:lang:rw-Latn-RW,,DIRECT_PERSON_RANKED,45,National language with broad reach,Measure stage and subject scarcity rather than infer from official status,VISIBLE_DIRECT_PERSON_LANE_PLUS_STAGE_SUBJECT_PROFILE,095B2D25E3B55ED253CB45E36623697E7C1132F5DA582E183B8CEDEB5F54A018
S052,Kirundi,edition-target:lang:rn-Latn-BI,rn-Latn-BI,Latin,Burundi,LARGE_LANGUAGE,DIRECT_OR_EXPLICIT_CONTEXT,PRESENT_EXACT_TARGET,edition-target:lang:rn-Latn-BI,,EXACT_TARGET_UNRANKED,,National language with broad reach,Measure stage and subject scarcity,VISIBLE_UNRANKED_EVIDENCE_PRIORITY_OR_NEGATIVE_CONTROL,B1C4653B24B5D045E610D175DBC9A8F4BC871B18CB20891B286D88C1893C0B88
S053,Lingala — DRC,edition-target:lang:ln-Latn-CD,ln-Latn-CD,Latin,Democratic Republic of the Congo,LARGE_LANGUAGE,DIRECT_OR_EXPLICIT_CONTEXT,PRESENT_EXACT_TARGET,edition-target:lang:ln-Latn-CD,,EXACT_TARGET_UNRANKED,,Major regional bridge language,Do not substitute French exposure for Lingala educational comfort,VISIBLE_UNRANKED_EVIDENCE_PRIORITY_OR_NEGATIVE_CONTROL,DFA32D1C90971AD8EE6528F4207E90C560C9E05919F9AAADC9E2A7C2DBBBF468
S054,French — DRC exposure context,edition-target:regional:fr-Latn-CD-exposure,fr-Latn-CD,Latin,Democratic Republic of the Congo,LARGE_CONTEXT,MANDATORY_CONTEXT,PRESENT_CONTEXT_STRATUM_NO_EXACT_EDITION_TARGET,,fr-Latn-CD-education-exposure-2025,CONTEXT_ONLY,,Very large official-language exposure ceiling with unknown academic comfort,Keep as context until tested or directly reported proficiency evidence exists,VISIBLE_MANDATORY_CONTEXT_AND_VALUE_OF_INFORMATION_LANE,FD0E44B47D79BF78A6F60BA3B914FD9264D07AC13FD85629A543D98FE4E1BD7E
S055,Zulu,edition-target:lang:zu-Latn-ZA,zu-Latn-ZA,Latin,South Africa,LARGE_LANGUAGE,DIRECT_OR_EXPLICIT_CONTEXT,PRESENT_EXACT_TARGET,edition-target:lang:zu-Latn-ZA,,DIRECT_PERSON_RANKED,37,Major national language,Use exact language and stage evidence,VISIBLE_DIRECT_PERSON_LANE_PLUS_STAGE_SUBJECT_PROFILE,2971231AC7D25BECE0F0423CA6B9107ABEEE56D6D00FF5EC133B00396D0959E4
S056,Xhosa,edition-target:lang:xh-Latn-ZA,xh-Latn-ZA,Latin,South Africa,LARGE_LANGUAGE,DIRECT_OR_EXPLICIT_CONTEXT,PRESENT_EXACT_TARGET,edition-target:lang:xh-Latn-ZA,,DIRECT_PERSON_RANKED,44,Major national language,Use exact language and stage evidence,VISIBLE_DIRECT_PERSON_LANE_PLUS_STAGE_SUBJECT_PROFILE,1B115511B74A680C167728E5DD531A354C7BB98F289D45FA1D9886FB4902881F
S057,Shona,edition-target:lang:sn-Latn-ZW,sn-Latn-ZW,Latin,Zimbabwe,LARGE_LANGUAGE,DIRECT_OR_EXPLICIT_CONTEXT,PRESENT_EXACT_TARGET,edition-target:lang:sn-Latn-ZW,,EXACT_TARGET_UNRANKED,,Major national language,Use exact language and stage evidence,VISIBLE_UNRANKED_EVIDENCE_PRIORITY_OR_NEGATIVE_CONTROL,C93960DC5A4EF9B739A2F65E152872CAA1D1189EB55B2B2E9D0D7BB4DC925401
S058,Chichewa,edition-target:lang:ny-Latn-MW,ny-Latn-MW,Latin,Malawi,LARGE_LANGUAGE,DIRECT_OR_EXPLICIT_CONTEXT,PRESENT_EXACT_TARGET,edition-target:lang:ny-Latn-MW,,EXACT_TARGET_UNRANKED,,Major national and regional language,Use exact language and stage evidence,VISIBLE_UNRANKED_EVIDENCE_PRIORITY_OR_NEGATIVE_CONTROL,FBDA067A0DC7D53A7164644CD77955EBADF01F83541B4FCEF18AE58E47CF1E3F
S059,Egyptian Arabic,edition-target:lang:arz-Arab-EG,arz-Arab-EG,Arabic,Egypt,LARGE_LANGUAGE,DIRECT_OR_EXPLICIT_CONTEXT,PRESENT_EXACT_TARGET,edition-target:lang:arz-Arab-EG,,EXACT_TARGET_UNRANKED,,Very large spoken variety whose educational relation to MSA is nontrivial,Keep spoken comprehension and written MSA access separate,VISIBLE_UNRANKED_EVIDENCE_PRIORITY_OR_NEGATIVE_CONTROL,14B0D76FD743DCB3B5276E621D2A1BA4699A12CE1F77B721507DF175339B2E30
S060,Moroccan Arabic,edition-target:lang:ary-Arab-MA,ary-Arab-MA,Arabic,Morocco,LARGE_LANGUAGE,DIRECT_OR_EXPLICIT_CONTEXT,PRESENT_EXACT_TARGET,edition-target:lang:ary-Arab-MA,,DIRECT_PERSON_RANKED,19,Large spoken variety,Keep Darija and MSA educational functions separate,VISIBLE_DIRECT_PERSON_LANE_PLUS_STAGE_SUBJECT_PROFILE,453BC3DEB4B2D3E8107F92464C0BE1460EE0954811A4CE4BBEA4364C46778950
S061,Algerian Arabic,edition-target:lang:arq-Arab-DZ,arq-Arab-DZ,Arabic,Algeria,LARGE_LANGUAGE,DIRECT_OR_EXPLICIT_CONTEXT,PRESENT_EXACT_TARGET,edition-target:lang:arq-Arab-DZ,,EXACT_TARGET_UNRANKED,,Large spoken variety,Keep spoken and formal Arabic functions separate,VISIBLE_UNRANKED_EVIDENCE_PRIORITY_OR_NEGATIVE_CONTROL,E21CB0C1D5F43AF80C04DA9C6870C67E274C7E5AAFCB0410D09646573E4B1DFD
S062,North Levantine Arabic,edition-target:lang:apc-Arab-001,apc-Arab-001,Arabic,Levant,LARGE_LANGUAGE,DIRECT_OR_EXPLICIT_CONTEXT,PRESENT_EXACT_TARGET,edition-target:lang:apc-Arab-001,,EXACT_TARGET_UNRANKED,,Large cross-border spoken variety,Do not apply one refugee cohort count to all speakers,VISIBLE_UNRANKED_EVIDENCE_PRIORITY_OR_NEGATIVE_CONTROL,04DA1D3C93ED95872D1220A141377FD17F876F62C1EF0FF825E8CFF6ED8C2533
S063,Iraqi Arabic,edition-target:lang:acm-Arab-IQ,acm-Arab-IQ,Arabic,Iraq,LARGE_LANGUAGE,DIRECT_OR_EXPLICIT_CONTEXT,PRESENT_EXACT_TARGET,edition-target:lang:acm-Arab-IQ,,EXACT_TARGET_UNRANKED,,Large spoken variety,Use exact territorial evidence and MSA overlap research,VISIBLE_UNRANKED_EVIDENCE_PRIORITY_OR_NEGATIVE_CONTROL,9BA615D4EAC25B7D2B5FFF925955BAB566376DA51A401769E2B7560DF69C99DA
S064,Sudanese Arabic,edition-target:lang:apd-Arab-SD,apd-Arab-SD,Arabic,Sudan,LARGE_LANGUAGE,DIRECT_OR_EXPLICIT_CONTEXT,PRESENT_EXACT_TARGET,edition-target:lang:apd-Arab-SD,,EXACT_TARGET_UNRANKED,,Large spoken variety amid displacement,Separate resident language need from displacement portfolio,VISIBLE_UNRANKED_EVIDENCE_PRIORITY_OR_NEGATIVE_CONTROL,0291A35BB8643C4851003755A43C75E50637021E1E432F26730378D5DFAB0C37
S065,Modern Standard Arabic,edition-target:lang:ar-Arab-001,ar-Arab-001,Arabic,Arabic-using education systems,LARGE_BRIDGE,MANDATORY_CONTEXT,PRESENT_EXACT_TARGET,edition-target:lang:ar-Arab-001,,EXACT_TARGET_UNRANKED,,Major learned written bridge with no defensible native-speaker denominator,Model territory and stage-specific functional comprehension rather than family-wide population,VISIBLE_UNRANKED_EVIDENCE_PRIORITY_OR_NEGATIVE_CONTROL,DA51235D7165F60224D367317AF772D0F19F5AA954FC63FD2CCA933B1868AF71
S066,Tamazight — Morocco,edition-target:lang:zgh-Tfng-MA,zgh-Tfng-MA,Tifinagh,Morocco,MINORITIZED_LARGE,DIRECT_OR_EXPLICIT_CONTEXT,PRESENT_EXACT_TARGET,edition-target:lang:zgh-Tfng-MA,,DIRECT_PERSON_RANKED,75,Official standardized Amazigh language with major access implications,Keep named varieties and Arabic/French overlap explicit,VISIBLE_DIRECT_PERSON_LANE_PLUS_STAGE_SUBJECT_PROFILE,6A6239356C9D8458267219866806E5BD23821458BE85731A1DD0FD2F5CE27FF1
S067,Algerian Amazigh varieties,edition-target:lang:unresolved-algerian-amazigh-varieties,,Latin Tifinagh and Arabic arms must be separately identified,Algeria,UNRESOLVED_MACRO,MANDATORY_CONTEXT,MISSING_EXACT_TARGET,,,NO_TARGET_OR_CONTEXT_RECORD,,Official Tamazight status does not make Kabyle Chaoui Mozabite Tuareg and other varieties one language,Create exact variety and script targets before population binding,UNRANKED_EVIDENCE_NEEDED_ADD_EXACT_TARGET,26005C9E657A79C31B91DE1B150385144FB5258596339ADBE7826F44D32C0916
S068,Spanish — Latin America,edition-target:lang:es-Latn-419,es-Latn-419,Latin,Latin America,LARGE_LANGUAGE,DIRECT_OR_EXPLICIT_CONTEXT,PRESENT_EXACT_TARGET,edition-target:lang:es-Latn-419,,EXACT_TARGET_UNRANKED,,Very large educational language,Use country and stage-specific scarcity rather than assuming universal rich provision,VISIBLE_UNRANKED_EVIDENCE_PRIORITY_OR_NEGATIVE_CONTROL,A84EDE892445BE66CAAA972152FB651837052001D8FC06D4E2FA27AF3A5CC8ED
S069,Spanish — Spain,edition-target:lang:es-Latn-ES,es-Latn-ES,Latin,Spain,LARGE_LANGUAGE,DIRECT_OR_EXPLICIT_CONTEXT,PRESENT_EXACT_TARGET,edition-target:lang:es-Latn-ES,,EXACT_TARGET_UNRANKED,,Large educational language and negative-control candidate,Research actual open-material sufficiency rather than infer it,VISIBLE_UNRANKED_EVIDENCE_PRIORITY_OR_NEGATIVE_CONTROL,C33015D4EB84B04BF00CAFBB9AC4FF12A79F7DCC7AA2C048606EE34C81853DA4
S070,Portuguese — Brazil,edition-target:lang:pt-Latn-BR,pt-Latn-BR,Latin,Brazil,LARGE_LANGUAGE,DIRECT_OR_EXPLICIT_CONTEXT,PRESENT_EXACT_TARGET,edition-target:lang:pt-Latn-BR,,EXACT_TARGET_UNRANKED,,Very large educational language,Use stage subject accessibility and open-resource evidence,VISIBLE_UNRANKED_EVIDENCE_PRIORITY_OR_NEGATIVE_CONTROL,4091D790580BC8181739DB017E6D1718EB25DB8B94C9396C3E8BD10C8540D3A0
S071,Portuguese — Portugal,edition-target:lang:pt-Latn-PT,pt-Latn-PT,Latin,Portugal,LARGE_LANGUAGE,DIRECT_OR_EXPLICIT_CONTEXT,PRESENT_EXACT_TARGET,edition-target:lang:pt-Latn-PT,,EXACT_TARGET_UNRANKED,,Large educational standard and negative-control candidate,Research actual gaps rather than infer them from income,VISIBLE_UNRANKED_EVIDENCE_PRIORITY_OR_NEGATIVE_CONTROL,DF6A2B75C020FFC07D92E079CCBD976A206AE2CBDCC0E8BA002B5C490C7B3217
S072,French — France,edition-target:lang:fr-Latn-FR,fr-Latn-FR,Latin,France,LARGE_LANGUAGE,DIRECT_OR_EXPLICIT_CONTEXT,PRESENT_EXACT_TARGET,edition-target:lang:fr-Latn-FR,,EXACT_TARGET_UNRANKED,,Large educational and research language,Use actual stage and subject scarcity as a negative control or priority basis,VISIBLE_UNRANKED_EVIDENCE_PRIORITY_OR_NEGATIVE_CONTROL,F533627ADB943A109ACADF0FCCEFE402DE6686A4C37618C2CC455D63ADA64C4C
S073,French — West and Central African education contexts,edition-target:regional:fr-Latn-Africa-exposure,fr-Latn-002,Latin,West and Central Africa,LARGE_CONTEXT,MANDATORY_CONTEXT,PRESENT_BASE_LANGUAGE_ONLY_EXACT_TERRITORY_SCRIPT_OR_STANDARD_PROFILE_MISSING,edition-target:lang:fr-Latn-001;edition-target:lang:fr-Latn-FR;edition-target:supplement:fr-Latn-CD-education-exposure-2025,,EXACT_TARGET_UNRANKED,,Large official-schooling bridge with highly variable comfortable comprehension,Keep country-specific exposure and local-language alternatives visible,VISIBLE_UNRANKED_EVIDENCE_PRIORITY_OR_NEGATIVE_CONTROL,5EE0BB3F770C39B19A3DFA806EEA902F40CCBC9623FF4351F135F9849C2EA428
S074,English — United States home-language stratum,edition-target:regional:en-Latn-US-home-2023,en-Latn-US,Latin,United States,LARGE_CONTEXT,MANDATORY_CONTEXT,PRESENT_CONTEXT_STRATUM_NO_EXACT_EDITION_TARGET,,en-Latn-US-home-2023,CONTEXT_ONLY,,Large direct official home-language measure but not proof of complete educational access,Use as context and stage-specific negative control,VISIBLE_MANDATORY_CONTEXT_AND_VALUE_OF_INFORMATION_LANE,A71BDA808759DA31059896ECD0A19A8B379E9B756A81136FCDC663BA6B5A4C28
S075,English — India reported L1 L2 L3,edition-target:regional:en-Latn-IN-reported-L123-2011,en-Latn-IN,Latin,India,LARGE_CONTEXT,MANDATORY_CONTEXT,PRESENT_CONTEXT_STRATUM_NO_EXACT_EDITION_TARGET,,en-Latn-IN-reported-L123-2011,CONTEXT_ONLY,,Large reported-language exposure measure but not tested academic proficiency,Keep outside direct comfortable-reader ranking,VISIBLE_MANDATORY_CONTEXT_AND_VALUE_OF_INFORMATION_LANE,468A5EEA4A7D98234D57A1BB802B9D2D1FFB8870A10650BA7F5853CF41D9579F
S076,English — Nigeria exposure ceiling,edition-target:regional:en-Latn-NG-exposure,en-Latn-NG,Latin,Nigeria,LARGE_CONTEXT,MANDATORY_CONTEXT,PRESENT_CONTEXT_STRATUM_NO_EXACT_EDITION_TARGET,,en-Latn-NG-education-exposure-2025,CONTEXT_ONLY,,Large official-language territory where proficiency is unmeasured,Do not treat national population as English users,VISIBLE_MANDATORY_CONTEXT_AND_VALUE_OF_INFORMATION_LANE,20E00AD6448FBC46A05A5F3F0513F4FD61382D8FDF0D086B442EAD969C785247
S077,English — Pakistan exposure ceiling,edition-target:regional:en-Latn-PK-exposure,en-Latn-PK,Latin,Pakistan,LARGE_CONTEXT,MANDATORY_CONTEXT,PRESENT_CONTEXT_STRATUM_NO_EXACT_EDITION_TARGET,,en-Latn-PK-education-exposure-2023,CONTEXT_ONLY,,Large official-language territory where proficiency is unmeasured,Do not treat national population as English users,VISIBLE_MANDATORY_CONTEXT_AND_VALUE_OF_INFORMATION_LANE,93AF67E41DFEECA3418C79237A0F5CECB4FDDDF211867265D66967763959FBEC
S078,English — Philippines exposure ceiling,edition-target:regional:en-Latn-PH-exposure,en-Latn-PH,Latin,Philippines,LARGE_CONTEXT,MANDATORY_CONTEXT,PRESENT_CONTEXT_STRATUM_NO_EXACT_EDITION_TARGET,,en-Latn-PH-education-exposure-2024,CONTEXT_ONLY,,Large official-language territory where proficiency is unmeasured,Do not treat national population as English users,VISIBLE_MANDATORY_CONTEXT_AND_VALUE_OF_INFORMATION_LANE,FB7D2CDB2A2CAB73EF66F43B7620F8D194CA6B05DE2F040487A2BEB6E58CAADC
S079,German,edition-target:lang:de-Latn-DE,de-Latn-DE,Latin,Germany,LARGE_LANGUAGE,DIRECT_OR_EXPLICIT_CONTEXT,PRESENT_EXACT_TARGET,edition-target:lang:de-Latn-DE,,EXACT_TARGET_UNRANKED,,Large educational and research language and negative-control candidate,Research subject and accessibility gaps rather than infer sufficiency,VISIBLE_UNRANKED_EVIDENCE_PRIORITY_OR_NEGATIVE_CONTROL,21C4B8B780BFBF21811321260F2CB05E3977C6A89CB2DC30CE913FE752736F70
S080,Italian,edition-target:lang:it-Latn-IT,it-Latn-IT,Latin,Italy,LARGE_LANGUAGE,DIRECT_OR_EXPLICIT_CONTEXT,PRESENT_EXACT_TARGET,edition-target:lang:it-Latn-IT,,EXACT_TARGET_UNRANKED,,Major national language silently absent in the current authority,Add exact candidate and direct/context evidence,VISIBLE_UNRANKED_EVIDENCE_PRIORITY_OR_NEGATIVE_CONTROL,3BEBBD6E7DD8DE4B9B95B70A6233A419A16555DD80A7FBC01F42A5333F807887
S081,Polish,edition-target:lang:pl-Latn-PL,pl-Latn-PL,Latin,Poland,LARGE_LANGUAGE,DIRECT_OR_EXPLICIT_CONTEXT,PRESENT_EXACT_TARGET,edition-target:lang:pl-Latn-PL,,EXACT_TARGET_UNRANKED,,Major national language silently absent in the current authority,Add exact candidate and direct/context evidence,VISIBLE_UNRANKED_EVIDENCE_PRIORITY_OR_NEGATIVE_CONTROL,89730B20FEFD3432D3B5DA8FF731F8BA938C23A5FFA849AB8140AA4BF3A71413
S082,Dutch,edition-target:lang:nl-Latn-NL,nl-Latn-NL,Latin,Netherlands,LARGE_LANGUAGE,DIRECT_OR_EXPLICIT_CONTEXT,PRESENT_EXACT_TARGET,edition-target:lang:nl-Latn-NL,,EXACT_TARGET_UNRANKED,,Major national language silently absent in the current authority,Add exact candidate and direct/context evidence,VISIBLE_UNRANKED_EVIDENCE_PRIORITY_OR_NEGATIVE_CONTROL,1141A201FC26D279D3843F27E64203029C0BC7EC4DB46D01CDFB37411CD471E9
S083,Romanian,edition-target:lang:ro-Latn-RO,ro-Latn-RO,Latin,Romania,LARGE_LANGUAGE,DIRECT_OR_EXPLICIT_CONTEXT,PRESENT_EXACT_TARGET,edition-target:lang:ro-Latn-RO,,EXACT_TARGET_UNRANKED,,Major national language silently absent in the current authority,Add exact candidate and direct/context evidence,VISIBLE_UNRANKED_EVIDENCE_PRIORITY_OR_NEGATIVE_CONTROL,C26A37B08591EE4ED4CCDBEB0264B56EFF87971B5B7B312EA7BE7A5A6E8032E0
S084,Greek,edition-target:lang:el-Grek-GR,el-Grek-GR,Greek,Greece,LARGE_LANGUAGE,DIRECT_OR_EXPLICIT_CONTEXT,PRESENT_EXACT_TARGET,edition-target:lang:el-Grek-GR,,EXACT_TARGET_UNRANKED,,Major national language silently absent in the current authority,Add exact candidate and direct/context evidence,VISIBLE_UNRANKED_EVIDENCE_PRIORITY_OR_NEGATIVE_CONTROL,D52604DC15EC0C8FE1AAC85D3EBB134C0AF28AF56685C47964D3D50702DD92A4
S085,Serbian — Cyrillic,edition-target:lang:sr-Cyrl-RS,sr-Cyrl-RS,Cyrillic,Serbia,LARGE_LANGUAGE,DIRECT_OR_EXPLICIT_CONTEXT,PRESENT_EXACT_TARGET,edition-target:lang:sr-Cyrl-RS,,EXACT_TARGET_UNRANKED,,Major national standard with script-specific delivery,Model Latin arm as nonadditive script access,VISIBLE_UNRANKED_EVIDENCE_PRIORITY_OR_NEGATIVE_CONTROL,186B6AE89610C238E10D3EF8339DE9C9E9C261B66DF2FB0F6714F05F01ADC8B8
S086,Serbian — Latin,edition-target:lang:sr-Latn-RS,sr-Latn-RS,Latin,Serbia,SCRIPT_ACCESS,STRUCTURAL_OR_CONTEXT,PRESENT_EXACT_TARGET,edition-target:lang:sr-Latn-RS,,EXACT_TARGET_UNRANKED,,Script-specific arm of Serbian,Do not duplicate Serbian population,VISIBLE_UNRANKED_EVIDENCE_PRIORITY_OR_NEGATIVE_CONTROL,9E7D13242CB1F6BD148BA650B678C9B0292C4B64729764E5E3D9758DA59F7114
S087,Croatian,edition-target:lang:hr-Latn-HR,hr-Latn-HR,Latin,Croatia,LARGE_LANGUAGE,DIRECT_OR_EXPLICIT_CONTEXT,PRESENT_EXACT_TARGET,edition-target:lang:hr-Latn-HR,,EXACT_TARGET_UNRANKED,,National standard absent from the current authority,Add exact candidate and research shared-production versus separate-reader needs,VISIBLE_UNRANKED_EVIDENCE_PRIORITY_OR_NEGATIVE_CONTROL,DD0A0D448251B75A452EA67A328144481E5748A81B32D0044EC10D94903A472C
S088,Bosnian,edition-target:lang:bs-Latn-BA,bs-Latn-BA,Latin,Bosnia and Herzegovina,LARGE_LANGUAGE,DIRECT_OR_EXPLICIT_CONTEXT,PRESENT_EXACT_TARGET,edition-target:lang:bs-Latn-BA,,EXACT_TARGET_UNRANKED,,National standard absent from the current authority,Add exact candidate and research shared-production versus separate-reader needs,VISIBLE_UNRANKED_EVIDENCE_PRIORITY_OR_NEGATIVE_CONTROL,59871B7847A5FC0FEE93B6222A95FB192CE7FD9042961743FCA2C65FDDADEE52
S089,Hungarian,edition-target:lang:hu-Latn-HU,hu-Latn-HU,Latin,Hungary,LARGE_LANGUAGE,DIRECT_OR_EXPLICIT_CONTEXT,PRESENT_EXACT_TARGET,edition-target:lang:hu-Latn-HU,,EXACT_TARGET_UNRANKED,,Major non-Indo-European European language,Add exact candidate and evidence,VISIBLE_UNRANKED_EVIDENCE_PRIORITY_OR_NEGATIVE_CONTROL,5C7CEF29DC29B29DED4A35AA4FED13A7D6C2E15358712F4B0CFABF599048A3F3
S090,Czech,edition-target:lang:cs-Latn-CZ,cs-Latn-CZ,Latin,Czechia,LARGE_LANGUAGE,DIRECT_OR_EXPLICIT_CONTEXT,PRESENT_EXACT_TARGET,edition-target:lang:cs-Latn-CZ,,EXACT_TARGET_UNRANKED,,Major national language,Add exact candidate and evidence,VISIBLE_UNRANKED_EVIDENCE_PRIORITY_OR_NEGATIVE_CONTROL,FD3947FC1CD61BDE69CE31BCF5146AFE84CCB0E21629473089521895FAD959B7
S091,Slovak,edition-target:lang:sk-Latn-SK,sk-Latn-SK,Latin,Slovakia,LARGE_LANGUAGE,DIRECT_OR_EXPLICIT_CONTEXT,PRESENT_EXACT_TARGET,edition-target:lang:sk-Latn-SK,,EXACT_TARGET_UNRANKED,,Major national language,Add exact candidate and evidence,VISIBLE_UNRANKED_EVIDENCE_PRIORITY_OR_NEGATIVE_CONTROL,FFC652E12A9CCCF59AEE36CD1838DE6F4F982B153A56916F4F008DFC6E432679
S092,Danish,edition-target:lang:da-Latn-DK,da-Latn-DK,Latin,Denmark,LARGE_LANGUAGE,DIRECT_OR_EXPLICIT_CONTEXT,PRESENT_EXACT_TARGET,edition-target:lang:da-Latn-DK,,EXACT_TARGET_UNRANKED,,National language and negative-control candidate,Research actual subject and accessibility gaps,VISIBLE_UNRANKED_EVIDENCE_PRIORITY_OR_NEGATIVE_CONTROL,BF99CAE6E29D80818D38CF3C67685AB517A9F20681A836919E19D8DAF5969429
S093,Swedish,edition-target:lang:sv-Latn-SE,sv-Latn-SE,Latin,Sweden,LARGE_LANGUAGE,DIRECT_OR_EXPLICIT_CONTEXT,PRESENT_EXACT_TARGET,edition-target:lang:sv-Latn-SE,,EXACT_TARGET_UNRANKED,,National language and negative-control candidate,Research actual subject and accessibility gaps,VISIBLE_UNRANKED_EVIDENCE_PRIORITY_OR_NEGATIVE_CONTROL,8C9670C8D403991789FED09CDB59D63F8F61175724F9D725FD3B199698CEC2BB
S094,Norwegian Bokmål,edition-target:lang:nb-Latn-NO,nb-Latn-NO,Latin,Norway,LARGE_LANGUAGE,DIRECT_OR_EXPLICIT_CONTEXT,PRESENT_EXACT_TARGET,edition-target:lang:nb-Latn-NO,,EXACT_TARGET_UNRANKED,,Major written standard,Keep Nynorsk as a separate production and access arm,VISIBLE_UNRANKED_EVIDENCE_PRIORITY_OR_NEGATIVE_CONTROL,E4C0766288E71951E54D4B76BF4945060CAD480E0CBA53906BFFDB133B74E21D
S095,Norwegian Nynorsk,edition-target:lang:nn-Latn-NO,nn-Latn-NO,Latin,Norway,MINORITIZED_STANDARD,DIRECT_OR_EXPLICIT_CONTEXT,PRESENT_EXACT_TARGET,edition-target:lang:nn-Latn-NO,,EXACT_TARGET_UNRANKED,,Official written standard with distinct educational-access implications,Do not treat Bokmål availability as complete coverage,VISIBLE_UNRANKED_EVIDENCE_PRIORITY_OR_NEGATIVE_CONTROL,6CA14A5702C6A8EB372FF80024061022BCA8DA170C6E1D33C97C5735370C3314
S096,Finnish,edition-target:lang:fi-Latn-FI,fi-Latn-FI,Latin,Finland,LARGE_LANGUAGE,DIRECT_OR_EXPLICIT_CONTEXT,PRESENT_EXACT_TARGET,edition-target:lang:fi-Latn-FI,,EXACT_TARGET_UNRANKED,,Major national language,Add exact candidate and evidence,VISIBLE_UNRANKED_EVIDENCE_PRIORITY_OR_NEGATIVE_CONTROL,DDD1DA4A370B31BB6781422470AE26FB6571F8975576617AFAF6A69F4F2D32BA
S097,Standard Ukrainian — Ukraine,edition-target:lang:uk-Cyrl-UA,uk-Cyrl-UA,Cyrillic,Ukraine,LARGE_LANGUAGE,DIRECT_OR_EXPLICIT_CONTEXT,PRESENT_EXACT_TARGET,edition-target:lang:uk-Cyrl-UA,,EXACT_TARGET_UNRANKED,,Large national language currently represented only by a displacement cohort,Add resident-language candidate separately from displaced learner portfolio,VISIBLE_UNRANKED_EVIDENCE_PRIORITY_OR_NEGATIVE_CONTROL,62062F91ACE80361BB07724CE4B7F10764FEB55EB0152D9B59A71D3BE6698E29
S098,Turkish,edition-target:lang:tr-Latn-TR,tr-Latn-TR,Latin,Türkiye,LARGE_LANGUAGE,DIRECT_OR_EXPLICIT_CONTEXT,PRESENT_EXACT_TARGET,edition-target:lang:tr-Latn-TR,,EXACT_TARGET_UNRANKED,,Large national and regional language,Use direct population and stage-specific evidence,VISIBLE_UNRANKED_EVIDENCE_PRIORITY_OR_NEGATIVE_CONTROL,DBEA3C6A3899CFF64DDB4FE49C046DDB7C142CA7A9DE9AF60596D2AAE73CAB6C
S099,Persian — Iran,edition-target:lang:fa-Arab-IR,fa-Arab-IR,Perso-Arabic,Iran,LARGE_LANGUAGE,DIRECT_OR_EXPLICIT_CONTEXT,PRESENT_EXACT_TARGET,edition-target:lang:fa-Arab-IR,,EXACT_TARGET_UNRANKED,,Large national and academic language,Keep Dari and Tajik separate,VISIBLE_UNRANKED_EVIDENCE_PRIORITY_OR_NEGATIVE_CONTROL,A561CCCDD36354BA1C42CAE8A24CE1B067750381F452E8713C291BF3890AFA03
S100,Dari,edition-target:lang:prs-Arab-AF,prs-Arab-AF,Perso-Arabic,Afghanistan,LARGE_LANGUAGE,DIRECT_OR_EXPLICIT_CONTEXT,PRESENT_EXACT_TARGET,edition-target:lang:prs-Arab-AF,,EXACT_TARGET_UNRANKED,,Large national variety amid displacement,Separate resident-language and displacement portfolios,VISIBLE_UNRANKED_EVIDENCE_PRIORITY_OR_NEGATIVE_CONTROL,037815B7BCF490061F567BC5F07963D830B88E795727B49D716513596500F984
S101,Pashto — Afghanistan,edition-target:lang:ps-Arab-AF,ps-Arab-AF,Perso-Arabic,Afghanistan,LARGE_LANGUAGE,DIRECT_OR_EXPLICIT_CONTEXT,PRESENT_EXACT_TARGET,edition-target:lang:ps-Arab-AF,,EXACT_TARGET_UNRANKED,,Large national language amid displacement,Separate resident-language and displacement portfolios,VISIBLE_UNRANKED_EVIDENCE_PRIORITY_OR_NEGATIVE_CONTROL,4465D2AED36751721A7F07724E9EA0EB682F0CD7F535E113774E4F4386429B6D
S102,Sorani Kurdish,edition-target:lang:ckb-Arab-001,ckb-Arab-001,Perso-Arabic,Iraq Iran and diaspora,STATELESS_CROSS_BORDER,DIRECT_OR_EXPLICIT_CONTEXT,PRESENT_EXACT_TARGET,edition-target:lang:ckb-Arab-001,,DIRECT_PERSON_RANKED,51,Large stateless cross-border language,Use territory-specific evidence and separate scripts,VISIBLE_DIRECT_PERSON_LANE_PLUS_STAGE_SUBJECT_PROFILE,9290B8EF16A004DC8C6310599F90AB21A732EA6D659CAA8EDD5F0D69745F97CA
S103,Kurmanji Kurdish,edition-target:lang:kmr-Latn-001,kmr-Latn-001,Latin with Cyrillic and Arabic arms separately tagged,Türkiye Syria Iraq Caucasus and diaspora,STATELESS_CROSS_BORDER,DIRECT_OR_EXPLICIT_CONTEXT,PRESENT_EXACT_TARGET,edition-target:lang:kmr-Latn-001,,DIRECT_PERSON_RANKED,34,Large stateless cross-border language,Use territory and script-specific evidence,VISIBLE_DIRECT_PERSON_LANE_PLUS_STAGE_SUBJECT_PROFILE,CAE780308AFE95416D3C1D4AEDE9F33930032B4932DE5215B6B0440E375B83E1
S104,Kazakh,edition-target:lang:kk-Cyrl-KZ,kk-Cyrl-KZ,Cyrillic with Latin transition context,Kazakhstan,LARGE_LANGUAGE,DIRECT_OR_EXPLICIT_CONTEXT,PRESENT_EXACT_TARGET,edition-target:lang:kk-Cyrl-KZ,,DIRECT_PERSON_RANKED,40,Large national language with script transition,Keep current literacy and planned orthography distinct,VISIBLE_DIRECT_PERSON_LANE_PLUS_STAGE_SUBJECT_PROFILE,5D4E1DA1FC2E7E2DE705908AD60BAFCB1B280FFF64189C8F803B629519EB18AE
S105,Uzbek,edition-target:lang:uz-Latn-UZ,uz-Latn-UZ,Latin with Cyrillic context,Uzbekistan,LARGE_LANGUAGE,DIRECT_OR_EXPLICIT_CONTEXT,PRESENT_EXACT_TARGET,edition-target:lang:uz-Latn-UZ,,DIRECT_PERSON_RANKED,16,Large national language,Retain direct population and script-specific delivery evidence,VISIBLE_DIRECT_PERSON_LANE_PLUS_STAGE_SUBJECT_PROFILE,8DB4B57C35ADE2E59C75F0D7E2D6582F50972C576BB745E5026D442D4BD947F8
S106,Azerbaijani,edition-target:lang:az-Latn-AZ,az-Latn-AZ,Latin,Azerbaijan,LARGE_LANGUAGE,DIRECT_OR_EXPLICIT_CONTEXT,PRESENT_EXACT_TARGET,edition-target:lang:az-Latn-AZ,,EXACT_TARGET_UNRANKED,,Large national language and Turkic close-pair research case,Do not award pan-Turkic reach without comprehension evidence,VISIBLE_UNRANKED_EVIDENCE_PRIORITY_OR_NEGATIVE_CONTROL,69BDAB56C9D92A97F87A6EC8A2217D9F0770B37CAEF2C06D85FF1547BF4DA8E8
S107,Georgian,edition-target:lang:ka-Geor-GE,ka-Geor-GE,Georgian,Georgia,LARGE_LANGUAGE,DIRECT_OR_EXPLICIT_CONTEXT,PRESENT_EXACT_TARGET,edition-target:lang:ka-Geor-GE,,DIRECT_PERSON_RANKED,55,National language with distinct script,Add exact evidence and subject-gap profile,VISIBLE_DIRECT_PERSON_LANE_PLUS_STAGE_SUBJECT_PROFILE,AAC929836D63EB6D17B87E92D58B6C577EA90E5F78C75BFBA8D58AD998B14ECD
S108,Armenian,edition-target:lang:hy-Armn-AM,hy-Armn-AM,Armenian,Armenia,LARGE_LANGUAGE,DIRECT_OR_EXPLICIT_CONTEXT,PRESENT_EXACT_TARGET,edition-target:lang:hy-Armn-AM,,DIRECT_PERSON_RANKED,59,National language with distinct script,Add exact evidence and diaspora strata separately,VISIBLE_DIRECT_PERSON_LANE_PLUS_STAGE_SUBJECT_PROFILE,AFEFE0AD71309D7FD9EA62353F005E8BBF882628E3358958D0103430697CF3E3
S109,Mongolian — Cyrillic Mongolia,edition-target:lang:mn-Cyrl-MN,mn-Cyrl-MN,Cyrillic,Mongolia,LARGE_LANGUAGE,DIRECT_OR_EXPLICIT_CONTEXT,PRESENT_EXACT_TARGET,edition-target:lang:mn-Cyrl-MN,,EXACT_TARGET_UNRANKED,,National language and education standard,Keep Inner Mongolian traditional-script population separate,VISIBLE_UNRANKED_EVIDENCE_PRIORITY_OR_NEGATIVE_CONTROL,10DD43C38B4FC2B4ADB738DF04BC1A9538AD1FF69D44C6611164B9F581D12E22
S110,Uyghur,edition-target:lang:ug-Arab-CN,ug-Arab-CN,Perso-Arabic,Xinjiang China,MINORITIZED_LARGE,DIRECT_OR_EXPLICIT_CONTEXT,PRESENT_EXACT_TARGET,edition-target:lang:ug-Arab-CN,,EXACT_TARGET_UNRANKED,,Large minoritized language absent from the current authority,Add exact candidate with cautious primary evidence,VISIBLE_UNRANKED_EVIDENCE_PRIORITY_OR_NEGATIVE_CONTROL,0BCCC5A1E0AA2372B30CD40C9273C5E0D853A8F9CAA8A471D27425F13E144BC9
S111,Tibetan,edition-target:lang:bo-Tibt-CN,bo-Tibt-CN,Tibetan,Tibetan-speaking regions of China,MINORITIZED_LARGE,DIRECT_OR_EXPLICIT_CONTEXT,PRESENT_EXACT_TARGET,edition-target:lang:bo-Tibt-CN,,EXACT_TARGET_UNRANKED,,Large minoritized language and script absent from the current authority,Add exact variety-aware candidate and evidence,VISIBLE_UNRANKED_EVIDENCE_PRIORITY_OR_NEGATIVE_CONTROL,7D1D422470DB71600E87AA4B1500078513BC4ACDA4A4233B89293D9F145B7EBF
S112,Zhuang,edition-target:lang:za-Latn-CN,za-Latn-CN,Latin standardized Zhuang,Guangxi and neighboring China,MINORITIZED_LARGE,DIRECT_OR_EXPLICIT_CONTEXT,PRESENT_EXACT_TARGET,edition-target:lang:za-Latn-CN,,EXACT_TARGET_UNRANKED,,Large minoritized language hidden by ethnicity or Mandarin totals,Add exact candidate and distinguish varieties from macro labels,VISIBLE_UNRANKED_EVIDENCE_PRIORITY_OR_NEGATIVE_CONTROL,6C0884F37FB5337C95BF83DE78DB867E41958B47327886B620794FFF73AF9645
S113,Nuosu Yi,edition-target:lang:ii-Yiii-CN,ii-Yiii-CN,Yi syllabary,Sichuan China,MINORITIZED_LARGE,DIRECT_OR_EXPLICIT_CONTEXT,PRESENT_EXACT_TARGET,edition-target:lang:ii-Yiii-CN,,EXACT_TARGET_UNRANKED,,Large standardized minority language with distinct script,Add exact candidate and direct/context evidence,VISIBLE_UNRANKED_EVIDENCE_PRIORITY_OR_NEGATIVE_CONTROL,05E33BB29CDA16E774EE13F77672F464C9C89DC622711030F4DD64AEC5D101A7
S114,Inner Mongolian — traditional script,edition-target:lang:mn-Mong-CN,mn-Mong-CN,Traditional Mongolian vertical script,Inner Mongolia China,MINORITIZED_LARGE,DIRECT_OR_EXPLICIT_CONTEXT,PRESENT_EXACT_TARGET,edition-target:lang:mn-Mong-CN,,EXACT_TARGET_UNRANKED,,Major script and curriculum stratum absent from the current authority,Add exact candidate without merging with Mongolia Cyrillic,VISIBLE_UNRANKED_EVIDENCE_PRIORITY_OR_NEGATIVE_CONTROL,0CA0D98083A99F67A1A8406A6FFCACC9F1E8422A9EA0E76117613A03FCC89685
S115,Wu Chinese,edition-target:lang:wuu-Hans-CN,wuu-Hans-CN,Simplified Han plus spoken/audio arm,Lower Yangtze China,SINITIC_VARIETY,DIRECT_OR_EXPLICIT_CONTEXT,PRESENT_EXACT_TARGET,edition-target:lang:wuu-Hans-CN,,EXACT_TARGET_UNRANKED,,Large Sinitic variety not functionally replaced by written-language population counts,Add exact evidence and separate written-standard overlap from spoken comprehension,VISIBLE_UNRANKED_EVIDENCE_PRIORITY_OR_NEGATIVE_CONTROL,CC1BD1AA286FA93F172E3852B1AC9BE22FBBC337F5F8B3CE7BE8BF00BE7DE2D0
S116,Taiwanese Taigi — Southern Min,edition-target:lang:nan-Hant-TW,nan-Hant-TW,Traditional Han and standardized romanization arms,Taiwan,SINITIC_VARIETY,DIRECT_OR_EXPLICIT_CONTEXT,PRESENT_EXACT_TARGET,edition-target:lang:nan-Hant-TW,,DIRECT_PERSON_RANKED,33,Large current-use and transmission population with official direct evidence,Integrate DGBAS use measures and retain children/noncitizens exclusions,VISIBLE_DIRECT_PERSON_LANE_PLUS_STAGE_SUBJECT_PROFILE,22C38D01E9CAA6BDA1E6BDF117C1649A681539B682D30BA3DD5C8110B02C8696
S117,Mainland Southern Min,edition-target:lang:nan-Hans-CN,nan-Hans-CN,Simplified Han plus spoken/audio arm,Fujian and diaspora China,SINITIC_VARIETY,DIRECT_OR_EXPLICIT_CONTEXT,PRESENT_EXACT_TARGET,edition-target:lang:nan-Hans-CN,,EXACT_TARGET_UNRANKED,,Large Sinitic variety distinct from Taiwan Taigi,Add exact mainland evidence without transferring Taiwan counts,VISIBLE_UNRANKED_EVIDENCE_PRIORITY_OR_NEGATIVE_CONTROL,6C35599E270AF6B3F337103DC8AEA24E8387A2A3E02F9196BC6B088B92F3929F
S118,Taiwan Hakka,edition-target:lang:hak-Hant-TW,hak-Hant-TW,Traditional Han and Hakka romanization arms,Taiwan,SINITIC_VARIETY,DIRECT_OR_EXPLICIT_CONTEXT,PRESENT_EXACT_TARGET,edition-target:lang:hak-Hant-TW,,DIRECT_PERSON_RANKED,67,Official evidence shows large identity and much smaller ability/use constructs,Preserve identity ability use age and geography as separate measures,VISIBLE_DIRECT_PERSON_LANE_PLUS_STAGE_SUBJECT_PROFILE,E2B428878D3C4AA3E4075898F0A2BE473442245E9DB460E0B6EEDC60A8E84685
S119,Mainland Hakka,edition-target:lang:hak-Hans-CN,hak-Hans-CN,Simplified Han plus spoken/audio arm,China,SINITIC_VARIETY,DIRECT_OR_EXPLICIT_CONTEXT,PRESENT_EXACT_TARGET,edition-target:lang:hak-Hans-CN,,EXACT_TARGET_UNRANKED,,Large Sinitic variety absent from the current authority,Add mainland-specific evidence without importing Taiwan counts,VISIBLE_UNRANKED_EVIDENCE_PRIORITY_OR_NEGATIVE_CONTROL,4089A8C15744EF11BAD019B7A4F0ABBB524FF697156B6E8E773FEE073E4385F7
S120,Xiang Chinese,edition-target:lang:hsn-Hans-CN,hsn-Hans-CN,Simplified Han plus spoken/audio arm,Hunan China,SINITIC_VARIETY,DIRECT_OR_EXPLICIT_CONTEXT,PRESENT_EXACT_TARGET,edition-target:lang:hsn-Hans-CN,,EXACT_TARGET_UNRANKED,,Large Sinitic variety absent from the current authority,Add exact evidence and written-standard overlap analysis,VISIBLE_UNRANKED_EVIDENCE_PRIORITY_OR_NEGATIVE_CONTROL,4B2B2D2FA89209B357555250C593D821C274BE85583971B3910799EB08A5EFA9
S121,Gan Chinese,edition-target:lang:gan-Hans-CN,gan-Hans-CN,Simplified Han plus spoken/audio arm,Jiangxi and neighboring China,SINITIC_VARIETY,DIRECT_OR_EXPLICIT_CONTEXT,PRESENT_EXACT_TARGET,edition-target:lang:gan-Hans-CN,,EXACT_TARGET_UNRANKED,,Large Sinitic variety absent from the current authority,Add exact evidence and written-standard overlap analysis,VISIBLE_UNRANKED_EVIDENCE_PRIORITY_OR_NEGATIVE_CONTROL,8CADFEB6AD2678F8B56B4E792F0B67883057D3C39DEEA1F3063363418CAF6CF1
S122,Jin Chinese,edition-target:lang:cjy-Hans-CN,cjy-Hans-CN,Simplified Han plus spoken/audio arm,Shanxi and neighboring China,SINITIC_VARIETY,DIRECT_OR_EXPLICIT_CONTEXT,PRESENT_EXACT_TARGET,edition-target:lang:cjy-Hans-CN,,EXACT_TARGET_UNRANKED,,Large Sinitic variety absent from the current authority,Add exact evidence and written-standard overlap analysis,VISIBLE_UNRANKED_EVIDENCE_PRIORITY_OR_NEGATIVE_CONTROL,C66F834D25D86656038EC240651F22B8C47F832FFCF25A077425842116A98C37
S123,Yue Cantonese — mainland,edition-target:lang:yue-Hans-CN,yue-Hans-CN,Simplified Han plus Cantonese speech,Guangdong Guangxi and mainland communities,SINITIC_VARIETY,DIRECT_OR_EXPLICIT_CONTEXT,PRESENT_EXACT_TARGET,edition-target:lang:yue-Hans-CN,,EXACT_TARGET_UNRANKED,,Large Sinitic variety requiring mainland disposition,Do not substitute Hong Kong traditional-script evidence,VISIBLE_UNRANKED_EVIDENCE_PRIORITY_OR_NEGATIVE_CONTROL,CFD71BF741CD3B8A8B420785B6DDF5D85FDD312D965BF59005703E6895710A35
S124,Yue Cantonese — Hong Kong,edition-target:lang:yue-Hant-HK,yue-Hant-HK,Traditional Han plus Cantonese speech,Hong Kong,SINITIC_VARIETY,DIRECT_OR_EXPLICIT_CONTEXT,PRESENT_EXACT_TARGET,edition-target:lang:yue-Hant-HK,,DIRECT_PERSON_RANKED,48,Large territorial spoken and written profile,Use Hong Kong-specific language-use evidence,VISIBLE_DIRECT_PERSON_LANE_PLUS_STAGE_SUBJECT_PROFILE,3C99367A274972DC754B5303200207FFDE5CE58F2F5D74DD94D229FCE8C5F81A
S125,Hainanese or Qiongwen Min,edition-target:lang:hnm-Hans-CN,hnm-Hans-CN,Simplified Han plus spoken/audio arm,Hainan China,SINITIC_VARIETY,DIRECT_OR_EXPLICIT_CONTEXT,PRESENT_EXACT_TARGET,edition-target:lang:hnm-Hans-CN,,EXACT_TARGET_UNRANKED,,Potentially large omitted Min variety,Resolve exact ISO identity and direct evidence before ranking,VISIBLE_UNRANKED_EVIDENCE_PRIORITY_OR_NEGATIVE_CONTROL,54C099D8130A420E30E75EC4E4B40481CE2F58EF8EF337B426903CC1A7125EFA
S126,Hmong varieties in China,edition-target:lang:unresolved-hmong-varieties-CN,,Multiple orthographies,China,UNRESOLVED_MACRO,MANDATORY_CONTEXT,MISSING_EXACT_TARGET,,,NO_TARGET_OR_CONTEXT_RECORD,,Macro labels such as Miao or Hmong must not become one fake language,Create exact variety and script records before any person allocation,UNRANKED_EVIDENCE_NEEDED_ADD_EXACT_TARGET,25BB6F858FBB16B8E954E233D2BBDDBE21B0917D9A8239F6BECEFF6A09474CF8
S127,Low German,edition-target:lang:nds-Latn-DE,nds-Latn-DE,Latin,Germany and diaspora,MINORITIZED_GERMANIC,DIRECT_OR_EXPLICIT_CONTEXT,PRESENT_EXACT_TARGET,edition-target:lang:nds-Latn-DE,,EXACT_TARGET_UNRANKED,,Inter-Germanic hypothesis must be tested against actual gaps,Add exact candidate and independent educational-need evidence,VISIBLE_UNRANKED_EVIDENCE_PRIORITY_OR_NEGATIVE_CONTROL,12662E962084A308394B4D2825BA40FE5FC910FE653EF1CB6BEFFB4035B2F67A
S128,Plautdietsch,edition-target:lang:pdt-Latn-001,pdt-Latn-001,Latin,Transnational Mennonite communities,MINORITIZED_GERMANIC,DIRECT_OR_EXPLICIT_CONTEXT,PRESENT_EXACT_TARGET,edition-target:lang:pdt-Latn-001,,EXACT_TARGET_UNRANKED,,Distinct diaspora language potentially poorly served by national standards,Add community-specific evidence and script profile,VISIBLE_UNRANKED_EVIDENCE_PRIORITY_OR_NEGATIVE_CONTROL,8E0883073E516F615D7AE9BE1340AC9A6B1A203DBBD5D9F3DEF240C5BE4F647C
S129,Pennsylvania Dutch,edition-target:lang:pdc-Latn-US,pdc-Latn-US,Latin,United States diaspora communities,MINORITIZED_GERMANIC,DIRECT_OR_EXPLICIT_CONTEXT,PRESENT_EXACT_TARGET,edition-target:lang:pdc-Latn-US,,EXACT_TARGET_UNRANKED,,Distinct diaspora language in the Inter-Germanic hypothesis,Add community-specific evidence,VISIBLE_UNRANKED_EVIDENCE_PRIORITY_OR_NEGATIVE_CONTROL,DF9B7779547148A1011F5D8B991556B7C77C0C992F2EE3D7529E3C27EA3DA719
S130,Hutterisch,edition-target:lang:geh-Latn-001,geh-Latn-001,Latin,North American Hutterite communities,MINORITIZED_GERMANIC,DIRECT_OR_EXPLICIT_CONTEXT,PRESENT_EXACT_TARGET,edition-target:lang:geh-Latn-001,,EXACT_TARGET_UNRANKED,,Distinct diaspora language in the Inter-Germanic hypothesis,Add community-specific evidence,VISIBLE_UNRANKED_EVIDENCE_PRIORITY_OR_NEGATIVE_CONTROL,77F5CD4F179FEE3923E716A999BFE5D2A11664194542BE52C927974C82117A91
S131,West Frisian,edition-target:lang:fy-Latn-NL,fy-Latn-NL,Latin,Friesland Netherlands,MINORITIZED_GERMANIC,DIRECT_OR_EXPLICIT_CONTEXT,PRESENT_EXACT_TARGET,edition-target:lang:fy-Latn-NL,,EXACT_TARGET_UNRANKED,,Official regional language and Inter-Germanic test case,Add exact educational-resource evidence,VISIBLE_UNRANKED_EVIDENCE_PRIORITY_OR_NEGATIVE_CONTROL,0AA85617A0AC2DF72C4F51D67CA78CFC2CFBA545A45DFA422DE45CE6B8375256
S132,Afrikaans,edition-target:lang:af-Latn-ZA,af-Latn-ZA,Latin,South Africa and Namibia,LARGE_LANGUAGE,DIRECT_OR_EXPLICIT_CONTEXT,PRESENT_EXACT_TARGET,edition-target:lang:af-Latn-ZA,,EXACT_TARGET_UNRANKED,,Large Germanic language with distinct educational communities,Add exact evidence rather than assume English coverage,VISIBLE_UNRANKED_EVIDENCE_PRIORITY_OR_NEGATIVE_CONTROL,C5D990E2398FEAD8699FE5961E1547B7FA2E5548B85E8EA0A82781863E4C2A85
S133,Yiddish,edition-target:lang:yi-Hebr-001,yi-Hebr-001,Hebrew script,Global Yiddish communities,MINORITIZED_GERMANIC,DIRECT_OR_EXPLICIT_CONTEXT,PRESENT_EXACT_TARGET,edition-target:lang:yi-Hebr-001,,EXACT_TARGET_UNRANKED,,Distinct script and educational ecology,Add community-specific and stage-specific evidence,VISIBLE_UNRANKED_EVIDENCE_PRIORITY_OR_NEGATIVE_CONTROL,ED3F64752D59F64261589BC8F1A4724D5CAD49A84E7CDEA78278FD89C2D2B099
S134,Faroese,edition-target:lang:fo-Latn-FO,fo-Latn-FO,Latin,Faroe Islands,MINORITIZED_GERMANIC,DIRECT_OR_EXPLICIT_CONTEXT,PRESENT_EXACT_TARGET,edition-target:lang:fo-Latn-FO,,EXACT_TARGET_UNRANKED,,Small national language and Inter-Germanic test case,Add exact evidence without assuming Danish or English comfort,VISIBLE_UNRANKED_EVIDENCE_PRIORITY_OR_NEGATIVE_CONTROL,7172EBA8037F827C2219BE4468287351202AC5AD119B622DCCF7E4E7BDD99C23
S135,Icelandic,edition-target:lang:is-Latn-IS,is-Latn-IS,Latin,Iceland,MINORITIZED_GERMANIC,DIRECT_OR_EXPLICIT_CONTEXT,PRESENT_EXACT_TARGET,edition-target:lang:is-Latn-IS,,EXACT_TARGET_UNRANKED,,Small national language and negative-control case,Research exact stage and advanced-resource gaps,VISIBLE_UNRANKED_EVIDENCE_PRIORITY_OR_NEGATIVE_CONTROL,7BC7F571EF776FBA85E273AD3485258CF98FB62D859A4ADF78316C982447EFB9
S136,Luxembourgish,edition-target:lang:lb-Latn-LU,lb-Latn-LU,Latin,Luxembourg,MINORITIZED_GERMANIC,DIRECT_OR_EXPLICIT_CONTEXT,PRESENT_EXACT_TARGET,edition-target:lang:lb-Latn-LU,,EXACT_TARGET_UNRANKED,,National language in a strongly multilingual system,Research actual education-language functions before interlanguage claims,VISIBLE_UNRANKED_EVIDENCE_PRIORITY_OR_NEGATIVE_CONTROL,EA2E6570569647469EA8C2A0F8EE80A912997137B1DE3444EFC1A29B1BB181F1
S137,Swiss German varieties,edition-target:lang:gsw-Latn-CH,gsw-Latn-CH,Latin plus spoken/audio arm,Switzerland,MINORITIZED_GERMANIC,DIRECT_OR_EXPLICIT_CONTEXT,PRESENT_EXACT_TARGET,edition-target:lang:gsw-Latn-CH,,EXACT_TARGET_UNRANKED,,Spoken continuum not equivalent to Standard German in all educational functions,Resolve variety and modality before ranking,VISIBLE_UNRANKED_EVIDENCE_PRIORITY_OR_NEGATIVE_CONTROL,926D1133F78F912368BD93CBBA6FC8DBB9BBD74AE84D816775D82FA9DEF782C2
S138,Haitian Kreyòl,edition-target:lang:ht-Latn-HT,ht-Latn-HT,Latin,Haiti and diaspora,CREOLE_LARGE,DIRECT_OR_EXPLICIT_CONTEXT,PRESENT_EXACT_TARGET,edition-target:lang:ht-Latn-HT,,EXACT_TARGET_UNRANKED,,Large national creole with major education-language implications,Resolve duplicate identifiers and source-bind a defensible person range,VISIBLE_UNRANKED_EVIDENCE_PRIORITY_OR_NEGATIVE_CONTROL,045666425453E9E732183FE0AE4435A74AEA7974F850AEE658C5E1B1C4F06501
S139,Guinea-Bissau Kriol,edition-target:lang:pov-Latn-GW,pov-Latn-GW,Latin,Guinea-Bissau,CREOLE_BRIDGE,DIRECT_OR_EXPLICIT_CONTEXT,PRESENT_EXACT_TARGET,edition-target:lang:pov-Latn-GW,,DIRECT_PERSON_RANKED,65,Official census shows 1303743 users and strong rural bridge reach,Retain direct multiple-response count and nonadditivity caveat,VISIBLE_DIRECT_PERSON_LANE_PLUS_STAGE_SUBJECT_PROFILE,3CEACC39F88A6B3068CA95B259185BD95F9569B37D38296E72D5A43A5A432EB1
S140,Kreol Morisien,edition-target:lang:mfe-Latn-MU,mfe-Latn-MU,Latin,Island of Mauritius,CREOLE_LARGE,DIRECT_OR_EXPLICIT_CONTEXT,PRESENT_EXACT_TARGET,edition-target:lang:mfe-Latn-MU,,DIRECT_PERSON_RANKED,69,Large directly enumerated national creole population,Use Mauritius-island denominator when Rodrigues is separate,VISIBLE_DIRECT_PERSON_LANE_PLUS_STAGE_SUBJECT_PROFILE,E562A2F1B58DFC5CEE42B3BC578E4E32F7896C62DC766429AE404F024590A2AD
S141,Kreol Rodrige,edition-target:lang:mfe-Latn-MU-x-rodrigues,mfe-Latn-MU-x-rodrigues,Latin,Rodrigues,CREOLE_REGIONAL,DIRECT_OR_EXPLICIT_CONTEXT,PRESENT_EXACT_TARGET,edition-target:lang:mfe-Latn-MU-x-rodrigues,,EXACT_TARGET_UNRANKED,,Separate official census stratum,Do not double count inside Republic-wide Morisien total,VISIBLE_UNRANKED_EVIDENCE_PRIORITY_OR_NEGATIVE_CONTROL,904B689CE56B2498C32AC7428942B5ABA5AFBA49A96B4EF12C63AC670632EAEE
S142,Kreol Seselwa,edition-target:lang:crs-Latn-SC,crs-Latn-SC,Latin,Seychelles,CREOLE_LARGE,DIRECT_OR_EXPLICIT_CONTEXT,PRESENT_EXACT_TARGET,edition-target:lang:crs-Latn-SC,,DIRECT_PERSON_RANKED,102,National creole with directly bounded derived population,Use correct 2022 denominator and rounded-share interval,VISIBLE_DIRECT_PERSON_LANE_PLUS_STAGE_SUBJECT_PROFILE,3C36175516F6C8B142430A80B43EF6E528579F9E983DE927CE45DFB4CDEE3765
S143,Belize Kriol,edition-target:lang:bzj-BZ,bzj-BZ,Latin,Belize,CREOLE_REGIONAL,DIRECT_OR_EXPLICIT_CONTEXT,PRESENT_EXACT_TARGET,edition-target:lang:bzj-BZ,,DIRECT_PERSON_RANKED,87,Official census provides direct multiple-response person count,Retain exact age universe and nonadditivity caveat,VISIBLE_DIRECT_PERSON_LANE_PLUS_STAGE_SUBJECT_PROFILE,4D80EEB88DF4D7832B2E480668E38B1642E9C003D9A9AD215D1E6475838FD21F
S144,Curaçao Papiamentu,edition-target:lang:pap-CW,pap-CW,Phonemic Latin,Curaçao,CREOLE_REGIONAL,DIRECT_OR_EXPLICIT_CONTEXT,PRESENT_EXACT_TARGET,edition-target:lang:pap-CW,,DIRECT_PERSON_RANKED,97,Official census provides home-language share,Use rounded-share interval and keep Aruba orthography separate,VISIBLE_DIRECT_PERSON_LANE_PLUS_STAGE_SUBJECT_PROFILE,119E6A0113CBB1E53509AE9F3D61338FCE5D2CBB1A7BBC9B57E32D8EC92E3D0A
S145,Aruba Papiamento,edition-target:lang:pap-AW,pap-AW,Etymological Latin,Aruba,CREOLE_REGIONAL,DIRECT_OR_EXPLICIT_CONTEXT,PRESENT_EXACT_TARGET,edition-target:lang:pap-AW,,DIRECT_PERSON_RANKED,104,Official census provides direct home-language count,Keep Curaçao and Bonaire orthographic profiles separate,VISIBLE_DIRECT_PERSON_LANE_PLUS_STAGE_SUBJECT_PROFILE,042C1F6BE0DB798A63A279940F3C28CA75A82E719056933AD6FADDB6BB4AF378
