flores_code,language_code,script_code,is_reference_source,aligned_sentences,unicode_normalization,reference_tokenizer,working_tokenizer,source_reference_tokens,source_working_tokens,target_reference_tokens,target_working_tokens,target_expansion_reference_E,target_tokenizer_fragmentation_P,target_codepoint_length_expansion_L,working_token_fragmentation_relative_F,combined_target_working_per_source_reference_R,E_block_p05,E_block_p95,P_block_p05,P_block_p95,R_block_p05,R_block_p95,target_utf8_bytes,source_unicode_codepoints,target_unicode_codepoints
ace_Arab,ace,Arab,false,1012,NFC,cl100k_base,o200k_base,27182,26873,102556,70305,3.772937974,0.685527907,0.845967901,3.057390557,2.586454271,3.483224953,4.045097258,0.67294656,0.700583824,2.376541627,2.752610384,200913,131966,111639
ace_Latn,ace,Latn,false,1012,NFC,cl100k_base,o200k_base,27182,26873,54210,48783,1.994334486,0.899889319,1.075663428,1.668440384,1.794680303,1.823541947,2.156179938,0.884122255,0.91322845,1.632459988,1.9454534,145486,131966,141951
acm_Arab,acm,Arab,false,1012,NFC,cl100k_base,o200k_base,27182,26873,80913,37098,2.97671253,0.458492455,0.861024809,1.585088165,1.364800235,2.841757581,3.095746607,0.440928947,0.478187287,1.28423171,1.464765615,207476,131966,113626
acq_Arab,acq,Arab,false,1012,NFC,cl100k_base,o200k_base,27182,26873,81630,37365,3.00309028,0.457736126,0.87236864,1.575736275,1.374622912,2.855688554,3.14012696,0.43988407,0.473647039,1.305515867,1.463417154,210306,131966,115123
aeb_Arab,aeb,Arab,false,1012,NFC,cl100k_base,o200k_base,27182,26873,79176,38187,2.912809948,0.482305244,0.84947638,1.653799382,1.404863513,2.745691679,3.104290301,0.459831587,0.50973999,1.317225619,1.537476571,204559,131966,112102
afr_Latn,afr,Latn,false,1012,NFC,cl100k_base,o200k_base,27182,26873,45897,38362,1.6885071,0.83582805,1.058537805,1.333255732,1.411301597,1.620187972,1.744722171,0.819313521,0.851381118,1.340327454,1.457272967,142304,131966,139691
ajp_Arab,ajp,Arab,false,1012,NFC,cl100k_base,o200k_base,27182,26873,76977,36011,2.831910823,0.467815062,0.826356789,1.603194352,1.324810536,2.613638403,2.99952069,0.447485171,0.488040259,1.261722455,1.408880635,197869,131966,109051
aka_Latn,aka,Latn,false,1012,NFC,cl100k_base,o200k_base,27182,26873,73257,56050,2.695055551,0.765114597,1.005205886,2.05134726,2.062026341,2.42095534,3.090056901,0.706359888,0.845699791,1.84988731,2.325473153,146914,131966,132653
als_Latn,als,Latn,false,1012,NFC,cl100k_base,o200k_base,27182,26873,61062,49212,2.246413067,0.805934951,1.1145295,1.62441892,1.810462806,2.064544194,2.34741021,0.789903467,0.834086926,1.697543159,1.888626576,159533,131966,147080
amh_Ethi,amh,Ethi,false,1012,NFC,cl100k_base,o200k_base,27182,26873,206404,155290,7.593407402,0.75235945,0.660260976,8.65259651,5.71297182,7.059848876,8.051753652,0.749358372,0.75483279,5.309181026,6.058516423,226461,131966,87132
apc_Arab,apc,Arab,false,1012,NFC,cl100k_base,o200k_base,27182,26873,76568,36161,2.816864101,0.472273012,0.818278951,1.625764531,1.330328894,2.663657935,2.959806808,0.459017687,0.488255748,1.265904101,1.384720785,196925,131966,107985
arb_Arab,arb,Arab,false,1012,NFC,cl100k_base,o200k_base,27182,26873,82288,37133,3.027297476,0.451256562,0.881439159,1.549837943,1.366087852,2.880855331,3.189592661,0.43407997,0.46584916,1.296301785,1.451554253,212287,131966,116320
arb_Latn,arb,Latn,false,1012,NFC,cl100k_base,o200k_base,27182,26873,66586,60544,2.449635788,0.909260205,1.165921525,1.910382723,2.227356339,2.211480697,2.578487083,0.900378517,0.918083791,2.024743361,2.346089943,154939,131966,153862
ars_Arab,ars,Arab,false,1012,NFC,cl100k_base,o200k_base,27182,26873,82417,37252,3.032043264,0.451994127,0.882280284,1.553322423,1.370465749,2.889025688,3.182751784,0.432728861,0.466543838,1.29843399,1.463494136,212556,131966,116431
ary_Arab,ary,Arab,false,1012,NFC,cl100k_base,o200k_base,27182,26873,80384,39857,2.957251122,0.495832504,0.860570147,1.703871827,1.466301229,2.798149652,3.150316298,0.470408569,0.511693396,1.367696154,1.535579428,207156,131966,113566
arz_Arab,arz,Arab,false,1012,NFC,cl100k_base,o200k_base,27182,26873,80244,37772,2.952100655,0.470714321,0.862116,1.611843484,1.389596056,2.782662428,3.069779085,0.450099603,0.487436267,1.321623094,1.474115699,207511,131966,113770
asm_Beng,asm,Beng,false,1012,NFC,cl100k_base,o200k_base,27182,26873,170087,53633,6.257339416,0.315326862,0.966923298,2.040603641,1.973107203,6.017593511,6.512965941,0.307908622,0.324060238,1.895170402,2.063582547,341061,131966,127601
ast_Latn,ast,Latn,false,1012,NFC,cl100k_base,o200k_base,27182,26873,43184,38260,1.588698403,0.885976288,1.035554613,1.359222485,1.407549113,1.503207174,1.661785212,0.876180051,0.895052165,1.346185253,1.480042509,142408,131966,136658
awa_Deva,awa,Deva,false,1012,NFC,cl100k_base,o200k_base,27182,26873,129236,45835,4.75446987,0.35466124,0.972424715,1.734042906,1.686226179,4.392666903,5.197998316,0.344684097,0.364000462,1.56794979,1.835309789,331943,131966,128327
ayr_Latn,ayr,Latn,false,1012,NFC,cl100k_base,o200k_base,27182,26873,59162,52120,2.176513869,0.880970893,1.050422078,1.825404671,1.917445368,2.035702038,2.274611376,0.875376661,0.892126302,1.790458693,1.993625544,142892,131966,138620
azb_Arab,azb,Arab,false,1012,NFC,cl100k_base,o200k_base,27182,26873,90275,49934,3.321131631,0.553132096,0.887531637,2.069812979,1.837024502,3.073491937,3.605502797,0.533992812,0.583787946,1.698985746,2.007066598,216123,131966,117124
azj_Latn,azj,Latn,false,1012,NFC,cl100k_base,o200k_base,27182,26873,71731,46078,2.638915459,0.642372196,1.089576103,1.555803137,1.695165919,2.383582442,2.827066854,0.622704295,0.666772727,1.545040195,1.777929973,167603,131966,143787
bak_Cyrl,bak,Cyrl,false,1012,NFC,cl100k_base,o200k_base,27182,26873,115687,46908,4.25601501,0.405473389,1.009676735,1.709161726,1.725700831,3.791690143,4.722228791,0.383172382,0.42481102,1.611687905,1.835369128,246235,131966,133243
bam_Latn,bam,Latn,false,1012,NFC,cl100k_base,o200k_base,27182,26873,69553,54775,2.558788904,0.787528935,0.958587818,2.102175995,2.0151203,2.344029046,2.780767933,0.772565991,0.808924684,1.838998892,2.151238858,138691,131966,126501
ban_Latn,ban,Latn,false,1012,NFC,cl100k_base,o200k_base,27182,26873,48689,42254,1.791222132,0.867834624,1.10374642,1.408371124,1.554484585,1.661714073,1.954251231,0.845267798,0.88354666,1.419007632,1.699267439,147055,131966,145657
bel_Cyrl,bel,Cyrl,false,1012,NFC,cl100k_base,o200k_base,27182,26873,95089,53357,3.498234126,0.561126944,1.121569192,1.750184865,1.962953425,3.244583777,3.756921811,0.545975187,0.576901946,1.828849369,2.098594018,271930,131966,148009
bem_Latn,bem,Latn,false,1012,NFC,cl100k_base,o200k_base,27182,26873,60183,52000,2.214075491,0.864031371,1.218283497,1.570267254,1.913030682,2.08957751,2.319458911,0.849156949,0.877016142,1.804702996,2.02504227,162173,131966,160772
ben_Beng,ben,Beng,false,1012,NFC,cl100k_base,o200k_base,27182,26873,159888,46011,5.882127879,0.287770189,0.988065108,1.71314728,1.692701052,5.542980189,6.303104089,0.278459798,0.297826978,1.611287599,1.775625278,349740,131966,130391
bho_Deva,bho,Deva,false,1012,NFC,cl100k_base,o200k_base,27182,26873,127653,47598,4.696232801,0.372870203,0.976403013,1.793404213,1.751085277,4.451401929,5.028981301,0.355833684,0.385255562,1.649635031,1.870784208,330238,131966,128852
bjn_Arab,bjn,Arab,false,1012,NFC,cl100k_base,o200k_base,27182,26873,102638,68270,3.775954676,0.665153257,0.926367398,2.711222953,2.511588551,3.52323313,4.143318657,0.657906645,0.674807775,2.339687058,2.792551346,224537,131966,122249
bjn_Latn,bjn,Latn,false,1012,NFC,cl100k_base,o200k_base,27182,26873,46479,38913,1.709918328,0.837216808,1.047254596,1.366976445,1.431572364,1.561984979,1.84487821,0.814683297,0.867693008,1.341054275,1.52357821,139442,131966,138202
bod_Tibt,bod,Tibt,false,1012,NFC,cl100k_base,o200k_base,27182,26873,304041,217631,11.185380031,0.715794909,1.123274177,7.127768314,8.006438084,9.98726357,12.355678743,0.711020087,0.722148987,7.228143501,8.819758517,440125,131966,148234
bos_Latn,bos,Latn,false,1012,NFC,cl100k_base,o200k_base,27182,26873,50903,40292,1.872673092,0.791544703,1.001659518,1.47984863,1.482304466,1.769832464,1.973896337,0.766408259,0.80743182,1.401393744,1.545663658,136880,131966,132185
bug_Latn,bug,Latn,false,1012,NFC,cl100k_base,o200k_base,27182,26873,53384,46732,1.963946729,0.875393376,1.056234182,1.627693923,1.719225958,1.804451496,2.113925004,0.853962098,0.892694911,1.588085412,1.854018562,144629,131966,139387
bul_Cyrl,bul,Cyrl,false,1012,NFC,cl100k_base,o200k_base,27182,26873,71509,46038,2.630748289,0.643807073,1.044405377,1.621682915,1.693694357,2.4582738,2.777163752,0.632550922,0.65516644,1.60642406,1.777300838,251591,131966,137826
cat_Latn,cat,Latn,false,1012,NFC,cl100k_base,o200k_base,27182,26873,46482,39849,1.710028695,0.8572996,1.104799721,1.326943597,1.466006916,1.634008461,1.771518267,0.843600696,0.869719253,1.414057354,1.512758351,149840,131966,145796
ceb_Latn,ceb,Latn,false,1012,NFC,cl100k_base,o200k_base,27182,26873,52471,45021,1.930358325,0.858016809,1.202468818,1.377399452,1.656279891,1.801881375,2.026719474,0.844161859,0.876548464,1.554009248,1.737058561,159750,131966,158685
ces_Latn,ces,Latn,false,1012,NFC,cl100k_base,o200k_base,27182,26873,57116,42911,2.10124347,0.751295609,0.964316566,1.637071318,1.578654992,1.962287897,2.236448303,0.734150606,0.770825601,1.504537536,1.64439789,143426,131966,127257
cjk_Latn,cjk,Latn,false,1012,NFC,cl100k_base,o200k_base,27182,26873,53310,46525,1.96122434,0.872725567,1.055438522,1.62170566,1.711610625,1.858300673,2.062084972,0.86381902,0.885110899,1.611286919,1.806801719,140808,131966,139282
ckb_Arab,ckb,Arab,false,1012,NFC,cl100k_base,o200k_base,27182,26873,130360,74443,4.795820764,0.571057073,0.974387342,2.810676256,2.738687367,4.59900199,5.065653691,0.563944405,0.576731803,2.628507274,2.889705865,237379,131966,128586
crh_Latn,crh,Latn,false,1012,NFC,cl100k_base,o200k_base,27182,26873,57362,46301,2.110293577,0.807171995,1.018868496,1.671825052,1.703369877,1.980370215,2.29472637,0.789856475,0.819838236,1.601205473,1.814587879,148794,131966,134456
cym_Latn,cym,Latn,false,1012,NFC,cl100k_base,o200k_base,27182,26873,58030,46739,2.134868663,0.805428227,1.070525741,1.606204704,1.719483482,1.996417507,2.294866537,0.784188068,0.819972925,1.634443286,1.793264672,142824,131966,141273
dan_Latn,dan,Latn,false,1012,NFC,cl100k_base,o200k_base,27182,26873,44244,37486,1.627694798,0.847256125,1.026468939,1.343513023,1.379074387,1.532229406,1.717693401,0.830883391,0.868713933,1.314245242,1.442092698,139375,131966,135459
deu_Latn,deu,Latn,false,1012,NFC,cl100k_base,o200k_base,27182,26873,43103,35224,1.58571849,0.817205299,1.165519907,1.111827902,1.295857553,1.509952965,1.65228281,0.801819832,0.833456439,1.259418436,1.336534849,157369,131966,153809
dik_Latn,dik,Latn,false,1012,NFC,cl100k_base,o200k_base,27182,26873,60856,49931,2.238834523,0.820477849,0.847998727,2.16617558,1.836914134,1.767584239,3.200755386,0.795358082,0.856411248,1.481895983,2.522740635,127492,131966,111907
dyu_Latn,dyu,Latn,false,1012,NFC,cl100k_base,o200k_base,27182,26873,56060,49939,2.062394231,0.890813414,1.006744161,1.82490102,1.837208447,1.96341605,2.148951496,0.878574252,0.905928211,1.752051886,1.927652753,142582,131966,132856
dzo_Tibt,dzo,Tibt,false,1012,NFC,cl100k_base,o200k_base,27182,26873,330047,241756,12.142116106,0.732489615,1.238258339,7.182648137,8.893973953,10.758143912,13.434657473,0.727028485,0.738865131,7.906477986,9.805439892,479181,131966,163408
ell_Grek,ell,Grek,false,1012,NFC,cl100k_base,o200k_base,27182,26873,139449,57519,5.130196454,0.412473377,1.195618568,1.769853291,2.116069458,4.859924676,5.437406758,0.390453058,0.43219135,2.027845589,2.222764803,288474,131966,157781
eng_Latn,eng,Latn,true,1012,NFC,cl100k_base,o200k_base,27182,26873,27182,26873,1,0.988632183,1,0.988632183,0.988632183,1,1,0.978163602,0.997243375,0.978163602,0.997243375,133107,131966,131966
epo_Latn,epo,Latn,false,1012,NFC,cl100k_base,o200k_base,27182,26873,50712,41007,1.865646384,0.808625177,0.994892624,1.516353224,1.508608638,1.770075395,1.956842716,0.793957731,0.828784549,1.435591782,1.563532534,134753,131966,131292
est_Latn,est,Latn,false,1012,NFC,cl100k_base,o200k_base,27182,26873,50885,40184,1.87201089,0.78970227,0.981002683,1.506959435,1.478331249,1.777301681,1.986324426,0.770500347,0.807605417,1.404518458,1.558193784,134490,131966,129459
eus_Latn,eus,Latn,false,1012,NFC,cl100k_base,o200k_base,27182,26873,51142,43098,1.881465676,0.842712448,1.05971235,1.496193325,1.585534545,1.80590702,1.984349125,0.833101132,0.854858108,1.516687568,1.673859207,141304,131966,139846
ewe_Latn,ewe,Latn,false,1012,NFC,cl100k_base,o200k_base,27182,26873,74272,62857,2.732396439,0.846308165,0.965089493,2.396098427,2.312449415,2.34343765,3.218424461,0.822058556,0.910682605,1.941711674,2.698163505,141033,131966,127359
fao_Latn,fao,Latn,false,1012,NFC,cl100k_base,o200k_base,27182,26873,56479,44469,2.077808844,0.787354592,1.017671218,1.607564708,1.635972335,1.979012215,2.177797796,0.775658806,0.802792671,1.555018493,1.70775699,145687,131966,134298
fij_Latn,fij,Latn,false,1012,NFC,cl100k_base,o200k_base,27182,26873,58777,49776,2.162350085,0.846861868,1.175886213,1.557303599,1.831211831,1.989295617,2.318023506,0.83809938,0.859708917,1.668893715,1.964059452,156335,131966,155177
fin_Latn,fin,Latn,false,1012,NFC,cl100k_base,o200k_base,27182,26873,54197,41958,1.993856228,0.774175692,1.061947774,1.45355079,1.543595026,1.886953572,2.088724176,0.75450685,0.793626883,1.474443516,1.613855304,146841,131966,140141
fon_Latn,fon,Latn,false,1012,NFC,cl100k_base,o200k_base,27182,26873,97632,75876,3.591788684,0.777163225,1.000879014,2.788954547,2.791406078,3.24645719,4.242173734,0.76806363,0.789161859,2.495350773,3.262859694,164785,131966,132082
fra_Latn,fra,Latn,false,1012,NFC,cl100k_base,o200k_base,27182,26873,43710,36808,1.608049444,0.84209563,1.194913841,1.133246066,1.35413141,1.541729041,1.663699174,0.820741376,0.856436624,1.284943675,1.410530703,165037,131966,157688
fur_Latn,fur,Latn,false,1012,NFC,cl100k_base,o200k_base,27182,26873,50268,46556,1.849312045,0.926155805,1.095266963,1.563774991,1.712751085,1.777288677,1.933148966,0.918120322,0.932019975,1.645698663,1.775405074,150507,131966,144538
fuv_Latn,fuv,Latn,false,1012,NFC,cl100k_base,o200k_base,27182,26873,50364,43017,1.852843794,0.854121992,0.925708137,1.709561112,1.582554632,1.712102689,1.985761498,0.8409873,0.866876244,1.465738697,1.692979396,126154,131966,122162
gaz_Latn,gaz,Latn,false,1012,NFC,cl100k_base,o200k_base,27182,26873,62907,50501,2.314288868,0.802788243,1.18529015,1.567450715,1.857883894,2.151601054,2.43208087,0.790193613,0.817187381,1.729031346,1.923404101,159834,131966,156418
gla_Latn,gla,Latn,false,1012,NFC,cl100k_base,o200k_base,27182,26873,65564,53453,2.412037378,0.815279727,1.232408348,1.595644153,1.966485174,2.252715198,2.587020538,0.801292314,0.829890218,1.881528819,2.07633829,170174,131966,162636
gle_Latn,gle,Latn,false,1012,NFC,cl100k_base,o200k_base,27182,26873,63171,49672,2.324001177,0.786310174,1.155464286,1.581516445,1.82738577,2.185902957,2.518811628,0.769488575,0.809612193,1.719800797,1.944976842,163253,131966,152482
glg_Latn,glg,Latn,false,1012,NFC,cl100k_base,o200k_base,27182,26873,42448,35880,1.561621661,0.845269506,1.107429186,1.19194183,1.319991171,1.504563591,1.638921439,0.819164682,0.861614087,1.272230919,1.387160514,150748,131966,146143
grn_Latn,grn,Latn,false,1012,NFC,cl100k_base,o200k_base,27182,26873,58917,47785,2.167500552,0.811056232,1.007623176,1.744664942,1.75796483,1.972731245,2.345079578,0.798962717,0.828394925,1.58988757,1.876892818,144002,131966,132972
guj_Gujr,guj,Gujr,false,1012,NFC,cl100k_base,o200k_base,27182,26873,208278,48135,7.662350085,0.231109383,0.958034645,1.848410187,1.770840998,7.058415666,8.188242557,0.221395859,0.239093859,1.663097651,1.867049837,332079,131966,126428
hat_Latn,hat,Latn,false,1012,NFC,cl100k_base,o200k_base,27182,26873,47250,37945,1.738282687,0.803068783,0.919070064,1.518883726,1.395960562,1.661185336,1.863306722,0.781769412,0.823600589,1.325979548,1.472160552,125687,131966,121286
hau_Latn,hau,Latn,false,1012,NFC,cl100k_base,o200k_base,27182,26873,54202,41660,1.994040174,0.768606324,1.061402179,1.443969043,1.532631889,1.906831079,2.123539826,0.748015568,0.782123814,1.45970568,1.628997227,142720,131966,140069
heb_Hebr,heb,Hebr,false,1012,NFC,cl100k_base,o200k_base,27182,26873,99031,39861,3.643256567,0.402510325,0.773335556,1.896264013,1.466448385,3.440637518,3.86668368,0.386654125,0.42259104,1.388473426,1.538588164,184092,131966,102054
hin_Deva,hin,Deva,false,1012,NFC,cl100k_base,o200k_base,27182,26873,129589,42263,4.767456405,0.326131076,0.994203052,1.563881426,1.554815687,4.500446001,5.054657353,0.313028338,0.340387013,1.479623568,1.613222219,338471,131966,131201
hne_Deva,hne,Deva,false,1012,NFC,cl100k_base,o200k_base,27182,26873,127021,46466,4.672982121,0.365813527,0.962604004,1.77584974,1.709440071,4.391521069,4.911931768,0.348900241,0.382413653,1.611489088,1.784695049,327307,131966,127031
hrv_Latn,hrv,Latn,false,1012,NFC,cl100k_base,o200k_base,27182,26873,50074,39758,1.842174969,0.793984902,0.976872831,1.497287125,1.462659113,1.708870818,1.914500782,0.771695192,0.812629457,1.35856302,1.522235755,133638,131966,128914
hun_Latn,hun,Latn,false,1012,NFC,cl100k_base,o200k_base,27182,26873,58412,48209,2.148922081,0.825326988,1.050535744,1.68824659,1.773563388,2.036228225,2.310705101,0.808113617,0.837768176,1.685520032,1.863422207,153611,131966,138635
hye_Armn,hye,Armn,false,1012,NFC,cl100k_base,o200k_base,27182,26873,268572,48032,9.88050916,0.178842173,1.106012155,1.597678396,1.767051725,9.223188403,10.617764214,0.168443428,0.19130128,1.674779555,1.866300103,270666,131966,145956
ibo_Latn,ibo,Latn,false,1012,NFC,cl100k_base,o200k_base,27182,26873,66966,44689,2.463615628,0.667338649,1.018815452,1.613703367,1.644065926,2.291620495,2.703963443,0.641379318,0.691308321,1.517757869,1.74691097,161920,131966,134449
ilo_Latn,ilo,Latn,false,1012,NFC,cl100k_base,o200k_base,27182,26873,55701,49533,2.049186962,0.889265902,1.210008639,1.505999241,1.822272092,1.956508143,2.151799622,0.881257432,0.89936616,1.725422984,1.903291943,161065,131966,159680
ind_Latn,ind,Latn,false,1012,NFC,cl100k_base,o200k_base,27182,26873,42162,33570,1.551099993,0.796214601,1.079111286,1.144468117,1.235008461,1.500899648,1.614200117,0.779800882,0.81893042,1.190494419,1.28841922,143546,131966,142406
isl_Latn,isl,Latn,false,1012,NFC,cl100k_base,o200k_base,27182,26873,58147,43227,2.139172982,0.743408946,0.983473016,1.617004541,1.590280333,2.025346219,2.232442823,0.730519299,0.761591293,1.503904258,1.674845315,144462,131966,129785
ita_Latn,ita,Latn,false,1012,NFC,cl100k_base,o200k_base,27182,26873,44594,39479,1.640570966,0.885298471,1.183168392,1.227547133,1.452394967,1.578102,1.721302548,0.869323406,0.900649074,1.400213205,1.501717827,158270,131966,156138
jav_Latn,jav,Latn,false,1012,NFC,cl100k_base,o200k_base,27182,26873,46981,36826,1.728386432,0.78384879,1.037600594,1.305698571,1.354793613,1.639008806,1.84152511,0.762293885,0.808549922,1.294379697,1.422496977,138198,131966,136928
jpn_Jpan,jpn,Jpan,false,1012,NFC,cl100k_base,o200k_base,27182,26873,61583,44559,2.265580163,0.723560073,0.431497507,3.799056363,1.639283349,2.105835237,2.412244457,0.711098284,0.739775672,1.554410374,1.737577492,168120,131966,56943
kab_Latn,kab,Latn,false,1012,NFC,cl100k_base,o200k_base,27182,26873,66971,57481,2.463799573,0.858296875,0.989459406,2.137198818,2.114671474,2.33072558,2.620876501,0.837403318,0.877850543,2.023788862,2.24374383,140688,131966,130575
kac_Latn,kac,Latn,false,1012,NFC,cl100k_base,o200k_base,27182,26873,64704,57478,2.380398793,0.888322206,1.287808981,1.641983507,2.114561107,2.226404035,2.516604762,0.879124216,0.898672969,1.957286258,2.248777207,170978,131966,169947
kam_Latn,kam,Latn,false,1012,NFC,cl100k_base,o200k_base,27182,26873,59051,48927,2.172430285,0.828554978,0.972667202,1.850558878,1.799977927,2.005665808,2.413871656,0.813470889,0.84544261,1.693652869,1.968997197,134687,131966,128359
kan_Knda,kan,Knda,false,1012,NFC,cl100k_base,o200k_base,27182,26873,240792,52957,8.858509308,0.219928403,1.046686268,1.861338841,1.948237804,8.55284303,9.25427814,0.21311172,0.228596615,1.875739429,2.04253295,376452,131966,138127
kas_Arab,kas,Arab,false,1012,NFC,cl100k_base,o200k_base,27182,26873,124820,69943,4.592009418,0.560350905,0.955071761,2.694181463,2.573136635,4.137055181,5.132462582,0.511092627,0.594814479,2.195770778,3.014336674,228930,131966,126037
kas_Deva,kas,Deva,false,1012,NFC,cl100k_base,o200k_base,27182,26873,131113,59353,4.82352292,0.452685851,0.979002167,2.23037359,2.183540578,4.509482274,5.129542682,0.4346359,0.476390985,2.057861572,2.364743216,326597,131966,129195
kat_Geor,kat,Geor,false,1012,NFC,cl100k_base,o200k_base,27182,26873,265053,47980,9.751048488,0.1810204,1.090674871,1.618391275,1.765138695,9.281053897,10.336615424,0.171358855,0.193046502,1.659110499,1.855433649,390594,131966,143932
kaz_Cyrl,kaz,Cyrl,false,1012,NFC,cl100k_base,o200k_base,27182,26873,102824,42609,3.782797439,0.414387692,1.026302229,1.527371425,1.567544699,3.574553661,3.970265492,0.398001749,0.434244123,1.438888693,1.626082791,251025,131966,135437
kbp_Latn,kbp,Latn,false,1012,NFC,cl100k_base,o200k_base,27182,26873,127747,104749,4.699690972,0.819972289,1.08313505,3.557835529,3.853616364,4.170126974,5.122877371,0.808264893,0.827893936,3.452959784,4.199758951,181706,131966,142937
kea_Latn,kea,Latn,false,1012,NFC,cl100k_base,o200k_base,27182,26873,46924,41598,1.726289456,0.886497315,0.991353834,1.543698038,1.530350968,1.635153002,1.809213401,0.879825709,0.901806122,1.44324177,1.593082601,135004,131966,130825
khk_Cyrl,khk,Cyrl,false,1012,NFC,cl100k_base,o200k_base,27182,26873,101863,50793,3.747443161,0.498640331,1.038661473,1.79907154,1.868626297,3.488549425,3.960661923,0.48120073,0.513734761,1.75779036,1.995402934,253040,131966,137068
khm_Khmr,khm,Khmr,false,1012,NFC,cl100k_base,o200k_base,27182,26873,236895,89642,8.715142374,0.378403934,1.16101117,2.840493053,3.297844162,8.058652953,9.264866081,0.373439194,0.387826784,3.092128996,3.487155041,436173,131966,153214
kik_Latn,kik,Latn,false,1012,NFC,cl100k_base,o200k_base,27182,26873,88619,69832,3.260208962,0.788002573,1.16411803,2.206866471,2.56905305,2.674185935,3.892268877,0.768735917,0.835132955,2.227129891,3.013799287,171835,131966,153624
kin_Latn,kin,Latn,false,1012,NFC,cl100k_base,o200k_base,27182,26873,57937,46030,2.131447281,0.794483663,1.105458982,1.531852445,1.693400044,1.982158961,2.238014961,0.783032037,0.807036582,1.603951854,1.77434872,150182,131966,145883
kir_Cyrl,kir,Cyrl,false,1012,NFC,cl100k_base,o200k_base,27182,26873,95275,44975,3.505076889,0.472054579,1.027158511,1.610839591,1.654587595,3.182935091,3.697436163,0.452824027,0.492619602,1.578896235,1.725768143,251229,131966,135550
kmb_Latn,kmb,Latn,false,1012,NFC,cl100k_base,o200k_base,27182,26873,57992,49272,2.133470679,0.849634432,1.104564812,1.641071786,1.812670149,2.001990762,2.289860837,0.841405776,0.861732099,1.707336475,1.940703218,147569,131966,145765
kmr_Latn,kmr,Latn,false,1012,NFC,cl100k_base,o200k_base,27182,26873,59845,54197,2.201640792,0.905622859,0.987921131,2.018234215,1.993856228,2.076316478,2.327615181,0.893781414,0.916364152,1.872456976,2.106956396,145742,131966,130372
knc_Arab,knc,Arab,false,1012,NFC,cl100k_base,o200k_base,27182,26873,98501,74241,3.62375837,0.753708084,0.879173423,3.106617995,2.731255978,2.239789831,4.978681056,0.597892726,0.826810322,1.389457747,3.982282206,212407,131966,116021
knc_Latn,knc,Latn,false,1012,NFC,cl100k_base,o200k_base,27182,26873,64837,57107,2.385291737,0.880777951,1.053180365,1.994826754,2.100912368,2.069887283,2.893229682,0.810838622,0.920127842,1.799805858,2.66380529,147605,131966,138984
kon_Latn,kon,Latn,false,1012,NFC,cl100k_base,o200k_base,27182,26873,54141,47266,1.991796041,0.873016753,1.136110816,1.530547273,1.738871312,1.897692,2.065084155,0.861166833,0.88036674,1.665136253,1.811612675,151121,131966,149928
kor_Hang,kor,Hang,false,1012,NFC,cl100k_base,o200k_base,27182,26873,64338,39566,2.366934,0.614970935,0.499863601,2.911985612,1.455595615,2.258834169,2.528301818,0.595803729,0.631081249,1.386385525,1.551774674,158810,131966,65965
lao_Laoo,lao,Laoo,false,1012,NFC,cl100k_base,o200k_base,27182,26873,259443,221164,9.544661909,0.852456994,0.985776639,8.253810729,8.136413803,9.031298939,10.443254616,0.849123728,0.857035481,7.692528231,8.893024255,361749,131966,130089
lij_Latn,lij,Latn,false,1012,NFC,cl100k_base,o200k_base,27182,26873,53780,48625,1.978515194,0.904146523,1.106451662,1.616760763,1.788867633,1.906838256,2.077579584,0.88743314,0.923839564,1.70081068,1.867517737,155447,131966,146014
lim_Latn,lim,Latn,false,1012,NFC,cl100k_base,o200k_base,27182,26873,49239,43140,1.811456111,0.876134771,1.04350363,1.520914389,1.587079685,1.630493034,1.938481893,0.870565123,0.886877798,1.423290038,1.687541262,143287,131966,137707
lin_Latn,lin,Latn,false,1012,NFC,cl100k_base,o200k_base,27182,26873,50850,43452,1.870723273,0.854513274,1.077527545,1.483542464,1.598557869,1.776327131,1.972483698,0.843972346,0.870681126,1.541916198,1.672469224,143398,131966,142197
lit_Latn,lit,Latn,false,1012,NFC,cl100k_base,o200k_base,27182,26873,59503,45032,2.189058936,0.756802178,0.98759529,1.67749339,1.656684571,2.09141977,2.295922343,0.738304428,0.775910602,1.576349615,1.743218354,140215,131966,130329
lmo_Latn,lmo,Latn,false,1012,NFC,cl100k_base,o200k_base,27182,26873,55426,49557,2.039069973,0.894111067,1.073662913,1.698070229,1.823155029,1.908860685,2.250957249,0.87770208,0.915449402,1.738405871,1.981809221,154175,131966,141687
ltg_Latn,ltg,Latn,false,1012,NFC,cl100k_base,o200k_base,27182,26873,59714,50671,2.196821426,0.848561476,0.984276253,1.893917512,1.864138033,2.127201899,2.287807162,0.840063437,0.858337223,1.795792159,1.927774107,138942,131966,129891
ltz_Latn,ltz,Latn,false,1012,NFC,cl100k_base,o200k_base,27182,26873,53946,44823,1.984622176,0.830886442,1.118060713,1.474871302,1.648995659,1.839401284,2.086864892,0.8195261,0.841351291,1.520418355,1.71968314,152886,131966,147546
lua_Latn,lua,Latn,false,1012,NFC,cl100k_base,o200k_base,27182,26873,53066,45659,1.952247811,0.860419101,1.08359729,1.550161966,1.679751306,1.798039875,2.175160518,0.846494437,0.875622705,1.560072338,1.854556899,144112,131966,142998
lug_Latn,lug,Latn,false,1012,NFC,cl100k_base,o200k_base,27182,26873,53354,44673,1.962843058,0.837294298,1.023763697,1.605328755,1.643477301,1.882873115,2.061667389,0.828619085,0.848801426,1.57634929,1.729097332,137795,131966,135102
luo_Latn,luo,Latn,false,1012,NFC,cl100k_base,o200k_base,27182,26873,49518,45035,1.821720256,0.909467264,1.042283619,1.589581673,1.656794938,1.713535069,1.965002285,0.900178975,0.915508611,1.562026059,1.775013712,138912,131966,137546
lus_Latn,lus,Latn,false,1012,NFC,cl100k_base,o200k_base,27182,26873,54021,49120,1.987381355,0.909276022,1.109134171,1.629269263,1.807078214,1.748165037,2.268543577,0.898542517,0.917372748,1.60426821,2.048631637,147696,131966,146368
lvs_Latn,lvs,Latn,false,1012,NFC,cl100k_base,o200k_base,27182,26873,63683,48725,2.342837172,0.765117849,1.016602761,1.763271365,1.792546538,2.232001655,2.478700561,0.750885496,0.789921258,1.682883248,1.883579155,147669,131966,134157
mag_Deva,mag,Deva,false,1012,NFC,cl100k_base,o200k_base,27182,26873,127411,46123,4.687329851,0.362001711,0.960497401,1.766606994,1.696821426,4.447823961,4.927969559,0.339005602,0.375411528,1.626104416,1.780081371,327887,131966,126753
mai_Deva,mai,Deva,false,1012,NFC,cl100k_base,o200k_base,27182,26873,132686,47243,4.881392098,0.356051128,0.981245169,1.771244556,1.738025164,4.52673335,5.249010756,0.340291789,0.366043255,1.608074383,1.840351278,336613,131966,129491
mal_Mlym,mal,Mlym,false,1012,NFC,cl100k_base,o200k_base,27182,26873,242924,52580,8.936943566,0.216446296,1.131594502,1.709418285,1.934368332,8.399992978,9.603206929,0.209313332,0.223499752,1.805535289,2.054999391,412752,131966,149332
mar_Deva,mar,Deva,false,1012,NFC,cl100k_base,o200k_base,27182,26873,137410,48965,5.055183577,0.356342333,1.009744934,1.783991035,1.801375911,4.740170687,5.334546452,0.345317879,0.368129366,1.714635574,1.884699593,356723,131966,133252
min_Arab,min,Arab,false,1012,NFC,cl100k_base,o200k_base,27182,26873,107966,71482,3.971966743,0.662078803,0.957958868,2.745164821,2.629754985,3.695589081,4.250029364,0.654652532,0.670766581,2.445713507,2.846851563,232449,131966,126418
min_Latn,min,Latn,false,1012,NFC,cl100k_base,o200k_base,27182,26873,48361,41924,1.779155323,0.86689688,1.06983617,1.441663912,1.542344198,1.678899383,1.935637741,0.84767093,0.880269605,1.454237431,1.681271242,142324,131966,141182
mkd_Cyrl,mkd,Cyrl,false,1012,NFC,cl100k_base,o200k_base,27182,26873,75048,47955,2.760944743,0.638991046,1.044412955,1.689196749,1.764218968,2.626078769,2.880212893,0.629582253,0.653526471,1.673102933,1.838033717,252206,131966,137827
mlt_Latn,mlt,Latn,false,1012,NFC,cl100k_base,o200k_base,27182,26873,65712,50208,2.417482157,0.764061359,1.108527954,1.66626804,1.847104702,2.23615915,2.574757298,0.73891429,0.793519012,1.764242196,1.92918171,154808,131966,146288
mni_Beng,mni,Beng,false,1012,NFC,cl100k_base,o200k_base,27182,26873,185999,82897,6.842726805,0.445685192,1.053680493,2.894332796,3.049702009,6.154604714,7.543480413,0.441689739,0.451231523,2.763605119,3.355239415,375667,131966,139050
mos_Latn,mos,Latn,false,1012,NFC,cl100k_base,o200k_base,27182,26873,62007,54680,2.281178721,0.881835922,0.943977994,2.131008723,2.01162534,1.794012511,2.505102384,0.866275271,0.907725121,1.625530425,2.232771146,135828,131966,124573
mri_Latn,mri,Latn,false,1012,NFC,cl100k_base,o200k_base,27182,26873,64187,49099,2.361378854,0.764936825,1.11062698,1.626383724,1.806305643,2.217336529,2.547340636,0.745159085,0.784351893,1.729250033,1.906917241,154850,131966,146565
mya_Mymr,mya,Mymr,false,1012,NFC,cl100k_base,o200k_base,27182,26873,315796,85023,11.617835332,0.269233936,1.236447267,2.529760562,3.127915532,11.000526139,12.363828844,0.2627623,0.276479336,2.933858996,3.261392435,466539,131966,163169
nld_Latn,nld,Latn,false,1012,NFC,cl100k_base,o200k_base,27182,26873,43583,33514,1.603377235,0.768969552,1.117931892,1.102883176,1.232948275,1.521013832,1.690316574,0.750068917,0.790768297,1.170582324,1.290280766,148764,131966,147529
nno_Latn,nno,Latn,false,1012,NFC,cl100k_base,o200k_base,27182,26873,44605,37806,1.640975646,0.847573142,1.011351409,1.375236018,1.390846884,1.570642461,1.73547251,0.829118188,0.86130178,1.343459615,1.467231882,137482,131966,133464
nob_Latn,nob,Latn,false,1012,NFC,cl100k_base,o200k_base,27182,26873,42442,36254,1.561400927,0.854201027,1.001310944,1.332004094,1.333750276,1.474437259,1.639509717,0.837176922,0.866297489,1.275381083,1.39611369,136042,131966,132139
npi_Deva,npi,Deva,false,1012,NFC,cl100k_base,o200k_base,27182,26873,129516,43377,4.764770804,0.334916149,0.961634057,1.659465655,1.59579869,4.366287054,5.076570175,0.324054429,0.345503548,1.49626355,1.670539109,340483,131966,126903
nso_Latn,nso,Latn,false,1012,NFC,cl100k_base,o200k_base,27182,26873,59380,50005,2.184533883,0.842118558,1.145067669,1.606574506,1.839636524,2.063450063,2.342445457,0.82705349,0.858165062,1.75819337,1.940253655,155925,131966,151110
nus_Latn,nus,Latn,false,1012,NFC,cl100k_base,o200k_base,27182,26873,108742,87369,4.000515047,0.803452208,1.081824106,2.971113907,3.214222647,3.45088294,4.324155015,0.794408337,0.822260028,2.766978589,3.480851295,176213,131966,142764
nya_Latn,nya,Latn,false,1012,NFC,cl100k_base,o200k_base,27182,26873,56584,43324,2.081671695,0.765658137,1.115461558,1.428869385,1.593848871,1.945841989,2.215066379,0.742217312,0.797267853,1.485886491,1.677488932,148564,131966,147203
oci_Latn,oci,Latn,false,1012,NFC,cl100k_base,o200k_base,27182,26873,49747,43030,1.830144949,0.864976783,1.1415895,1.386691879,1.583032889,1.77247302,1.891977406,0.849321698,0.874340717,1.538077273,1.650062498,156381,131966,150651
ory_Orya,ory,Orya,false,1012,NFC,cl100k_base,o200k_base,27182,26873,338005,134286,12.434883379,0.397289981,1.024127427,4.823867081,4.94025458,11.487022751,13.380693827,0.393857103,0.400837998,4.561588298,5.306195533,363403,131966,135150
pag_Latn,pag,Latn,false,1012,NFC,cl100k_base,o200k_base,27182,26873,42248,38385,1.554263851,0.908563719,0.984526317,1.434342302,1.412147745,1.328453769,1.749864119,0.894481531,0.918239518,1.215799713,1.566304291,130979,131966,129924
pan_Guru,pan,Guru,false,1012,NFC,cl100k_base,o200k_base,27182,26873,215625,70405,7.932639247,0.326515942,1.019906643,2.539578691,2.590133176,7.32692411,8.476994485,0.320776569,0.333072038,2.411325241,2.761061613,348687,131966,134593
pap_Latn,pap,Latn,false,1012,NFC,cl100k_base,o200k_base,27182,26873,47502,42571,1.747553528,0.896193844,1.054620129,1.485033967,1.566146715,1.672288894,1.840311872,0.878888183,0.913236265,1.490561298,1.645716878,143802,131966,139174
pbt_Arab,pbt,Arab,false,1012,NFC,cl100k_base,o200k_base,27182,26873,102084,46064,3.755573541,0.451236237,0.927935984,1.826258386,1.694650872,3.532042459,3.992712688,0.436792661,0.466831209,1.601233192,1.797641788,215867,131966,122456
pes_Arab,pes,Arab,false,1012,NFC,cl100k_base,o200k_base,27182,26873,88513,41116,3.256309322,0.464519336,0.938347756,1.612002197,1.512618645,3.044875746,3.531107624,0.445839773,0.478979274,1.43432689,1.594402462,224515,131966,123830
plt_Latn,plt,Latn,false,1012,NFC,cl100k_base,o200k_base,27182,26873,61139,48172,2.249245824,0.787909518,1.219980904,1.452647485,1.772202193,2.117859435,2.351958072,0.772683092,0.798765227,1.661296887,1.848416372,166714,131966,160996
pol_Latn,pol,Latn,false,1012,NFC,cl100k_base,o200k_base,27182,26873,52026,44032,1.913987197,0.846346058,1.056976797,1.532574342,1.619895519,1.828189019,2.022394448,0.833873034,0.862927005,1.554300299,1.702212589,149264,131966,139485
por_Latn,por,Latn,false,1012,NFC,cl100k_base,o200k_base,27182,26873,40179,32922,1.478147303,0.81938326,1.087317946,1.113905239,1.211169156,1.421102688,1.516090416,0.793792281,0.833689382,1.166668739,1.244323435,148530,131966,143489
prs_Arab,prs,Arab,false,1012,NFC,cl100k_base,o200k_base,27182,26873,85580,39668,3.148407034,0.463519514,0.914364306,1.596024788,1.459348098,2.972441645,3.389251021,0.447295348,0.480105964,1.373133055,1.534470717,216050,131966,120665
quy_Latn,quy,Latn,false,1012,NFC,cl100k_base,o200k_base,27182,26873,56598,49166,2.082186741,0.86868794,1.068684358,1.692520805,1.80877051,1.994176767,2.149968539,0.859634915,0.876748801,1.71555991,1.877801113,143180,131966,141030
ron_Latn,ron,Latn,false,1012,NFC,cl100k_base,o200k_base,27182,26873,51012,43866,1.876683099,0.859915314,1.126100662,1.433076625,1.613788537,1.823691122,1.961491868,0.85016858,0.873377357,1.555651821,1.682120821,157972,131966,148607
run_Latn,run,Latn,false,1012,NFC,cl100k_base,o200k_base,27182,26873,58144,47844,2.139062615,0.822853605,1.115931376,1.577279232,1.760135384,1.967102879,2.286481544,0.804531227,0.837662255,1.599511389,1.888818307,149063,131966,147265
rus_Cyrl,rus,Cyrl,false,1012,NFC,cl100k_base,o200k_base,27182,26873,66928,38188,2.462217644,0.570583313,1.076762196,1.304745195,1.404900302,2.304266944,2.663077111,0.546095651,0.592736016,1.340445508,1.511605092,261353,131966,142096
sag_Latn,sag,Latn,false,1012,NFC,cl100k_base,o200k_base,27182,26873,56547,48955,2.0803105,0.865740004,1.080899626,1.666212086,1.80100802,1.825394851,2.34323768,0.840294901,0.908102691,1.547486986,2.134277625,148415,131966,142642
san_Deva,san,Deva,false,1012,NFC,cl100k_base,o200k_base,27182,26873,134396,56143,4.944301376,0.417743088,0.972993044,2.122777482,2.065447723,4.66118109,5.295663104,0.391441041,0.437431855,1.919083717,2.288139768,347919,131966,128402
sat_Olck,sat,Olck,false,1012,NFC,cl100k_base,o200k_base,27182,26873,346245,368158,12.738025164,1.063287556,1.059295576,12.786028712,13.544183651,11.78505165,13.590384468,1.060436498,1.066210846,12.490988022,14.469445057,370326,131966,139791
scn_Latn,scn,Latn,false,1012,NFC,cl100k_base,o200k_base,27182,26873,54380,48721,2.000588625,0.895936006,1.050050771,1.706964494,1.792399382,1.875044161,2.19881437,0.884988388,0.908030212,1.685954263,1.967253946,147033,131966,138571
shn_Mymr,shn,Mymr,false,1012,NFC,cl100k_base,o200k_base,27182,26873,407164,213080,14.979177397,0.52332721,1.426761439,5.494268978,7.83901111,13.833332489,16.282992016,0.514717968,0.529124581,7.262661766,8.479905599,523489,131966,188284
sin_Sinh,sin,Sinh,false,1012,NFC,cl100k_base,o200k_base,27182,26873,235883,72432,8.677911853,0.307067487,0.993286149,2.682715938,2.664704584,8.263651602,9.070814035,0.300237461,0.310489976,2.540863184,2.78242186,347067,131966,131080
slk_Latn,slk,Latn,false,1012,NFC,cl100k_base,o200k_base,27182,26873,57882,45067,2.129423883,0.778601292,0.998060106,1.661194729,1.657972187,1.94319259,2.288559327,0.756541768,0.798125057,1.544049222,1.733675727,144749,131966,131710
slv_Latn,slv,Latn,false,1012,NFC,cl100k_base,o200k_base,27182,26873,51225,40617,1.884519167,0.792913616,0.991581165,1.506947652,1.494260908,1.766879465,1.962182796,0.774952465,0.816414483,1.418966915,1.551167298,135020,131966,130855
smo_Latn,smo,Latn,false,1012,NFC,cl100k_base,o200k_base,27182,26873,61931,51716,2.278382753,0.835058371,1.157449646,1.643771371,1.902582591,2.159972047,2.421529295,0.816575464,0.853161743,1.793695006,2.01752093,161065,131966,152744
sna_Latn,sna,Latn,false,1012,NFC,cl100k_base,o200k_base,27182,26873,58014,45703,2.134280038,0.787792602,1.118651774,1.503032546,1.681370024,2.020692523,2.330172314,0.765550578,0.805940361,1.598801101,1.78442623,148654,131966,147624
snd_Arab,snd,Arab,false,1012,NFC,cl100k_base,o200k_base,27182,26873,108231,45957,3.981715841,0.424619564,0.906203113,1.865712465,1.690714443,3.758478748,4.227665581,0.411071914,0.437042524,1.61489222,1.75771706,212892,131966,119588
som_Latn,som,Latn,false,1012,NFC,cl100k_base,o200k_base,27182,26873,60010,46309,2.207710985,0.771688052,1.149250565,1.482413185,1.70366419,2.089140531,2.322160095,0.762069893,0.788347323,1.604508875,1.781132365,152953,131966,151662
sot_Latn,sot,Latn,false,1012,NFC,cl100k_base,o200k_base,27182,26873,60162,49337,2.213302921,0.820069147,1.202999257,1.508780181,1.815061438,2.125754579,2.329923642,0.801325411,0.837308135,1.732303155,1.902744539,160061,131966,158755
spa_Latn,spa,Latn,false,1012,NFC,cl100k_base,o200k_base,27182,26873,41974,35415,1.544183651,0.843736599,1.190011063,1.094850545,1.302884262,1.462292902,1.611658384,0.830092329,0.856878573,1.263323612,1.358722575,160954,131966,157041
srd_Latn,srd,Latn,false,1012,NFC,cl100k_base,o200k_base,27182,26873,54037,47966,1.98796998,0.887651054,1.162170559,1.518386122,1.764623648,1.872518683,2.12667271,0.877998477,0.897738119,1.678353732,1.880831708,158691,131966,153367
srp_Cyrl,srp,Cyrl,false,1012,NFC,cl100k_base,o200k_base,27182,26873,78865,47827,2.901368553,0.606441387,0.991088614,1.775330627,1.75950997,2.737248991,3.05613977,0.592614601,0.619181267,1.654215011,1.8433679,239013,131966,130790
ssw_Latn,ssw,Latn,false,1012,NFC,cl100k_base,o200k_base,27182,26873,58899,48556,2.166838349,0.824394302,1.127176697,1.584781865,1.786329188,2.045299631,2.331806021,0.805992041,0.840150695,1.71421905,1.904655524,149790,131966,148749
sun_Latn,sun,Latn,false,1012,NFC,cl100k_base,o200k_base,27182,26873,49397,37219,1.817268781,0.75346681,1.0369868,1.320413829,1.369251711,1.726401058,1.904925045,0.724671629,0.785022494,1.337734275,1.411737901,139250,131966,136847
swe_Latn,swe,Latn,false,1012,NFC,cl100k_base,o200k_base,27182,26873,42861,36287,1.57681554,0.846620471,1.001568586,1.332873588,1.334964315,1.510335073,1.626278424,0.831358081,0.869140305,1.287574396,1.39075259,138401,131966,132173
swh_Latn,swh,Latn,false,1012,NFC,cl100k_base,o200k_base,27182,26873,53119,39924,1.954197631,0.751595474,1.046527136,1.403466805,1.468766095,1.848800054,2.0628978,0.73349315,0.776135842,1.380490534,1.522311841,139321,131966,138106
szl_Latn,szl,Latn,false,1012,NFC,cl100k_base,o200k_base,27182,26873,59404,52781,2.18541682,0.888509191,1.041048452,1.865199384,1.941762931,2.006001623,2.380068712,0.877851833,0.899889276,1.796140632,2.101264398,146554,131966,137383
tam_Taml,tam,Taml,false,1012,NFC,cl100k_base,o200k_base,27182,26873,207768,53195,7.643587668,0.256030765,1.167959929,1.675565702,1.956993599,7.175894918,8.242577092,0.248922081,0.268120939,1.846128916,2.064813573,422646,131966,154131
taq_Latn,taq,Latn,false,1012,NFC,cl100k_base,o200k_base,27182,26873,60209,55794,2.215032006,0.926672092,0.942136611,2.178673793,2.052608344,1.880137176,2.483208488,0.908632634,0.939372592,1.709279276,2.346591158,134040,131966,124330
taq_Tfng,taq,Tfng,false,1012,NFC,cl100k_base,o200k_base,27182,26873,274485,274417,10.098042822,0.999752263,0.939067639,10.750600651,10.095541167,8.933408886,10.75417533,0.999337135,1,8.933338612,10.745741109,304014,131966,123925
tat_Cyrl,tat,Cyrl,false,1012,NFC,cl100k_base,o200k_base,27182,26873,101354,46981,3.728717534,0.463533753,1.009994999,1.711282169,1.728386432,3.385339969,4.020690779,0.440850205,0.483461067,1.640442978,1.824681808,245774,131966,133285
tel_Telu,tel,Telu,false,1012,NFC,cl100k_base,o200k_base,27182,26873,225276,51855,8.287690383,0.230184307,1.004046497,1.900007894,1.90769627,7.699592137,8.833637181,0.221161665,0.239624602,1.797105442,2.05053487,354707,131966,132500
tgk_Cyrl,tgk,Cyrl,false,1012,NFC,cl100k_base,o200k_base,27182,26873,98431,50861,3.621183136,0.516717294,1.105368049,1.692764644,1.871127952,3.416789955,3.863759675,0.494422326,0.533542179,1.81599365,1.946359848,266530,131966,145871
tgl_Latn,tgl,Latn,false,1012,NFC,cl100k_base,o200k_base,27182,26873,56024,45545,2.061069826,0.812955162,1.261817438,1.327892058,1.675557354,1.942290393,2.201993184,0.792216293,0.840361003,1.583475621,1.759099275,167635,131966,166517
tha_Thai,tha,Thai,false,1012,NFC,cl100k_base,o200k_base,27182,26873,118297,52781,4.352034435,0.446173614,0.957534516,2.02787774,1.941762931,4.002263788,4.625080596,0.431211455,0.457862036,1.794107582,2.007939545,366121,131966,126362
tir_Ethi,tir,Ethi,false,1012,NFC,cl100k_base,o200k_base,27182,26873,211420,160330,7.777941285,0.758348311,0.687305821,8.581898272,5.89838864,7.349075763,8.101582804,0.755215287,0.763795661,5.576294945,6.144763392,232811,131966,90701
tpi_Latn,tpi,Latn,false,1012,NFC,cl100k_base,o200k_base,27182,26873,55504,48170,2.041939519,0.867865379,1.280738978,1.383676647,1.772128615,1.958742624,2.131884306,0.859791161,0.880104403,1.690383058,1.849627296,170161,131966,169014
tsn_Latn,tsn,Latn,false,1012,NFC,cl100k_base,o200k_base,27182,26873,61568,51296,2.265028328,0.833160083,1.235431854,1.527507312,1.88713119,2.132066677,2.449095197,0.818809025,0.850775708,1.782957136,2.05275059,164258,131966,163035
tso_Latn,tso,Latn,false,1012,NFC,cl100k_base,o200k_base,27182,26873,61379,46858,2.258075197,0.763420714,1.198793629,1.437996781,1.723861379,2.096267969,2.36345674,0.740321122,0.79126677,1.576679767,1.813723814,160197,131966,158200
tuk_Latn,tuk,Latn,false,1012,NFC,cl100k_base,o200k_base,27182,26873,65442,44819,2.407549113,0.684865988,1.062864677,1.55132496,1.648848503,2.25732742,2.583926752,0.6701722,0.702214803,1.54722715,1.740354065,155615,131966,140262
tum_Latn,tum,Latn,false,1012,NFC,cl100k_base,o200k_base,27182,26873,70053,56617,2.57718343,0.808202361,1.307639847,1.592858874,2.082885733,2.354518997,2.827391835,0.797219396,0.820469134,1.884744985,2.266706792,175878,131966,172564
tur_Latn,tur,Latn,false,1012,NFC,cl100k_base,o200k_base,27182,26873,52222,38458,1.921197852,0.736432921,1.028886228,1.375111559,1.414833346,1.772172008,2.063195198,0.715056288,0.756078971,1.338873308,1.497831221,148924,131966,135778
twi_Latn,twi,Latn,false,1012,NFC,cl100k_base,o200k_base,27182,26873,68002,49890,2.501729085,0.733654893,0.974644984,1.883153161,1.835405783,2.220900324,2.913199693,0.711673697,0.748135306,1.621553442,2.126409849,139798,131966,128620
tzm_Tfng,tzm,Tfng,false,1012,NFC,cl100k_base,o200k_base,27182,26873,272699,272694,10.032337576,0.999981665,0.894025734,11.22132535,10.032153631,9.525389286,10.669836699,0.999861642,1.000003747,9.525389286,10.669836699,304162,131966,117981
uig_Arab,uig,Arab,false,1012,NFC,cl100k_base,o200k_base,27182,26873,140539,67672,5.17029652,0.481517586,1.064493885,2.338753406,2.489588698,4.70620407,5.722201079,0.473876885,0.489456656,2.281736498,2.707241282,262240,131966,140477
ukr_Cyrl,ukr,Cyrl,false,1012,NFC,cl100k_base,o200k_base,27182,26873,80652,47004,2.967110588,0.582800179,1.019217071,1.696628353,1.72923258,2.781925233,3.134268694,0.566236576,0.599197354,1.631390715,1.812180744,246953,131966,134502
umb_Latn,umb,Latn,false,1012,NFC,cl100k_base,o200k_base,27182,26873,55268,48072,2.033257303,0.869798075,1.021096343,1.731984743,1.768523287,1.877581446,2.152303706,0.86087713,0.878375228,1.648872676,1.875935388,140259,131966,134750
urd_Arab,urd,Arab,false,1012,NFC,cl100k_base,o200k_base,27182,26873,117958,44416,4.339562946,0.376540803,0.984496007,1.659755351,1.634022515,4.045080548,4.639876137,0.358677375,0.388064194,1.536024103,1.711281832,232712,131966,129920
uzn_Latn,uzn,Latn,false,1012,NFC,cl100k_base,o200k_base,27182,26873,58932,47712,2.168052388,0.809611077,1.13153388,1.551238774,1.755279229,2.056986601,2.245351032,0.793781259,0.829352999,1.703466476,1.824194625,150486,131966,149324
vec_Latn,vec,Latn,false,1012,NFC,cl100k_base,o200k_base,27182,26873,46350,41815,1.705172541,0.902157497,1.009775245,1.523442171,1.538334192,1.596989529,1.792701651,0.890707592,0.911874954,1.436017435,1.616161828,140612,131966,133256
vie_Latn,vie,Latn,false,1012,NFC,cl100k_base,o200k_base,27182,26873,66427,40030,2.443786329,0.602616406,1.050232636,1.40222812,1.472665735,2.286212257,2.623966878,0.579025753,0.629949669,1.419675502,1.53846277,184617,131966,138595
war_Latn,war,Latn,false,1012,NFC,cl100k_base,o200k_base,27182,26873,53137,46226,1.954859834,0.869939967,1.248548869,1.362069792,1.700610698,1.747814468,2.105289627,0.853918554,0.880381318,1.537991917,1.815893118,165862,131966,164766
wol_Latn,wol,Latn,false,1012,NFC,cl100k_base,o200k_base,27182,26873,52513,46548,1.931903466,0.88640908,0.963680039,1.776997244,1.712456773,1.859283087,2.045394971,0.877513506,0.894910969,1.641612139,1.792998675,133215,131966,127173
xho_Latn,xho,Latn,false,1012,NFC,cl100k_base,o200k_base,27182,26873,55859,43995,2.054999632,0.787608085,1.054248822,1.535248881,1.618534324,1.960996785,2.157347424,0.765987319,0.814014737,1.538949584,1.692085969,140257,131966,139125
ydd_Hebr,ydd,Hebr,false,1012,NFC,cl100k_base,o200k_base,27182,26873,150523,54391,5.537598411,0.361346771,1.074716215,1.861880631,2.000993304,5.317991483,5.780846683,0.347537368,0.37162437,1.889372329,2.089677879,257826,131966,141826
yor_Latn,yor,Latn,false,1012,NFC,cl100k_base,o200k_base,27182,26873,79598,57182,2.928334928,0.718384884,0.95044178,2.213361818,2.103671547,2.69234174,3.153345573,0.701146458,0.733667971,1.946696982,2.234579499,168708,131966,125426
yue_Hant,yue,Hant,false,1012,NFC,cl100k_base,o200k_base,27182,26873,56853,37087,2.091567949,0.652331451,0.30342664,4.496624143,1.364395556,1.982129316,2.173995307,0.632897206,0.672230732,1.310051977,1.420403601,115473,131966,40042
zho_Hans,zho,Hans,false,1012,NFC,cl100k_base,o200k_base,27182,26873,50811,33555,1.8692885,0.660388499,0.32774351,3.766532637,1.234456626,1.724278968,2.022120869,0.637814269,0.674215233,1.166213797,1.351177695,121817,131966,43251
zho_Hant,zho,Hant,false,1012,NFC,cl100k_base,o200k_base,27182,26873,58198,38098,2.141049224,0.654627307,0.308579483,4.542068952,1.401589287,2.025994315,2.301353862,0.632161554,0.673585317,1.32672249,1.502262889,117237,131966,40722
zsm_Latn,zsm,Latn,false,1012,NFC,cl100k_base,o200k_base,27182,26873,43979,34960,1.617945699,0.79492485,1.107997515,1.160783509,1.286145243,1.564776081,1.678880492,0.776247151,0.809906027,1.240245422,1.330845005,147605,131966,146218
zul_Latn,zul,Latn,false,1012,NFC,cl100k_base,o200k_base,27182,26873,60145,46239,2.212677507,0.768792086,1.124259279,1.513075309,1.701088956,2.108106209,2.315274962,0.752669754,0.793383865,1.632543784,1.755970332,149615,131966,148364
