benchmark_profile_id,flores_code,language_code,script_code,profile_measurement_kind,profile_match_scope,aligned_sentences,tokenization_measurement_set_sha256,direct_measurement_row_hash,profile_row_hash,profile_set_hash
flores:ace_Arab,ace_Arab,ace,Arab,DIRECT_ALIGNED_BENCHMARK,EXACT_LANGUAGE_VARIETY_SCRIPT,1012,6ae11eae5bfb61e237feeb8b8664277b7462e5ba08b34e6e35df1c072b22c2ae,e9a20b67ac3644d9b1167c06743db42640d622bac284fbfe886c6aedca91b8c1,252191d6617c2f32dd62bf21e0680e13913587166959753c4af399ce8c5c90e1,9ad14b90ecdd1c3d6b6138bd902ff691b1d70586338710e568e29257a5dd1b01
flores:ace_Latn,ace_Latn,ace,Latn,DIRECT_ALIGNED_BENCHMARK,EXACT_LANGUAGE_VARIETY_SCRIPT,1012,6ae11eae5bfb61e237feeb8b8664277b7462e5ba08b34e6e35df1c072b22c2ae,1b2bb0c96d57ca43938f58c310eeea0b900eb7659eec497eed351fda77d7785a,ef4f764b1d6a77996c5c0370d5ff6bb4cb6913ce52770f07bb3d1e5e89476f79,9ad14b90ecdd1c3d6b6138bd902ff691b1d70586338710e568e29257a5dd1b01
flores:acm_Arab,acm_Arab,acm,Arab,DIRECT_ALIGNED_BENCHMARK,EXACT_LANGUAGE_VARIETY_SCRIPT,1012,6ae11eae5bfb61e237feeb8b8664277b7462e5ba08b34e6e35df1c072b22c2ae,b8bef738661551383cbdcfda0602fedf4b0b687a3aa5d767caa7d7557957f79c,9b524604ddda8cd33cac6fc97fc00ddf9bfd80b65b7dbaf866d12359860ca1a1,9ad14b90ecdd1c3d6b6138bd902ff691b1d70586338710e568e29257a5dd1b01
flores:acq_Arab,acq_Arab,acq,Arab,DIRECT_ALIGNED_BENCHMARK,EXACT_LANGUAGE_VARIETY_SCRIPT,1012,6ae11eae5bfb61e237feeb8b8664277b7462e5ba08b34e6e35df1c072b22c2ae,4f53bb70e2b4fcee6e98c36b79f4815a6b43fc6c398020b25757e25b7fe955d2,915a1771f0b1eeb9a76a6ca525d02acdd1dbb0788c3a699b4fcb72c31b0ee6d1,9ad14b90ecdd1c3d6b6138bd902ff691b1d70586338710e568e29257a5dd1b01
flores:aeb_Arab,aeb_Arab,aeb,Arab,DIRECT_ALIGNED_BENCHMARK,EXACT_LANGUAGE_VARIETY_SCRIPT,1012,6ae11eae5bfb61e237feeb8b8664277b7462e5ba08b34e6e35df1c072b22c2ae,7b8f38318c90b2af33d0e5a3c5c7c15ce2a158f51e316154421c06016f448483,e3640bdd8b61c93dd68932f0bca0b57dfce97716cea28f7768003c8c17b843fe,9ad14b90ecdd1c3d6b6138bd902ff691b1d70586338710e568e29257a5dd1b01
flores:afr_Latn,afr_Latn,afr,Latn,DIRECT_ALIGNED_BENCHMARK,EXACT_LANGUAGE_VARIETY_SCRIPT,1012,6ae11eae5bfb61e237feeb8b8664277b7462e5ba08b34e6e35df1c072b22c2ae,b36409ac82ca918d68d9c2f4d14b9760b5755f19a398fab83300034b1da021a6,1a9e68fddd9cc095874e6af23938b4aa4aff3cd0d4d8a94b71d8a046afe52d8e,9ad14b90ecdd1c3d6b6138bd902ff691b1d70586338710e568e29257a5dd1b01
flores:ajp_Arab,ajp_Arab,ajp,Arab,DIRECT_ALIGNED_BENCHMARK,EXACT_LANGUAGE_VARIETY_SCRIPT,1012,6ae11eae5bfb61e237feeb8b8664277b7462e5ba08b34e6e35df1c072b22c2ae,1f1418d90906a442130d79f17877b575e7ca798700608d5836833aee1e996566,1759bd505a12bb930118902621861fae82b6329a2ac05188469968e5b1f9bc96,9ad14b90ecdd1c3d6b6138bd902ff691b1d70586338710e568e29257a5dd1b01
flores:aka_Latn,aka_Latn,aka,Latn,DIRECT_ALIGNED_BENCHMARK,EXACT_LANGUAGE_VARIETY_SCRIPT,1012,6ae11eae5bfb61e237feeb8b8664277b7462e5ba08b34e6e35df1c072b22c2ae,8e23a9c75fdc45e4d14fbd74312d09c15b2b09e803566dbd07506b55f0bcc101,449200761a564d201349ac5fefe735751dbf22607529fe1af6a3202f5ba9b9d4,9ad14b90ecdd1c3d6b6138bd902ff691b1d70586338710e568e29257a5dd1b01
flores:als_Latn,als_Latn,als,Latn,DIRECT_ALIGNED_BENCHMARK,EXACT_LANGUAGE_VARIETY_SCRIPT,1012,6ae11eae5bfb61e237feeb8b8664277b7462e5ba08b34e6e35df1c072b22c2ae,59aab1e0dde18b67023ff5c4c1f6413aff4e4a771a3ab41c1913f4e61bdbf67b,a4722eaa6d5e9cd3520e5de5e9106e5b301aa167d7f922db39e421bbcd0d0f68,9ad14b90ecdd1c3d6b6138bd902ff691b1d70586338710e568e29257a5dd1b01
flores:amh_Ethi,amh_Ethi,amh,Ethi,DIRECT_ALIGNED_BENCHMARK,EXACT_LANGUAGE_VARIETY_SCRIPT,1012,6ae11eae5bfb61e237feeb8b8664277b7462e5ba08b34e6e35df1c072b22c2ae,2db09bdd0fcb36c6ba02cb995ec787507dce50eb47a5c93e0fbca858786315cf,b97d7a5519c6c0d40c1d89447f4781cfe68bb41879b64c9cbfa22ef30523870c,9ad14b90ecdd1c3d6b6138bd902ff691b1d70586338710e568e29257a5dd1b01
flores:apc_Arab,apc_Arab,apc,Arab,DIRECT_ALIGNED_BENCHMARK,EXACT_LANGUAGE_VARIETY_SCRIPT,1012,6ae11eae5bfb61e237feeb8b8664277b7462e5ba08b34e6e35df1c072b22c2ae,89e7752e9a44b2adccf4d9f72d9a1e4b48f04086b2d7aedf62a776cf3c8d7f7e,b07ab7c8535d3e6b621c0a7c35cea3fd192760bd726d79edfbfc9ab3ded5d022,9ad14b90ecdd1c3d6b6138bd902ff691b1d70586338710e568e29257a5dd1b01
flores:arb_Arab,arb_Arab,arb,Arab,DIRECT_ALIGNED_BENCHMARK,EXACT_LANGUAGE_VARIETY_SCRIPT,1012,6ae11eae5bfb61e237feeb8b8664277b7462e5ba08b34e6e35df1c072b22c2ae,6af74b8b5460931d7b943d690692d2f7bebe249291f421d4b34c68c37147637f,11dc704f42b163317cecf549da95c372ba7175f406a655223af3e78d124f1097,9ad14b90ecdd1c3d6b6138bd902ff691b1d70586338710e568e29257a5dd1b01
flores:arb_Latn,arb_Latn,arb,Latn,DIRECT_ALIGNED_BENCHMARK,EXACT_LANGUAGE_VARIETY_SCRIPT,1012,6ae11eae5bfb61e237feeb8b8664277b7462e5ba08b34e6e35df1c072b22c2ae,d77a9ae3414209097be45f9f138eef6c8e04fb61170c917ada2532736e65de4b,e48edd356b66ad106f8aa32a8ae0e962aab47c44e7ddafa550459f8cbef72313,9ad14b90ecdd1c3d6b6138bd902ff691b1d70586338710e568e29257a5dd1b01
flores:ars_Arab,ars_Arab,ars,Arab,DIRECT_ALIGNED_BENCHMARK,EXACT_LANGUAGE_VARIETY_SCRIPT,1012,6ae11eae5bfb61e237feeb8b8664277b7462e5ba08b34e6e35df1c072b22c2ae,e8848ef151b31dec72db3edee98fb958c7093f8bfaed83925f349e9f833bf56e,cb5627e792dc5e623af589c2e6501aec9d8bfda5473add648f021fed48d1fbdd,9ad14b90ecdd1c3d6b6138bd902ff691b1d70586338710e568e29257a5dd1b01
flores:ary_Arab,ary_Arab,ary,Arab,DIRECT_ALIGNED_BENCHMARK,EXACT_LANGUAGE_VARIETY_SCRIPT,1012,6ae11eae5bfb61e237feeb8b8664277b7462e5ba08b34e6e35df1c072b22c2ae,619d5bdf95b0527f7748f2136db095aadef62c1dbb59d3ad4a64d64bf3ddfa4a,1180f1cf49e0e911cdef39030d6396118f648f0e560fc1091c0c9320bb85ad99,9ad14b90ecdd1c3d6b6138bd902ff691b1d70586338710e568e29257a5dd1b01
flores:arz_Arab,arz_Arab,arz,Arab,DIRECT_ALIGNED_BENCHMARK,EXACT_LANGUAGE_VARIETY_SCRIPT,1012,6ae11eae5bfb61e237feeb8b8664277b7462e5ba08b34e6e35df1c072b22c2ae,56deeb12dd2c6a8fbe83a142797cfabef91b46a16bde1bd363a90497262f71fa,82b895b098c5f18c214bb7431b19966ef8b9d6fb975d050b6c6ced5ee39ba647,9ad14b90ecdd1c3d6b6138bd902ff691b1d70586338710e568e29257a5dd1b01
flores:asm_Beng,asm_Beng,asm,Beng,DIRECT_ALIGNED_BENCHMARK,EXACT_LANGUAGE_VARIETY_SCRIPT,1012,6ae11eae5bfb61e237feeb8b8664277b7462e5ba08b34e6e35df1c072b22c2ae,8fd313e48437b60dd95e6cfa63d526f89f5e4113cedce088b53fa47d414d3121,a191c447ed90d876fd0273880f651bbedd510f68ddd79f8620bb84c541906148,9ad14b90ecdd1c3d6b6138bd902ff691b1d70586338710e568e29257a5dd1b01
flores:ast_Latn,ast_Latn,ast,Latn,DIRECT_ALIGNED_BENCHMARK,EXACT_LANGUAGE_VARIETY_SCRIPT,1012,6ae11eae5bfb61e237feeb8b8664277b7462e5ba08b34e6e35df1c072b22c2ae,b344db99500647891e53d86486387f605a35a3759fa273838158fb901955ffe6,765be5a724aaf260ca42510b363f5d01be5fa8d1317347f6365a8bbe20b125c3,9ad14b90ecdd1c3d6b6138bd902ff691b1d70586338710e568e29257a5dd1b01
flores:awa_Deva,awa_Deva,awa,Deva,DIRECT_ALIGNED_BENCHMARK,EXACT_LANGUAGE_VARIETY_SCRIPT,1012,6ae11eae5bfb61e237feeb8b8664277b7462e5ba08b34e6e35df1c072b22c2ae,a488aa6616cb1a69aec642d1b941d0689d54e1220ce05ae0de8f7abb3c60bc5a,3717dabcbea2f6d03c2656cb449ec12a95ef2673ea75a47b4f5bd0f57974c356,9ad14b90ecdd1c3d6b6138bd902ff691b1d70586338710e568e29257a5dd1b01
flores:ayr_Latn,ayr_Latn,ayr,Latn,DIRECT_ALIGNED_BENCHMARK,EXACT_LANGUAGE_VARIETY_SCRIPT,1012,6ae11eae5bfb61e237feeb8b8664277b7462e5ba08b34e6e35df1c072b22c2ae,4f7638bf8d052055175bfc197d49dcc94693d002bfafb0dc88dc1533a84b91c5,e5935afb5227bb88e8870a9c418ac56992e59b5f01b99bb4e965610b3783c11a,9ad14b90ecdd1c3d6b6138bd902ff691b1d70586338710e568e29257a5dd1b01
flores:azb_Arab,azb_Arab,azb,Arab,DIRECT_ALIGNED_BENCHMARK,EXACT_LANGUAGE_VARIETY_SCRIPT,1012,6ae11eae5bfb61e237feeb8b8664277b7462e5ba08b34e6e35df1c072b22c2ae,9dc59778ee79595ed018aa2d9e7ffa6f87522739f2863e0e8106b35e0b25dce1,123e213dabe3f9b5a70f489fe59831fc7f60c4b3f7f34e315a9c83c074a8712e,9ad14b90ecdd1c3d6b6138bd902ff691b1d70586338710e568e29257a5dd1b01
flores:azj_Latn,azj_Latn,azj,Latn,DIRECT_ALIGNED_BENCHMARK,EXACT_LANGUAGE_VARIETY_SCRIPT,1012,6ae11eae5bfb61e237feeb8b8664277b7462e5ba08b34e6e35df1c072b22c2ae,160f30097231d7d52fbfef33f58906fdd63e9199e9cfaf37bbcdd28e8e8526ae,6d240d5c1809b34fb8f8ed2e7878e85be557f21d23b0d78355f419d759961cc8,9ad14b90ecdd1c3d6b6138bd902ff691b1d70586338710e568e29257a5dd1b01
flores:bak_Cyrl,bak_Cyrl,bak,Cyrl,DIRECT_ALIGNED_BENCHMARK,EXACT_LANGUAGE_VARIETY_SCRIPT,1012,6ae11eae5bfb61e237feeb8b8664277b7462e5ba08b34e6e35df1c072b22c2ae,aff9f66d71cedd5be2ee3e1f0d013f4a78ccfa0a757d9370e912e38d74c1909c,09886f04c188e751fae727e0064a0c0c4a074b5cac37cd06115def26cb649286,9ad14b90ecdd1c3d6b6138bd902ff691b1d70586338710e568e29257a5dd1b01
flores:bam_Latn,bam_Latn,bam,Latn,DIRECT_ALIGNED_BENCHMARK,EXACT_LANGUAGE_VARIETY_SCRIPT,1012,6ae11eae5bfb61e237feeb8b8664277b7462e5ba08b34e6e35df1c072b22c2ae,0f44985cc8323b51024325f0de84c42578d301937c3bd797fd6e81f447d8836b,aae44a02d75b6b68f764588618d5ae1b2ee9d007e21ba39eed57e27dcefd06d7,9ad14b90ecdd1c3d6b6138bd902ff691b1d70586338710e568e29257a5dd1b01
flores:ban_Latn,ban_Latn,ban,Latn,DIRECT_ALIGNED_BENCHMARK,EXACT_LANGUAGE_VARIETY_SCRIPT,1012,6ae11eae5bfb61e237feeb8b8664277b7462e5ba08b34e6e35df1c072b22c2ae,8ae4df88a33bded400916a0ef4b266241fb50494b92c2cf281f5f9f0540a3753,802f7b7abcea0a8cf2d965e740d2463ce37443e37457f059ad761ee22c10fb3a,9ad14b90ecdd1c3d6b6138bd902ff691b1d70586338710e568e29257a5dd1b01
flores:bel_Cyrl,bel_Cyrl,bel,Cyrl,DIRECT_ALIGNED_BENCHMARK,EXACT_LANGUAGE_VARIETY_SCRIPT,1012,6ae11eae5bfb61e237feeb8b8664277b7462e5ba08b34e6e35df1c072b22c2ae,81457f0db8d4c2b6574319cf724624eb5f288f8ad774d7c880c97d7beadf429a,25be7335489fcce1006a37421c16727274a49479ca77b89a209d0ae3e710a9a6,9ad14b90ecdd1c3d6b6138bd902ff691b1d70586338710e568e29257a5dd1b01
flores:bem_Latn,bem_Latn,bem,Latn,DIRECT_ALIGNED_BENCHMARK,EXACT_LANGUAGE_VARIETY_SCRIPT,1012,6ae11eae5bfb61e237feeb8b8664277b7462e5ba08b34e6e35df1c072b22c2ae,600ae5ac6421ec913ad96445bb45d068e397ec785eab263a49ff28a1b1b3c554,6d369b33233de6442142196e21d971a29c57fddb6a1da51ee8e674702469d20e,9ad14b90ecdd1c3d6b6138bd902ff691b1d70586338710e568e29257a5dd1b01
flores:ben_Beng,ben_Beng,ben,Beng,DIRECT_ALIGNED_BENCHMARK,EXACT_LANGUAGE_VARIETY_SCRIPT,1012,6ae11eae5bfb61e237feeb8b8664277b7462e5ba08b34e6e35df1c072b22c2ae,7f991744e0387e492b3583e49d33954368a663d350c6670265d57de1fbe0d91f,5438ec8ebad9ca57b7fd7d8f64451a8be02a91e53c888c0c05962bee65713c6d,9ad14b90ecdd1c3d6b6138bd902ff691b1d70586338710e568e29257a5dd1b01
flores:bho_Deva,bho_Deva,bho,Deva,DIRECT_ALIGNED_BENCHMARK,EXACT_LANGUAGE_VARIETY_SCRIPT,1012,6ae11eae5bfb61e237feeb8b8664277b7462e5ba08b34e6e35df1c072b22c2ae,d9ffbd5af6e6dddd9992d1fa998300a033778747baf768d25374e5f46e4a2898,fa9e78ee76296a8b1ea166f544434d44c4529bbfb477d7d18ba6c12adae9b57b,9ad14b90ecdd1c3d6b6138bd902ff691b1d70586338710e568e29257a5dd1b01
flores:bjn_Arab,bjn_Arab,bjn,Arab,DIRECT_ALIGNED_BENCHMARK,EXACT_LANGUAGE_VARIETY_SCRIPT,1012,6ae11eae5bfb61e237feeb8b8664277b7462e5ba08b34e6e35df1c072b22c2ae,80c17b3466617c694b11587f60ba22dc24f82b492c1bf466f33a7cff30839d8c,d754fa3b4590e815f6e7e23f885069137aeb8973e7aec728fefe0b4ef7372bbb,9ad14b90ecdd1c3d6b6138bd902ff691b1d70586338710e568e29257a5dd1b01
flores:bjn_Latn,bjn_Latn,bjn,Latn,DIRECT_ALIGNED_BENCHMARK,EXACT_LANGUAGE_VARIETY_SCRIPT,1012,6ae11eae5bfb61e237feeb8b8664277b7462e5ba08b34e6e35df1c072b22c2ae,bd52997d813c4b1ce8a5fc11de5d5e0d47a14dd05e9559a97b7cd9618d204830,1ef5c91f68edd0e2be66d40af7bf0754dc659447cff1e926f43683f2b9b6c246,9ad14b90ecdd1c3d6b6138bd902ff691b1d70586338710e568e29257a5dd1b01
flores:bod_Tibt,bod_Tibt,bod,Tibt,DIRECT_ALIGNED_BENCHMARK,EXACT_LANGUAGE_VARIETY_SCRIPT,1012,6ae11eae5bfb61e237feeb8b8664277b7462e5ba08b34e6e35df1c072b22c2ae,69ccef59756bf34205ffc3cd195504f27eba4ef3b16f0e8b9378874a40f69b0a,fc61a3dd757a64a16aae77f3b0b38b67a899aee3603fa531feaea5a3943ecf79,9ad14b90ecdd1c3d6b6138bd902ff691b1d70586338710e568e29257a5dd1b01
flores:bos_Latn,bos_Latn,bos,Latn,DIRECT_ALIGNED_BENCHMARK,EXACT_LANGUAGE_VARIETY_SCRIPT,1012,6ae11eae5bfb61e237feeb8b8664277b7462e5ba08b34e6e35df1c072b22c2ae,027dc6b9ff7d3535220722991dcd19fb2daa91ca5846f247039ce6cee1fd9068,004245ae4940de7bbe05e1d8712c095ffd1ffe47f1b1d6b24ccd77789e90a7f3,9ad14b90ecdd1c3d6b6138bd902ff691b1d70586338710e568e29257a5dd1b01
flores:bug_Latn,bug_Latn,bug,Latn,DIRECT_ALIGNED_BENCHMARK,EXACT_LANGUAGE_VARIETY_SCRIPT,1012,6ae11eae5bfb61e237feeb8b8664277b7462e5ba08b34e6e35df1c072b22c2ae,f16602cf7f13dd06f9ca84b69b3efd808547ecf663cc3b2860834fd92e087917,ec74a86abae1ffa68bb8e6ce8e43e00b6414d84c99056be6722422984990ccfe,9ad14b90ecdd1c3d6b6138bd902ff691b1d70586338710e568e29257a5dd1b01
flores:bul_Cyrl,bul_Cyrl,bul,Cyrl,DIRECT_ALIGNED_BENCHMARK,EXACT_LANGUAGE_VARIETY_SCRIPT,1012,6ae11eae5bfb61e237feeb8b8664277b7462e5ba08b34e6e35df1c072b22c2ae,42129f65d4d159bbafe04fa7cbb6974add8a1c05531c82e08452fc010bd01033,387f75035eb1db1cd7734473f0c135c9ea5db48e9591ba21be97c52ba0758ae9,9ad14b90ecdd1c3d6b6138bd902ff691b1d70586338710e568e29257a5dd1b01
flores:cat_Latn,cat_Latn,cat,Latn,DIRECT_ALIGNED_BENCHMARK,EXACT_LANGUAGE_VARIETY_SCRIPT,1012,6ae11eae5bfb61e237feeb8b8664277b7462e5ba08b34e6e35df1c072b22c2ae,f21485bfe0d000fd89b5e579f4b0e1f175e6de1d1f69c4722e6e7a719df74ed4,1fa2ee5a4e4778160763c6776632a068a17149e22bc9b5340c4c04ba9aee93a4,9ad14b90ecdd1c3d6b6138bd902ff691b1d70586338710e568e29257a5dd1b01
flores:ceb_Latn,ceb_Latn,ceb,Latn,DIRECT_ALIGNED_BENCHMARK,EXACT_LANGUAGE_VARIETY_SCRIPT,1012,6ae11eae5bfb61e237feeb8b8664277b7462e5ba08b34e6e35df1c072b22c2ae,36307fca51a0317326989774c4455ab16f95b8d3c65255d56aa588e948407d1f,a121612386307f2c3f15aaef787aeee3db6164761f153b2a5e827969b1af33f5,9ad14b90ecdd1c3d6b6138bd902ff691b1d70586338710e568e29257a5dd1b01
flores:ces_Latn,ces_Latn,ces,Latn,DIRECT_ALIGNED_BENCHMARK,EXACT_LANGUAGE_VARIETY_SCRIPT,1012,6ae11eae5bfb61e237feeb8b8664277b7462e5ba08b34e6e35df1c072b22c2ae,4d9a4e1a5a529fec03fac4cb546ece42a307ca68ac6c40f1bf21ce7937bd6969,d3e03978d32f5881830197fea065eb5b56de035f1ee7d6cde1c2bcfeb0fd4da4,9ad14b90ecdd1c3d6b6138bd902ff691b1d70586338710e568e29257a5dd1b01
flores:cjk_Latn,cjk_Latn,cjk,Latn,DIRECT_ALIGNED_BENCHMARK,EXACT_LANGUAGE_VARIETY_SCRIPT,1012,6ae11eae5bfb61e237feeb8b8664277b7462e5ba08b34e6e35df1c072b22c2ae,32e41aa09e9aa3e9839c617174cef21841d0bf93ffb19bda0ce45f0e68814c06,cabfa8cdb97e123837e71edaefe8176d3e1addea65a1ffccc12bc39538cdd52a,9ad14b90ecdd1c3d6b6138bd902ff691b1d70586338710e568e29257a5dd1b01
flores:ckb_Arab,ckb_Arab,ckb,Arab,DIRECT_ALIGNED_BENCHMARK,EXACT_LANGUAGE_VARIETY_SCRIPT,1012,6ae11eae5bfb61e237feeb8b8664277b7462e5ba08b34e6e35df1c072b22c2ae,b113080868325c0f07b0ecab341582d1bfee7fbf1b98ee66e1385202735d11b7,dab0d8fa8d90eb70f4c404060f680f4923f7e7d747e50261c379c830b7072bdb,9ad14b90ecdd1c3d6b6138bd902ff691b1d70586338710e568e29257a5dd1b01
flores:crh_Latn,crh_Latn,crh,Latn,DIRECT_ALIGNED_BENCHMARK,EXACT_LANGUAGE_VARIETY_SCRIPT,1012,6ae11eae5bfb61e237feeb8b8664277b7462e5ba08b34e6e35df1c072b22c2ae,a84612b3dd16c36b2418e3e21f2626e7ecc9e57e2a15276e296e6340eaa8ae55,7820aedf536e46a0d6ebca3f63d1789aedb942142634f68f055f2b8aa88b268b,9ad14b90ecdd1c3d6b6138bd902ff691b1d70586338710e568e29257a5dd1b01
flores:cym_Latn,cym_Latn,cym,Latn,DIRECT_ALIGNED_BENCHMARK,EXACT_LANGUAGE_VARIETY_SCRIPT,1012,6ae11eae5bfb61e237feeb8b8664277b7462e5ba08b34e6e35df1c072b22c2ae,a72698e52d9cee1fd2d79d7a624753c7ca095b0980f7c31f6806c301848ab27a,e3cd0f08a89fc75f6b3e6b94b2c92f137581e0383d4c7bcf11f69df6d2fa4e51,9ad14b90ecdd1c3d6b6138bd902ff691b1d70586338710e568e29257a5dd1b01
flores:dan_Latn,dan_Latn,dan,Latn,DIRECT_ALIGNED_BENCHMARK,EXACT_LANGUAGE_VARIETY_SCRIPT,1012,6ae11eae5bfb61e237feeb8b8664277b7462e5ba08b34e6e35df1c072b22c2ae,b1f04090b884aecc490d7a1934f4931026705de88ffe8d67551f7d7aeb93e579,9396231a5e4d0fd25bde964ac9fee2f83011cc923e3e5b64bc77ae7e8f86619f,9ad14b90ecdd1c3d6b6138bd902ff691b1d70586338710e568e29257a5dd1b01
flores:deu_Latn,deu_Latn,deu,Latn,DIRECT_ALIGNED_BENCHMARK,EXACT_LANGUAGE_VARIETY_SCRIPT,1012,6ae11eae5bfb61e237feeb8b8664277b7462e5ba08b34e6e35df1c072b22c2ae,858caab88796733079445b001885dfd4935daecb8a1e77ac870b96d65d3f4eca,91e8e0a3020398848ef20711f72f10df0711e0f6f59092e9947a581679a59ee3,9ad14b90ecdd1c3d6b6138bd902ff691b1d70586338710e568e29257a5dd1b01
flores:dik_Latn,dik_Latn,dik,Latn,DIRECT_ALIGNED_BENCHMARK,EXACT_LANGUAGE_VARIETY_SCRIPT,1012,6ae11eae5bfb61e237feeb8b8664277b7462e5ba08b34e6e35df1c072b22c2ae,1eb05994afa35c7149e05e53a80603ae9e4c06d7feffde9cc6f056723292bbb5,3fe8ea3192a71d93121874c32cfd05c25e4184a715a2e33f3fae0377a702f4ca,9ad14b90ecdd1c3d6b6138bd902ff691b1d70586338710e568e29257a5dd1b01
flores:dyu_Latn,dyu_Latn,dyu,Latn,DIRECT_ALIGNED_BENCHMARK,EXACT_LANGUAGE_VARIETY_SCRIPT,1012,6ae11eae5bfb61e237feeb8b8664277b7462e5ba08b34e6e35df1c072b22c2ae,9c88d60e2256b207667644111b1c208c6c536e74ad7a44f9231a4af7f44a5f74,87eeee37cce01a1624ee2bd00526912674875f14b45eed0730bace47df0d784e,9ad14b90ecdd1c3d6b6138bd902ff691b1d70586338710e568e29257a5dd1b01
flores:dzo_Tibt,dzo_Tibt,dzo,Tibt,DIRECT_ALIGNED_BENCHMARK,EXACT_LANGUAGE_VARIETY_SCRIPT,1012,6ae11eae5bfb61e237feeb8b8664277b7462e5ba08b34e6e35df1c072b22c2ae,2100ad81652c99eb949a16ab2072e8fd2103fdc3272ea793198c8bd950964ffb,6c615eb18c26d818a775fa8229c51a8484d16311ce07bc0acbc6af44af030dd3,9ad14b90ecdd1c3d6b6138bd902ff691b1d70586338710e568e29257a5dd1b01
flores:ell_Grek,ell_Grek,ell,Grek,DIRECT_ALIGNED_BENCHMARK,EXACT_LANGUAGE_VARIETY_SCRIPT,1012,6ae11eae5bfb61e237feeb8b8664277b7462e5ba08b34e6e35df1c072b22c2ae,e227f4848c53924a47b444292cf0225b1977edc222bef25375aab5e2ff6b8ff6,161d08c56701dfd0ba770f8a59421f49cb32babc7f8f4ba390e092c09d3bd2fb,9ad14b90ecdd1c3d6b6138bd902ff691b1d70586338710e568e29257a5dd1b01
flores:epo_Latn,epo_Latn,epo,Latn,DIRECT_ALIGNED_BENCHMARK,EXACT_LANGUAGE_VARIETY_SCRIPT,1012,6ae11eae5bfb61e237feeb8b8664277b7462e5ba08b34e6e35df1c072b22c2ae,b12b0bd527dccdd3b6d99d92afc2fcf600d917f29ac531d055ff423f3aebd448,769c93736684d89f6bedae981376626e0f3e2e6541118a7b05fa24351f178a05,9ad14b90ecdd1c3d6b6138bd902ff691b1d70586338710e568e29257a5dd1b01
flores:est_Latn,est_Latn,est,Latn,DIRECT_ALIGNED_BENCHMARK,EXACT_LANGUAGE_VARIETY_SCRIPT,1012,6ae11eae5bfb61e237feeb8b8664277b7462e5ba08b34e6e35df1c072b22c2ae,42b129811804d4baf32a60e8246a41c3701bcf28a2e381206fff5b5724dc2843,039f9ae148d494919465f89b58d07d485b1731a46911e2ddaa77c9b64df45d84,9ad14b90ecdd1c3d6b6138bd902ff691b1d70586338710e568e29257a5dd1b01
flores:eus_Latn,eus_Latn,eus,Latn,DIRECT_ALIGNED_BENCHMARK,EXACT_LANGUAGE_VARIETY_SCRIPT,1012,6ae11eae5bfb61e237feeb8b8664277b7462e5ba08b34e6e35df1c072b22c2ae,33e68557aceca97158dd38e4456c35e25b3c03b47dbce7dfffa3edb292342ff9,86f23a6a5a424df3085533a244cf583c24e9256ce086121d739db3ef9614d2b2,9ad14b90ecdd1c3d6b6138bd902ff691b1d70586338710e568e29257a5dd1b01
flores:ewe_Latn,ewe_Latn,ewe,Latn,DIRECT_ALIGNED_BENCHMARK,EXACT_LANGUAGE_VARIETY_SCRIPT,1012,6ae11eae5bfb61e237feeb8b8664277b7462e5ba08b34e6e35df1c072b22c2ae,c60e2c1103fc37979f2710c734279ab6d17f653ba722ee54d50092d38c721069,a809331f34a6450befa007411b33ed6d8f1aae30377e7e5dc747dea4ed53d2cb,9ad14b90ecdd1c3d6b6138bd902ff691b1d70586338710e568e29257a5dd1b01
flores:fao_Latn,fao_Latn,fao,Latn,DIRECT_ALIGNED_BENCHMARK,EXACT_LANGUAGE_VARIETY_SCRIPT,1012,6ae11eae5bfb61e237feeb8b8664277b7462e5ba08b34e6e35df1c072b22c2ae,c1319cb80445e56142f7cec67d0ac5ed7794a4f8c5c6d9dd8ff6509d4000defc,ae3b038db634e52b4f0dc2443747e8e1a1d9c5303ba248caaf3dd08864b35f99,9ad14b90ecdd1c3d6b6138bd902ff691b1d70586338710e568e29257a5dd1b01
flores:fij_Latn,fij_Latn,fij,Latn,DIRECT_ALIGNED_BENCHMARK,EXACT_LANGUAGE_VARIETY_SCRIPT,1012,6ae11eae5bfb61e237feeb8b8664277b7462e5ba08b34e6e35df1c072b22c2ae,4f2621f8441868d9ec87f746f10f923bd652730344681830f495b6977e905661,5cbc5b941518ce4cec0e80896b0d85e23eeedc1a232c6292147e225220869c00,9ad14b90ecdd1c3d6b6138bd902ff691b1d70586338710e568e29257a5dd1b01
flores:fin_Latn,fin_Latn,fin,Latn,DIRECT_ALIGNED_BENCHMARK,EXACT_LANGUAGE_VARIETY_SCRIPT,1012,6ae11eae5bfb61e237feeb8b8664277b7462e5ba08b34e6e35df1c072b22c2ae,008affdc0654c8a1446eaca0a313ecb84563841731c2321c1c0fc86581c928e5,4c69d11cd68fe69d0dbae0a9a96dea83995049e7f6fbeeae06e7aa2566ef0a87,9ad14b90ecdd1c3d6b6138bd902ff691b1d70586338710e568e29257a5dd1b01
flores:fon_Latn,fon_Latn,fon,Latn,DIRECT_ALIGNED_BENCHMARK,EXACT_LANGUAGE_VARIETY_SCRIPT,1012,6ae11eae5bfb61e237feeb8b8664277b7462e5ba08b34e6e35df1c072b22c2ae,2bb59ac289feddb9236a30d3d93d1bf2a90a1c7749a57c12d2e4080eaec7320e,81de13fbfe187b282dd5356974f56097a26cd39f96b76ff8212e8226eb0387cb,9ad14b90ecdd1c3d6b6138bd902ff691b1d70586338710e568e29257a5dd1b01
flores:fra_Latn,fra_Latn,fra,Latn,DIRECT_ALIGNED_BENCHMARK,EXACT_LANGUAGE_VARIETY_SCRIPT,1012,6ae11eae5bfb61e237feeb8b8664277b7462e5ba08b34e6e35df1c072b22c2ae,2e41b76d94d84921d0af85c37f5fa75c90cff8ed8f2beb3e70df7180da178092,b5e5bc78b023c453fc4a81853e79d5db4c0e9edb63191560dd9a79dabea30c10,9ad14b90ecdd1c3d6b6138bd902ff691b1d70586338710e568e29257a5dd1b01
flores:fur_Latn,fur_Latn,fur,Latn,DIRECT_ALIGNED_BENCHMARK,EXACT_LANGUAGE_VARIETY_SCRIPT,1012,6ae11eae5bfb61e237feeb8b8664277b7462e5ba08b34e6e35df1c072b22c2ae,704d5cfa79c2ffe4bae2bdc4b723b343e996660440f80e8cacdfb35810eeacb7,67f7bc782bbe56adf81dfc7735a08d6a2e6a905ca8f4a4ab4d9c55016701d4bb,9ad14b90ecdd1c3d6b6138bd902ff691b1d70586338710e568e29257a5dd1b01
flores:fuv_Latn,fuv_Latn,fuv,Latn,DIRECT_ALIGNED_BENCHMARK,EXACT_LANGUAGE_VARIETY_SCRIPT,1012,6ae11eae5bfb61e237feeb8b8664277b7462e5ba08b34e6e35df1c072b22c2ae,1f22030c89c6c713604c1d6587cb6e37282254c8c5d75386c0ef891c060458b4,a4bcaa2ee7122fd2a9ee5678b507cfa72ff4e41d8be378bc60491ce7fb9c4185,9ad14b90ecdd1c3d6b6138bd902ff691b1d70586338710e568e29257a5dd1b01
flores:gaz_Latn,gaz_Latn,gaz,Latn,DIRECT_ALIGNED_BENCHMARK,EXACT_LANGUAGE_VARIETY_SCRIPT,1012,6ae11eae5bfb61e237feeb8b8664277b7462e5ba08b34e6e35df1c072b22c2ae,94d12478226fdea14cdcd57968f6720ca48a1ba2654a950f088c0c64a8e4cb6a,848151905e863eb53f0a5eee90e6895f03a6968351e5146cea07d89266bf58c0,9ad14b90ecdd1c3d6b6138bd902ff691b1d70586338710e568e29257a5dd1b01
flores:gla_Latn,gla_Latn,gla,Latn,DIRECT_ALIGNED_BENCHMARK,EXACT_LANGUAGE_VARIETY_SCRIPT,1012,6ae11eae5bfb61e237feeb8b8664277b7462e5ba08b34e6e35df1c072b22c2ae,03ec6980ea1565c05d6401a1fd504b8af8d0e374b6292ce43d1f30859646d39e,1d496565adaae87448defe5260f79a0ea84b38b723a32f124c7aac77bab81471,9ad14b90ecdd1c3d6b6138bd902ff691b1d70586338710e568e29257a5dd1b01
flores:gle_Latn,gle_Latn,gle,Latn,DIRECT_ALIGNED_BENCHMARK,EXACT_LANGUAGE_VARIETY_SCRIPT,1012,6ae11eae5bfb61e237feeb8b8664277b7462e5ba08b34e6e35df1c072b22c2ae,2209f8ed8892ca5330ab86259114617cb30a51369671d6d6e12b98f936479bf0,4dd001ed95f9111cc06b4d6659a67f395472984e974d7a36a0559b1515ff9843,9ad14b90ecdd1c3d6b6138bd902ff691b1d70586338710e568e29257a5dd1b01
flores:glg_Latn,glg_Latn,glg,Latn,DIRECT_ALIGNED_BENCHMARK,EXACT_LANGUAGE_VARIETY_SCRIPT,1012,6ae11eae5bfb61e237feeb8b8664277b7462e5ba08b34e6e35df1c072b22c2ae,9d10acd1064019026c3a4a49275fffae4f4badbbf9228230e05d8cf8807c9fa5,dbea89e141fb76dcfd999a7b633e6c5a29c42440b40c04813480bd29e09dabb6,9ad14b90ecdd1c3d6b6138bd902ff691b1d70586338710e568e29257a5dd1b01
flores:grn_Latn,grn_Latn,grn,Latn,DIRECT_ALIGNED_BENCHMARK,EXACT_LANGUAGE_VARIETY_SCRIPT,1012,6ae11eae5bfb61e237feeb8b8664277b7462e5ba08b34e6e35df1c072b22c2ae,3bcc502a11c39cbdc5117bc6430dde66d261fdb9b97a03220362332198fdf2c8,2fc3ab22a55cade5090b69a849ff229358b34054fd508fd2412729a4a8fb9aa3,9ad14b90ecdd1c3d6b6138bd902ff691b1d70586338710e568e29257a5dd1b01
flores:guj_Gujr,guj_Gujr,guj,Gujr,DIRECT_ALIGNED_BENCHMARK,EXACT_LANGUAGE_VARIETY_SCRIPT,1012,6ae11eae5bfb61e237feeb8b8664277b7462e5ba08b34e6e35df1c072b22c2ae,99b254be635e337a78d0b774d7068726249035f7a93a5cfb996c50eac229bbe1,29efaaaf8904e87b2a57502c8243efcc6036a1eb468585f74a5cd9e5d9b887a8,9ad14b90ecdd1c3d6b6138bd902ff691b1d70586338710e568e29257a5dd1b01
flores:hat_Latn,hat_Latn,hat,Latn,DIRECT_ALIGNED_BENCHMARK,EXACT_LANGUAGE_VARIETY_SCRIPT,1012,6ae11eae5bfb61e237feeb8b8664277b7462e5ba08b34e6e35df1c072b22c2ae,99fb17fde6842458a2152dcb0dec2ec54dc0107ce52f75fd40e0d8231dad05bf,3ae10c28e86e419cfb5167d658fe61a07c5e0cdda781189d647f202ee11c21ee,9ad14b90ecdd1c3d6b6138bd902ff691b1d70586338710e568e29257a5dd1b01
flores:hau_Latn,hau_Latn,hau,Latn,DIRECT_ALIGNED_BENCHMARK,EXACT_LANGUAGE_VARIETY_SCRIPT,1012,6ae11eae5bfb61e237feeb8b8664277b7462e5ba08b34e6e35df1c072b22c2ae,f6490f0a32fa5d1abc9b5565191d62026c902d33131866bdecfd5458432b4108,d0fde7506ce8c6b1e6511b3701cd63cccdf86198e4db1d061558e97c3969126b,9ad14b90ecdd1c3d6b6138bd902ff691b1d70586338710e568e29257a5dd1b01
flores:heb_Hebr,heb_Hebr,heb,Hebr,DIRECT_ALIGNED_BENCHMARK,EXACT_LANGUAGE_VARIETY_SCRIPT,1012,6ae11eae5bfb61e237feeb8b8664277b7462e5ba08b34e6e35df1c072b22c2ae,0411798fae7d563f9c9bcaaa293a1d96375cccf122422f4d9cae1700b8cfa502,1e95f273580967f06174ac3445647451ebbcee506977522ef0b3a2d2ba8d3d57,9ad14b90ecdd1c3d6b6138bd902ff691b1d70586338710e568e29257a5dd1b01
flores:hin_Deva,hin_Deva,hin,Deva,DIRECT_ALIGNED_BENCHMARK,EXACT_LANGUAGE_VARIETY_SCRIPT,1012,6ae11eae5bfb61e237feeb8b8664277b7462e5ba08b34e6e35df1c072b22c2ae,a7f591b80bb9ad9dccb1ab551235ad52f7e0d14af579096d48baa09450114229,5b4124ffb75b6481aa4e098fdd0dd37ea50e215cb49fe32206b92dd3771d54c4,9ad14b90ecdd1c3d6b6138bd902ff691b1d70586338710e568e29257a5dd1b01
flores:hne_Deva,hne_Deva,hne,Deva,DIRECT_ALIGNED_BENCHMARK,EXACT_LANGUAGE_VARIETY_SCRIPT,1012,6ae11eae5bfb61e237feeb8b8664277b7462e5ba08b34e6e35df1c072b22c2ae,d0eb3711af583117cf6ea720df27b867417bb9c23c48aaa5ef96418679ad7521,a6d520b42756eebf93f0ef36ecb27cd542162f526c97d3a4435d77632dbceb2f,9ad14b90ecdd1c3d6b6138bd902ff691b1d70586338710e568e29257a5dd1b01
flores:hrv_Latn,hrv_Latn,hrv,Latn,DIRECT_ALIGNED_BENCHMARK,EXACT_LANGUAGE_VARIETY_SCRIPT,1012,6ae11eae5bfb61e237feeb8b8664277b7462e5ba08b34e6e35df1c072b22c2ae,a3019a94eb7faa3734614d5683ba72c69868061b0235ed986582988747d736c9,8b33c90ada8e32ef9a8741c463b1018bc15ee0cdfc4e3a82584fd1330203cc27,9ad14b90ecdd1c3d6b6138bd902ff691b1d70586338710e568e29257a5dd1b01
flores:hun_Latn,hun_Latn,hun,Latn,DIRECT_ALIGNED_BENCHMARK,EXACT_LANGUAGE_VARIETY_SCRIPT,1012,6ae11eae5bfb61e237feeb8b8664277b7462e5ba08b34e6e35df1c072b22c2ae,8e7dfb37f742e429a6b8f876167edb9e6ca01bfcf5ed57f10f7010e18677123f,cf351cd6654a8386e84293ff6e01a0923ed28c00ebe367a734c7a3f29946ad26,9ad14b90ecdd1c3d6b6138bd902ff691b1d70586338710e568e29257a5dd1b01
flores:hye_Armn,hye_Armn,hye,Armn,DIRECT_ALIGNED_BENCHMARK,EXACT_LANGUAGE_VARIETY_SCRIPT,1012,6ae11eae5bfb61e237feeb8b8664277b7462e5ba08b34e6e35df1c072b22c2ae,6908d9540125ce96efdefebb79e17b4a332fb9bc8f1c00a20dcf8b81c5dc170b,16401d5ade15c995ac3dc58a68dd25df7d93550c2608430209ad9d7bc069bea5,9ad14b90ecdd1c3d6b6138bd902ff691b1d70586338710e568e29257a5dd1b01
flores:ibo_Latn,ibo_Latn,ibo,Latn,DIRECT_ALIGNED_BENCHMARK,EXACT_LANGUAGE_VARIETY_SCRIPT,1012,6ae11eae5bfb61e237feeb8b8664277b7462e5ba08b34e6e35df1c072b22c2ae,101832af83255631d6643f03728616b4b58ee7433036c2d4b1cb1ec82783fcc4,158d58fe3b455a2265aeb1288a5ffdc6bbf975eab4b62f4c8ff90581bc71ed91,9ad14b90ecdd1c3d6b6138bd902ff691b1d70586338710e568e29257a5dd1b01
flores:ilo_Latn,ilo_Latn,ilo,Latn,DIRECT_ALIGNED_BENCHMARK,EXACT_LANGUAGE_VARIETY_SCRIPT,1012,6ae11eae5bfb61e237feeb8b8664277b7462e5ba08b34e6e35df1c072b22c2ae,dff416b632b57d470f80d7143fedda635d3d28269582cd69a22216b5fcf116f2,ac952d748d960e2c5c538ec2ab692339ea7f82949232095434c464ff3c1566b2,9ad14b90ecdd1c3d6b6138bd902ff691b1d70586338710e568e29257a5dd1b01
flores:ind_Latn,ind_Latn,ind,Latn,DIRECT_ALIGNED_BENCHMARK,EXACT_LANGUAGE_VARIETY_SCRIPT,1012,6ae11eae5bfb61e237feeb8b8664277b7462e5ba08b34e6e35df1c072b22c2ae,63a07e8c5fe34618e0fa148dabe78032d194e276d136ab2ad86a490de547ddb0,9668e5f7e532d15eea075b7c03d89473444c5ede41efd9cc3bdda935667bc743,9ad14b90ecdd1c3d6b6138bd902ff691b1d70586338710e568e29257a5dd1b01
flores:isl_Latn,isl_Latn,isl,Latn,DIRECT_ALIGNED_BENCHMARK,EXACT_LANGUAGE_VARIETY_SCRIPT,1012,6ae11eae5bfb61e237feeb8b8664277b7462e5ba08b34e6e35df1c072b22c2ae,38e8beab6bbfbcb62e651d7c089b04e29e8bdaccbe192cef06b7e4d410f66d5b,b59e70965bdc3641492382b4ceaba2d0300c900d1dceebb69d1136a9cd036a55,9ad14b90ecdd1c3d6b6138bd902ff691b1d70586338710e568e29257a5dd1b01
flores:ita_Latn,ita_Latn,ita,Latn,DIRECT_ALIGNED_BENCHMARK,EXACT_LANGUAGE_VARIETY_SCRIPT,1012,6ae11eae5bfb61e237feeb8b8664277b7462e5ba08b34e6e35df1c072b22c2ae,f725556632f5f139eb2e8a31b279f01153574d5af613f31620d17d8ca6d59757,1aa4fba97398f9d89c22a26836e57ed90e15190011282883bf430f5034ba632c,9ad14b90ecdd1c3d6b6138bd902ff691b1d70586338710e568e29257a5dd1b01
flores:jav_Latn,jav_Latn,jav,Latn,DIRECT_ALIGNED_BENCHMARK,EXACT_LANGUAGE_VARIETY_SCRIPT,1012,6ae11eae5bfb61e237feeb8b8664277b7462e5ba08b34e6e35df1c072b22c2ae,671a11f00b097ae23942571059734748dbaa678c5bb44001bb31dd814ce4ea3b,3e2b581df5d96f948082a4077ad164c4c636014fc017670c0e2030134ac12f6a,9ad14b90ecdd1c3d6b6138bd902ff691b1d70586338710e568e29257a5dd1b01
flores:jpn_Jpan,jpn_Jpan,jpn,Jpan,DIRECT_ALIGNED_BENCHMARK,EXACT_LANGUAGE_VARIETY_SCRIPT,1012,6ae11eae5bfb61e237feeb8b8664277b7462e5ba08b34e6e35df1c072b22c2ae,6d8ee2d3f23e2d6c2531d0efecfdff32aca4002eaa0725e981869d7f9f2225a8,b02c387d6bfc897c30e8222fc6b386448b0c045a90904808e979da4a305e137b,9ad14b90ecdd1c3d6b6138bd902ff691b1d70586338710e568e29257a5dd1b01
flores:kab_Latn,kab_Latn,kab,Latn,DIRECT_ALIGNED_BENCHMARK,EXACT_LANGUAGE_VARIETY_SCRIPT,1012,6ae11eae5bfb61e237feeb8b8664277b7462e5ba08b34e6e35df1c072b22c2ae,1d759724f1efb9244fe19b9f33f1aac4342ba86e2a8e5c09ebdb61e8bdcd59fd,be53c8253dcccb86e30b07b51691e2c33736f2a15f3e919b4c30f37fb75d2512,9ad14b90ecdd1c3d6b6138bd902ff691b1d70586338710e568e29257a5dd1b01
flores:kac_Latn,kac_Latn,kac,Latn,DIRECT_ALIGNED_BENCHMARK,EXACT_LANGUAGE_VARIETY_SCRIPT,1012,6ae11eae5bfb61e237feeb8b8664277b7462e5ba08b34e6e35df1c072b22c2ae,87ca152dbc15bc54dff2674d8ea8aa8162aa3e459abf323e10e08bd6e1f7ad93,3f61b2025ce2b220d0887f765a9cd2607bd1e54f616186a0b28582325b0a00d1,9ad14b90ecdd1c3d6b6138bd902ff691b1d70586338710e568e29257a5dd1b01
flores:kam_Latn,kam_Latn,kam,Latn,DIRECT_ALIGNED_BENCHMARK,EXACT_LANGUAGE_VARIETY_SCRIPT,1012,6ae11eae5bfb61e237feeb8b8664277b7462e5ba08b34e6e35df1c072b22c2ae,5d46236036a632227de69ea9ad6c190a6cbf01db14fff28224811a54fc47dc5d,ec6e0b54dab2eff3d78e41aa67891999d13baeb66d00449038f9bb48f9222e4c,9ad14b90ecdd1c3d6b6138bd902ff691b1d70586338710e568e29257a5dd1b01
flores:kan_Knda,kan_Knda,kan,Knda,DIRECT_ALIGNED_BENCHMARK,EXACT_LANGUAGE_VARIETY_SCRIPT,1012,6ae11eae5bfb61e237feeb8b8664277b7462e5ba08b34e6e35df1c072b22c2ae,4e66d174efd94c9f4a03d5ebe1c624fd50b7a4ceec04d99c09ee90ccf2edbdc6,a67192b31e1bb2733f91ab8fa6115d0b579a998597303ac2a3360e84c0620631,9ad14b90ecdd1c3d6b6138bd902ff691b1d70586338710e568e29257a5dd1b01
flores:kas_Arab,kas_Arab,kas,Arab,DIRECT_ALIGNED_BENCHMARK,EXACT_LANGUAGE_VARIETY_SCRIPT,1012,6ae11eae5bfb61e237feeb8b8664277b7462e5ba08b34e6e35df1c072b22c2ae,23518979be109fe3d7d01f933dbdf084f6761c1508027dc50f307687ff8114c3,9525f28310d1642cf1c46c1553d69250580939f4fb17c9d1e1c0848a1d3a2e18,9ad14b90ecdd1c3d6b6138bd902ff691b1d70586338710e568e29257a5dd1b01
flores:kas_Deva,kas_Deva,kas,Deva,DIRECT_ALIGNED_BENCHMARK,EXACT_LANGUAGE_VARIETY_SCRIPT,1012,6ae11eae5bfb61e237feeb8b8664277b7462e5ba08b34e6e35df1c072b22c2ae,f848215f74735070c12e8bc23f4ff4a6dd86bedab9d6b92060689976f2e2a731,88988242dba36980ddc9be3872ea3668461a2cca85ac270ba24a1e060d8f4c28,9ad14b90ecdd1c3d6b6138bd902ff691b1d70586338710e568e29257a5dd1b01
flores:kat_Geor,kat_Geor,kat,Geor,DIRECT_ALIGNED_BENCHMARK,EXACT_LANGUAGE_VARIETY_SCRIPT,1012,6ae11eae5bfb61e237feeb8b8664277b7462e5ba08b34e6e35df1c072b22c2ae,4f5932a1441fecbcea2d000715ff25a929973f44f2c181cfe9ad60eeb41a0bf9,99bfffcb4a5d2f8ba1195a809e465a2f4451ae5efd0f4c9b3503fd3453424e7e,9ad14b90ecdd1c3d6b6138bd902ff691b1d70586338710e568e29257a5dd1b01
flores:kaz_Cyrl,kaz_Cyrl,kaz,Cyrl,DIRECT_ALIGNED_BENCHMARK,EXACT_LANGUAGE_VARIETY_SCRIPT,1012,6ae11eae5bfb61e237feeb8b8664277b7462e5ba08b34e6e35df1c072b22c2ae,46c1de160840c4c066d6fb7149fa82a04f4aa6cd6f08ec15e181aa3ab0017b8f,cbde7572fdadc9ccb6088591e52d2442e50be9d350e774ead8c39e7f53cf8514,9ad14b90ecdd1c3d6b6138bd902ff691b1d70586338710e568e29257a5dd1b01
flores:kbp_Latn,kbp_Latn,kbp,Latn,DIRECT_ALIGNED_BENCHMARK,EXACT_LANGUAGE_VARIETY_SCRIPT,1012,6ae11eae5bfb61e237feeb8b8664277b7462e5ba08b34e6e35df1c072b22c2ae,8519ab20e318d2bf6d0fb20df73945bdb68d68d51363560dabf221de830648ed,74e75d3cf421eed24e61f24d3382c812f8b9b5771f1c22a531973b6c2b99b4e2,9ad14b90ecdd1c3d6b6138bd902ff691b1d70586338710e568e29257a5dd1b01
flores:kea_Latn,kea_Latn,kea,Latn,DIRECT_ALIGNED_BENCHMARK,EXACT_LANGUAGE_VARIETY_SCRIPT,1012,6ae11eae5bfb61e237feeb8b8664277b7462e5ba08b34e6e35df1c072b22c2ae,bf9dac62152b347d84a026ac8d80276181043f166634a2ddb75b5f055b8473a7,01a8a4119fef5e3d6ecdad131de068fd89d8e9b3946507123db1d4a420787479,9ad14b90ecdd1c3d6b6138bd902ff691b1d70586338710e568e29257a5dd1b01
flores:khk_Cyrl,khk_Cyrl,khk,Cyrl,DIRECT_ALIGNED_BENCHMARK,EXACT_LANGUAGE_VARIETY_SCRIPT,1012,6ae11eae5bfb61e237feeb8b8664277b7462e5ba08b34e6e35df1c072b22c2ae,f98ce441d51238d466c336c65c9238e2b283c078838df623c5ea07e789ebd4f3,07f24e0943faedea0fdc7e7d42a3c835665fdc5705bc7f42e7cfba16c10a1af0,9ad14b90ecdd1c3d6b6138bd902ff691b1d70586338710e568e29257a5dd1b01
flores:khm_Khmr,khm_Khmr,khm,Khmr,DIRECT_ALIGNED_BENCHMARK,EXACT_LANGUAGE_VARIETY_SCRIPT,1012,6ae11eae5bfb61e237feeb8b8664277b7462e5ba08b34e6e35df1c072b22c2ae,aeaec7c74438595c314db0d7798b053d43a2e09f2bb3d91882ff6cb1c35a0caf,9235bf2f9a345e33cd7f1201b262efe6dfd870fcd66515486d5e6071c935ff62,9ad14b90ecdd1c3d6b6138bd902ff691b1d70586338710e568e29257a5dd1b01
flores:kik_Latn,kik_Latn,kik,Latn,DIRECT_ALIGNED_BENCHMARK,EXACT_LANGUAGE_VARIETY_SCRIPT,1012,6ae11eae5bfb61e237feeb8b8664277b7462e5ba08b34e6e35df1c072b22c2ae,1a763483f21cc05d29e4d5ca3f89082f54fbf804018069058005ef6766ebd2f4,dc5890b3b9f645d1a8630a2b0f74377f6ff92fe6541085792e96e25e0a08cf14,9ad14b90ecdd1c3d6b6138bd902ff691b1d70586338710e568e29257a5dd1b01
flores:kin_Latn,kin_Latn,kin,Latn,DIRECT_ALIGNED_BENCHMARK,EXACT_LANGUAGE_VARIETY_SCRIPT,1012,6ae11eae5bfb61e237feeb8b8664277b7462e5ba08b34e6e35df1c072b22c2ae,2a0263cbab2dcb90d68752a11f9f1217b31c27fff381eec70dfa5e53060d3dfd,7140f33032c63839d278e7da2c13c193bba3b0973c9d86b6687502b48d6e5193,9ad14b90ecdd1c3d6b6138bd902ff691b1d70586338710e568e29257a5dd1b01
flores:kir_Cyrl,kir_Cyrl,kir,Cyrl,DIRECT_ALIGNED_BENCHMARK,EXACT_LANGUAGE_VARIETY_SCRIPT,1012,6ae11eae5bfb61e237feeb8b8664277b7462e5ba08b34e6e35df1c072b22c2ae,704d1cb69f4015a82ff033fcacf7eafaf1b993d12d205499b8c033375695d224,6f4b11355c17fabaf9980971501e9b759ce183a362ee9e4afbe0affd59d0dc64,9ad14b90ecdd1c3d6b6138bd902ff691b1d70586338710e568e29257a5dd1b01
flores:kmb_Latn,kmb_Latn,kmb,Latn,DIRECT_ALIGNED_BENCHMARK,EXACT_LANGUAGE_VARIETY_SCRIPT,1012,6ae11eae5bfb61e237feeb8b8664277b7462e5ba08b34e6e35df1c072b22c2ae,6b8d8cc864255cdfb5de12336d63219566fec482b9f208ccd8f41e61a75a3b9f,88ec6b51bc3dc755b99cf97201ffd8e00c1ce393536f33b8e0f937fb3c843489,9ad14b90ecdd1c3d6b6138bd902ff691b1d70586338710e568e29257a5dd1b01
flores:kmr_Latn,kmr_Latn,kmr,Latn,DIRECT_ALIGNED_BENCHMARK,EXACT_LANGUAGE_VARIETY_SCRIPT,1012,6ae11eae5bfb61e237feeb8b8664277b7462e5ba08b34e6e35df1c072b22c2ae,fbaccfd6e768e6b0e6af1587e1e39339299cac24c292995dac74364d326aff09,76d2ca7644f9f4120869a809d5816b68991f80015492617d0170b038f8124223,9ad14b90ecdd1c3d6b6138bd902ff691b1d70586338710e568e29257a5dd1b01
flores:knc_Arab,knc_Arab,knc,Arab,DIRECT_ALIGNED_BENCHMARK,EXACT_LANGUAGE_VARIETY_SCRIPT,1012,6ae11eae5bfb61e237feeb8b8664277b7462e5ba08b34e6e35df1c072b22c2ae,f8c1be8d021186b6128066b57b9ff3e1b09c3161b16d60931146f60568f65dad,385d7896807d8fd2ea9ff52af8036c7e3018d1d2f962b70f3b3a224bbbe39e54,9ad14b90ecdd1c3d6b6138bd902ff691b1d70586338710e568e29257a5dd1b01
flores:knc_Latn,knc_Latn,knc,Latn,DIRECT_ALIGNED_BENCHMARK,EXACT_LANGUAGE_VARIETY_SCRIPT,1012,6ae11eae5bfb61e237feeb8b8664277b7462e5ba08b34e6e35df1c072b22c2ae,211d3c0fe96252bfd31c2ff1e74ed5afc598420ce7ce5415c75e72607423256c,4d259558455936029281712c2fbdfc21e5cd896d1110e281160b57ed1fa23256,9ad14b90ecdd1c3d6b6138bd902ff691b1d70586338710e568e29257a5dd1b01
flores:kon_Latn,kon_Latn,kon,Latn,DIRECT_ALIGNED_BENCHMARK,EXACT_LANGUAGE_VARIETY_SCRIPT,1012,6ae11eae5bfb61e237feeb8b8664277b7462e5ba08b34e6e35df1c072b22c2ae,b0c3b287af7e4bf29adfb582840cf76cf5d1374f4c4b7b8e4dca1c397b6b3f9e,8e0be537e63a667ef3c97a4d5773aa950c556f5a81140d012732b7fae94ca6f5,9ad14b90ecdd1c3d6b6138bd902ff691b1d70586338710e568e29257a5dd1b01
flores:kor_Hang,kor_Hang,kor,Hang,DIRECT_ALIGNED_BENCHMARK,EXACT_LANGUAGE_VARIETY_SCRIPT,1012,6ae11eae5bfb61e237feeb8b8664277b7462e5ba08b34e6e35df1c072b22c2ae,849db6939b4288811ae7700c1c32854138bfd42a56ba253247f8d20c4210b25c,661f6cd3e77b2eabb7c8b2eba886a883da8c10a381ab65dab290879782b8f84e,9ad14b90ecdd1c3d6b6138bd902ff691b1d70586338710e568e29257a5dd1b01
flores:lao_Laoo,lao_Laoo,lao,Laoo,DIRECT_ALIGNED_BENCHMARK,EXACT_LANGUAGE_VARIETY_SCRIPT,1012,6ae11eae5bfb61e237feeb8b8664277b7462e5ba08b34e6e35df1c072b22c2ae,18c850179e05cd339fc8475e070a204181aafa233617f008d2203b092962d9d9,8d64f49ed2fd896181a83094f8653c5635ba401d6011004d871b9034b868dc69,9ad14b90ecdd1c3d6b6138bd902ff691b1d70586338710e568e29257a5dd1b01
flores:lij_Latn,lij_Latn,lij,Latn,DIRECT_ALIGNED_BENCHMARK,EXACT_LANGUAGE_VARIETY_SCRIPT,1012,6ae11eae5bfb61e237feeb8b8664277b7462e5ba08b34e6e35df1c072b22c2ae,141bd23358a0ed3dc63f4d460aec96865005d4eef524b5a26a67c760d59be239,a1ff5ee6213018df9e11bb00ffb34fe3f16dcb88eb29bdfda06c9096e034cefd,9ad14b90ecdd1c3d6b6138bd902ff691b1d70586338710e568e29257a5dd1b01
flores:lim_Latn,lim_Latn,lim,Latn,DIRECT_ALIGNED_BENCHMARK,EXACT_LANGUAGE_VARIETY_SCRIPT,1012,6ae11eae5bfb61e237feeb8b8664277b7462e5ba08b34e6e35df1c072b22c2ae,413b53e283a955f604b1601361b90446dd9439f0bb1554fd0028cc2db8102f75,64598e166e71a6e2b87ddee63866556e9d8fe2166aaf32ac2f3adc608d997cec,9ad14b90ecdd1c3d6b6138bd902ff691b1d70586338710e568e29257a5dd1b01
flores:lin_Latn,lin_Latn,lin,Latn,DIRECT_ALIGNED_BENCHMARK,EXACT_LANGUAGE_VARIETY_SCRIPT,1012,6ae11eae5bfb61e237feeb8b8664277b7462e5ba08b34e6e35df1c072b22c2ae,4acdba53707c73cdce78ee4d422c5a5334d85669487d11e8496cd915970e4a9d,0cb60037eae2775c00cb1a64eaaeaad2b96af55b3a7a1b213f6577593e570d0a,9ad14b90ecdd1c3d6b6138bd902ff691b1d70586338710e568e29257a5dd1b01
flores:lit_Latn,lit_Latn,lit,Latn,DIRECT_ALIGNED_BENCHMARK,EXACT_LANGUAGE_VARIETY_SCRIPT,1012,6ae11eae5bfb61e237feeb8b8664277b7462e5ba08b34e6e35df1c072b22c2ae,a5ef1c3e547cb5d2edadae3f880db762ce534a69f812f097441bfa560340f246,d0ea9e6d6dccc63c6d7e09948afd6d9fd6ac844ded14b943d80c6febd4b4a879,9ad14b90ecdd1c3d6b6138bd902ff691b1d70586338710e568e29257a5dd1b01
flores:lmo_Latn,lmo_Latn,lmo,Latn,DIRECT_ALIGNED_BENCHMARK,EXACT_LANGUAGE_VARIETY_SCRIPT,1012,6ae11eae5bfb61e237feeb8b8664277b7462e5ba08b34e6e35df1c072b22c2ae,8386bffeb450a06be2e711c99af56361929cecdb860d91c1f589f3653b6961d6,cc4ec61d19591940442d7f0f21dbe16d4d975aee7459f11d93110821e1d05e4a,9ad14b90ecdd1c3d6b6138bd902ff691b1d70586338710e568e29257a5dd1b01
flores:ltg_Latn,ltg_Latn,ltg,Latn,DIRECT_ALIGNED_BENCHMARK,EXACT_LANGUAGE_VARIETY_SCRIPT,1012,6ae11eae5bfb61e237feeb8b8664277b7462e5ba08b34e6e35df1c072b22c2ae,8dc465d84c6b52e6dba08d3f3723f9d29475ca1b56a18eb85c9e657954e45ae7,270987411af217d180834d3730fa17ce8e3e81085ca6d9041c786ab60e9b25f9,9ad14b90ecdd1c3d6b6138bd902ff691b1d70586338710e568e29257a5dd1b01
flores:ltz_Latn,ltz_Latn,ltz,Latn,DIRECT_ALIGNED_BENCHMARK,EXACT_LANGUAGE_VARIETY_SCRIPT,1012,6ae11eae5bfb61e237feeb8b8664277b7462e5ba08b34e6e35df1c072b22c2ae,9f23497c49f941996117235d910a955ee57ea2a613ab75cbc24651373ad45b54,7c636eefe4b19d66a70992aebd9ec69fa6088ac1bc17dd8d86142b6f69104928,9ad14b90ecdd1c3d6b6138bd902ff691b1d70586338710e568e29257a5dd1b01
flores:lua_Latn,lua_Latn,lua,Latn,DIRECT_ALIGNED_BENCHMARK,EXACT_LANGUAGE_VARIETY_SCRIPT,1012,6ae11eae5bfb61e237feeb8b8664277b7462e5ba08b34e6e35df1c072b22c2ae,15b2c1427a0d795eb804ff41d8b26778f5cd076a4f292574c3222aa16005c2ff,0ecdaef2d552a5a6f7ac2c84668f6fcb190755ef6c83efacb502a244976bb950,9ad14b90ecdd1c3d6b6138bd902ff691b1d70586338710e568e29257a5dd1b01
flores:lug_Latn,lug_Latn,lug,Latn,DIRECT_ALIGNED_BENCHMARK,EXACT_LANGUAGE_VARIETY_SCRIPT,1012,6ae11eae5bfb61e237feeb8b8664277b7462e5ba08b34e6e35df1c072b22c2ae,df49efc62e9a4418ea587d82fff52fca10038b649c44e1d06c15209aa50189c5,6541dfe78a5f7dee24c557a69ea1cd2ff5b9bc39165a5503f30c2431b3a44959,9ad14b90ecdd1c3d6b6138bd902ff691b1d70586338710e568e29257a5dd1b01
flores:luo_Latn,luo_Latn,luo,Latn,DIRECT_ALIGNED_BENCHMARK,EXACT_LANGUAGE_VARIETY_SCRIPT,1012,6ae11eae5bfb61e237feeb8b8664277b7462e5ba08b34e6e35df1c072b22c2ae,e92854e91ac6325a3663c42a9227e5858f4088723b5a1f6d1177a4fb781f743d,8d24cc88c28ad559a64f5bf20a1a9a5b2bd117f693878781a654ff7eee14db5b,9ad14b90ecdd1c3d6b6138bd902ff691b1d70586338710e568e29257a5dd1b01
flores:lus_Latn,lus_Latn,lus,Latn,DIRECT_ALIGNED_BENCHMARK,EXACT_LANGUAGE_VARIETY_SCRIPT,1012,6ae11eae5bfb61e237feeb8b8664277b7462e5ba08b34e6e35df1c072b22c2ae,a5f5c1c2b3589c5f2c1b8054773b2cf8b6c28c42f136c88ace8046ed848c22ca,5756e8aefc8629ac6b2040b1126c5916c93219c116fee5c22659949056c76744,9ad14b90ecdd1c3d6b6138bd902ff691b1d70586338710e568e29257a5dd1b01
flores:lvs_Latn,lvs_Latn,lvs,Latn,DIRECT_ALIGNED_BENCHMARK,EXACT_LANGUAGE_VARIETY_SCRIPT,1012,6ae11eae5bfb61e237feeb8b8664277b7462e5ba08b34e6e35df1c072b22c2ae,dfec83759f3e48f2db1e5e88319e80041d51f7aad2a8d2a3b64c72081566a34e,a785779ff28723c26000c16feb1357f46c7d2b88f8553aebab96723b2a5f1851,9ad14b90ecdd1c3d6b6138bd902ff691b1d70586338710e568e29257a5dd1b01
flores:mag_Deva,mag_Deva,mag,Deva,DIRECT_ALIGNED_BENCHMARK,EXACT_LANGUAGE_VARIETY_SCRIPT,1012,6ae11eae5bfb61e237feeb8b8664277b7462e5ba08b34e6e35df1c072b22c2ae,2ae476d73f7837e46945ae0cde9e55bdd76d8ed7c2e71537fa68c48fda58cd4c,536a3bb2c2c35d89d4740a72e1df1db3d91a833de06b5951b06b72ac94fe6637,9ad14b90ecdd1c3d6b6138bd902ff691b1d70586338710e568e29257a5dd1b01
flores:mai_Deva,mai_Deva,mai,Deva,DIRECT_ALIGNED_BENCHMARK,EXACT_LANGUAGE_VARIETY_SCRIPT,1012,6ae11eae5bfb61e237feeb8b8664277b7462e5ba08b34e6e35df1c072b22c2ae,d7ba90754dc887f0975e437b51b90da762ee0e898c41bbe95d2bd38d83bce1c3,be4429779dba4785aecdb88bcaac7cb7981e16d9b218cd0a2afef28a190dd67b,9ad14b90ecdd1c3d6b6138bd902ff691b1d70586338710e568e29257a5dd1b01
flores:mal_Mlym,mal_Mlym,mal,Mlym,DIRECT_ALIGNED_BENCHMARK,EXACT_LANGUAGE_VARIETY_SCRIPT,1012,6ae11eae5bfb61e237feeb8b8664277b7462e5ba08b34e6e35df1c072b22c2ae,979a095569f1a7f1d92206b141f26a7233e3c470f92ef9aadb58e531341421f9,edf6aba4be639ea545665cc68959946435c2c8445023bafb92157823c83f364b,9ad14b90ecdd1c3d6b6138bd902ff691b1d70586338710e568e29257a5dd1b01
flores:mar_Deva,mar_Deva,mar,Deva,DIRECT_ALIGNED_BENCHMARK,EXACT_LANGUAGE_VARIETY_SCRIPT,1012,6ae11eae5bfb61e237feeb8b8664277b7462e5ba08b34e6e35df1c072b22c2ae,242e02ee8c9d442127410adfe2fc24b4354e47c98f9eb84c259396a0055e3f3e,88ca915112fa4d1a48bd43d45912d941d86b0f1cf93341d05666154b6ab5be82,9ad14b90ecdd1c3d6b6138bd902ff691b1d70586338710e568e29257a5dd1b01
flores:min_Arab,min_Arab,min,Arab,DIRECT_ALIGNED_BENCHMARK,EXACT_LANGUAGE_VARIETY_SCRIPT,1012,6ae11eae5bfb61e237feeb8b8664277b7462e5ba08b34e6e35df1c072b22c2ae,3b654d6481ba87fa248cbd8f1fa9666c93eb2527df1fc4b85db095db82f8c4fd,b75b4908c128ff8c1e7e9bd480c5714ff4a98f2e40b7c4ce6f5eb5248112188c,9ad14b90ecdd1c3d6b6138bd902ff691b1d70586338710e568e29257a5dd1b01
flores:min_Latn,min_Latn,min,Latn,DIRECT_ALIGNED_BENCHMARK,EXACT_LANGUAGE_VARIETY_SCRIPT,1012,6ae11eae5bfb61e237feeb8b8664277b7462e5ba08b34e6e35df1c072b22c2ae,33d8368458c9b5b22da81108526df4ce98605fe08d56481e77920ac391fd4578,ecffbb9076f77bfaa75c20dae7e1b5b38a317925c6fd7e30c89f065b90c040ee,9ad14b90ecdd1c3d6b6138bd902ff691b1d70586338710e568e29257a5dd1b01
flores:mkd_Cyrl,mkd_Cyrl,mkd,Cyrl,DIRECT_ALIGNED_BENCHMARK,EXACT_LANGUAGE_VARIETY_SCRIPT,1012,6ae11eae5bfb61e237feeb8b8664277b7462e5ba08b34e6e35df1c072b22c2ae,e0f196d5334216c0d870ea8020c8d95c243dea0c917bc6a188ff6aeedfe8d53b,4e587a39b4f6e9cce3f68f236c3f614f81d4091cbc755edf407876cf9dc31112,9ad14b90ecdd1c3d6b6138bd902ff691b1d70586338710e568e29257a5dd1b01
flores:mlt_Latn,mlt_Latn,mlt,Latn,DIRECT_ALIGNED_BENCHMARK,EXACT_LANGUAGE_VARIETY_SCRIPT,1012,6ae11eae5bfb61e237feeb8b8664277b7462e5ba08b34e6e35df1c072b22c2ae,266fd6da49601325ebb00b26cd08ed656ca0700bbee675c9f1ca3a53291ed6c7,a272e032bb29ff00328aed3caff2cd8ee838be5d08e904548556569cacd7ed6a,9ad14b90ecdd1c3d6b6138bd902ff691b1d70586338710e568e29257a5dd1b01
flores:mni_Beng,mni_Beng,mni,Beng,DIRECT_ALIGNED_BENCHMARK,EXACT_LANGUAGE_VARIETY_SCRIPT,1012,6ae11eae5bfb61e237feeb8b8664277b7462e5ba08b34e6e35df1c072b22c2ae,29b078624b18ef804c7338a72d09d30282fd320c6c2c0e2eabef988672598076,d245e00cc5b8b0f525c7de63a354c6ce06bdde22575d48d9a6e97d9cad4f95cc,9ad14b90ecdd1c3d6b6138bd902ff691b1d70586338710e568e29257a5dd1b01
flores:mos_Latn,mos_Latn,mos,Latn,DIRECT_ALIGNED_BENCHMARK,EXACT_LANGUAGE_VARIETY_SCRIPT,1012,6ae11eae5bfb61e237feeb8b8664277b7462e5ba08b34e6e35df1c072b22c2ae,ed1bb14325471e9ac2aacee0cb5e8c61817f582d2280abd7e65b2573041c66af,3fbd3f99a5b8b080256f1d6001b5a55f85aeb7e24805b8fa1212542f86cf9f5f,9ad14b90ecdd1c3d6b6138bd902ff691b1d70586338710e568e29257a5dd1b01
flores:mri_Latn,mri_Latn,mri,Latn,DIRECT_ALIGNED_BENCHMARK,EXACT_LANGUAGE_VARIETY_SCRIPT,1012,6ae11eae5bfb61e237feeb8b8664277b7462e5ba08b34e6e35df1c072b22c2ae,bcc4b4e4467470c7e6bcf41846c7dd054418aa81a3fb418d229b5786f01cf0b7,9176ccc8932533decffbeb1f83477d01790c449c3d010531afa26f67af9f40de,9ad14b90ecdd1c3d6b6138bd902ff691b1d70586338710e568e29257a5dd1b01
flores:mya_Mymr,mya_Mymr,mya,Mymr,DIRECT_ALIGNED_BENCHMARK,EXACT_LANGUAGE_VARIETY_SCRIPT,1012,6ae11eae5bfb61e237feeb8b8664277b7462e5ba08b34e6e35df1c072b22c2ae,8d1e07080a820fe7b3b2025c91be8955f24857895fa365a932f54c611ac588be,3ea5f0d46ba3da85dee0d79664e27fa15a979923384b0ef30cd3737f17af9a59,9ad14b90ecdd1c3d6b6138bd902ff691b1d70586338710e568e29257a5dd1b01
flores:nld_Latn,nld_Latn,nld,Latn,DIRECT_ALIGNED_BENCHMARK,EXACT_LANGUAGE_VARIETY_SCRIPT,1012,6ae11eae5bfb61e237feeb8b8664277b7462e5ba08b34e6e35df1c072b22c2ae,09244fc39cf669d4af4ade2c70ef716d5b8e75586dd1cff56da6d9e7a6db1ee2,fd6b1cd0a5559098b9a08447e7deef84656aa6846b42172ba34e515911ae10c7,9ad14b90ecdd1c3d6b6138bd902ff691b1d70586338710e568e29257a5dd1b01
flores:nno_Latn,nno_Latn,nno,Latn,DIRECT_ALIGNED_BENCHMARK,EXACT_LANGUAGE_VARIETY_SCRIPT,1012,6ae11eae5bfb61e237feeb8b8664277b7462e5ba08b34e6e35df1c072b22c2ae,4d2ecaefc1fca62b827b5025d5d49c83b6106bd6eb4a342fff0bb38ee7d2acdb,8ba697e3ccd4b6272e5dd6cc4c963ae6269e8a2e50ab0c9c5a82f00ebaac4062,9ad14b90ecdd1c3d6b6138bd902ff691b1d70586338710e568e29257a5dd1b01
flores:nob_Latn,nob_Latn,nob,Latn,DIRECT_ALIGNED_BENCHMARK,EXACT_LANGUAGE_VARIETY_SCRIPT,1012,6ae11eae5bfb61e237feeb8b8664277b7462e5ba08b34e6e35df1c072b22c2ae,5f79d26eed6a7f37129e6559fad709658d01ee5bbe465a909ee78b9ad91a4fb0,89e704d92acfc80fc3dac3ca4dace2835acf386ea55f44656d5ef8daf15cff34,9ad14b90ecdd1c3d6b6138bd902ff691b1d70586338710e568e29257a5dd1b01
flores:npi_Deva,npi_Deva,npi,Deva,DIRECT_ALIGNED_BENCHMARK,EXACT_LANGUAGE_VARIETY_SCRIPT,1012,6ae11eae5bfb61e237feeb8b8664277b7462e5ba08b34e6e35df1c072b22c2ae,43c1ec2e0396eeae6e991e0cde1add3e00c0ea785405dd851c46f602ed8ddbcc,79772cf76f7f764070e30f451c574beeb85f974f39e091bd003b966ab81a8cc9,9ad14b90ecdd1c3d6b6138bd902ff691b1d70586338710e568e29257a5dd1b01
flores:nso_Latn,nso_Latn,nso,Latn,DIRECT_ALIGNED_BENCHMARK,EXACT_LANGUAGE_VARIETY_SCRIPT,1012,6ae11eae5bfb61e237feeb8b8664277b7462e5ba08b34e6e35df1c072b22c2ae,b2e8998c784a1ae8b6a3831f543cb29d989ef00db5d965d99aacbb5161a63f85,125b54a4d7a1466c8bb7b4df38150d67b6b03d3e101d8ba449c5b7d5e8fdf429,9ad14b90ecdd1c3d6b6138bd902ff691b1d70586338710e568e29257a5dd1b01
flores:nus_Latn,nus_Latn,nus,Latn,DIRECT_ALIGNED_BENCHMARK,EXACT_LANGUAGE_VARIETY_SCRIPT,1012,6ae11eae5bfb61e237feeb8b8664277b7462e5ba08b34e6e35df1c072b22c2ae,5a9c1cdef2fd26d207da7ff62eb258d29f8346973b5d143cd3a3fc1650a9d808,b81430dcd1ed10fbf2ef0daf575d22d7202b5657a352cd4abaf54c9a1198de5c,9ad14b90ecdd1c3d6b6138bd902ff691b1d70586338710e568e29257a5dd1b01
flores:nya_Latn,nya_Latn,nya,Latn,DIRECT_ALIGNED_BENCHMARK,EXACT_LANGUAGE_VARIETY_SCRIPT,1012,6ae11eae5bfb61e237feeb8b8664277b7462e5ba08b34e6e35df1c072b22c2ae,fa450608c710ef1f1ed47357f328942bc97ac4e82786f73dcfdcaa626870328f,bba2da6abf03b7f7b72d6c29dd492db1fc3a6778d098e3b1061667bd4e385591,9ad14b90ecdd1c3d6b6138bd902ff691b1d70586338710e568e29257a5dd1b01
flores:oci_Latn,oci_Latn,oci,Latn,DIRECT_ALIGNED_BENCHMARK,EXACT_LANGUAGE_VARIETY_SCRIPT,1012,6ae11eae5bfb61e237feeb8b8664277b7462e5ba08b34e6e35df1c072b22c2ae,019e1c583b6e7333ea887d62d210321dafea6de48fa5565477bbcb49c2ab1b8e,a56ceec9ad70068015731bc358a641bcc3a967bfa41cd34d18477fdfa5ceb2da,9ad14b90ecdd1c3d6b6138bd902ff691b1d70586338710e568e29257a5dd1b01
flores:ory_Orya,ory_Orya,ory,Orya,DIRECT_ALIGNED_BENCHMARK,EXACT_LANGUAGE_VARIETY_SCRIPT,1012,6ae11eae5bfb61e237feeb8b8664277b7462e5ba08b34e6e35df1c072b22c2ae,6900893c9f8eca7940b11928499ad4f03d5ccd11396d6b8c44941f1642563e4f,82f265ee1c552678aacdf7faa93b12c7a7c7cf4d20082a0c9d19c2bb338bcc82,9ad14b90ecdd1c3d6b6138bd902ff691b1d70586338710e568e29257a5dd1b01
flores:pag_Latn,pag_Latn,pag,Latn,DIRECT_ALIGNED_BENCHMARK,EXACT_LANGUAGE_VARIETY_SCRIPT,1012,6ae11eae5bfb61e237feeb8b8664277b7462e5ba08b34e6e35df1c072b22c2ae,cfbe35ad62230531f4385d2dd2496bf3ce0a56c7838a2f576f01cee5ba3a1c33,da8a1288670ce01e68f7e2c42777476009cecfba36261f51ab3c97211f6a1c8e,9ad14b90ecdd1c3d6b6138bd902ff691b1d70586338710e568e29257a5dd1b01
flores:pan_Guru,pan_Guru,pan,Guru,DIRECT_ALIGNED_BENCHMARK,EXACT_LANGUAGE_VARIETY_SCRIPT,1012,6ae11eae5bfb61e237feeb8b8664277b7462e5ba08b34e6e35df1c072b22c2ae,52f196ce3884f0aa40c12d22422fa6a6452a4fec8fd8a86f89b2dc77fc231840,63310b4f2918eb7f651a53d41fc07b02f5afd35cd8e0ef530a8220717aea7bd8,9ad14b90ecdd1c3d6b6138bd902ff691b1d70586338710e568e29257a5dd1b01
flores:pap_Latn,pap_Latn,pap,Latn,DIRECT_ALIGNED_BENCHMARK,EXACT_LANGUAGE_VARIETY_SCRIPT,1012,6ae11eae5bfb61e237feeb8b8664277b7462e5ba08b34e6e35df1c072b22c2ae,f016e9a86e1c632ec0c92efa8f248f0ff4f2cc825e4a8793812b248f1ea28959,05050eef673f623930eb2ba4756a0a7535be13cda583fc69082da4580a9cfb70,9ad14b90ecdd1c3d6b6138bd902ff691b1d70586338710e568e29257a5dd1b01
flores:pbt_Arab,pbt_Arab,pbt,Arab,DIRECT_ALIGNED_BENCHMARK,EXACT_LANGUAGE_VARIETY_SCRIPT,1012,6ae11eae5bfb61e237feeb8b8664277b7462e5ba08b34e6e35df1c072b22c2ae,e779a4ec5ac3ee0ae1652a2f2c75ce17e6c6f3e46f31694b28ac59aedb88606d,262bba5c6e4275e0fe0b6912865adba28facbeccf04ec99e9aea04c3ba30d4e1,9ad14b90ecdd1c3d6b6138bd902ff691b1d70586338710e568e29257a5dd1b01
flores:pes_Arab,pes_Arab,pes,Arab,DIRECT_ALIGNED_BENCHMARK,EXACT_LANGUAGE_VARIETY_SCRIPT,1012,6ae11eae5bfb61e237feeb8b8664277b7462e5ba08b34e6e35df1c072b22c2ae,77609a64eaf84200ff08ef9caaa0b54398f797919d67e32f60f7e8a2548b9814,73b9d66bd5c13e28b0bc0a3b28677d6656a5d58c3c0b378ea36a65d2625cbf52,9ad14b90ecdd1c3d6b6138bd902ff691b1d70586338710e568e29257a5dd1b01
flores:plt_Latn,plt_Latn,plt,Latn,DIRECT_ALIGNED_BENCHMARK,EXACT_LANGUAGE_VARIETY_SCRIPT,1012,6ae11eae5bfb61e237feeb8b8664277b7462e5ba08b34e6e35df1c072b22c2ae,bd48cf15ba5d44c8ec0d00a789ca4cebb2ca1377d0185e69d8a087be25e9390e,61a9f20c1ca5697bd3781815d671e66c178f542e987da08ce685460edfda1318,9ad14b90ecdd1c3d6b6138bd902ff691b1d70586338710e568e29257a5dd1b01
flores:pol_Latn,pol_Latn,pol,Latn,DIRECT_ALIGNED_BENCHMARK,EXACT_LANGUAGE_VARIETY_SCRIPT,1012,6ae11eae5bfb61e237feeb8b8664277b7462e5ba08b34e6e35df1c072b22c2ae,02143e310735547de7697f7f117f12f52b5af4e860b7be0ac911fa1e01fd0427,d0cded086df15c3ab49dcd3dfa6fd4026f284fb7dc1fdbbcffda723d58e7f09b,9ad14b90ecdd1c3d6b6138bd902ff691b1d70586338710e568e29257a5dd1b01
flores:por_Latn,por_Latn,por,Latn,DIRECT_ALIGNED_BENCHMARK,EXACT_LANGUAGE_VARIETY_SCRIPT,1012,6ae11eae5bfb61e237feeb8b8664277b7462e5ba08b34e6e35df1c072b22c2ae,ad61aac2441ab1c0071548059c1d4e2e84b9fee0a4334af007e2166075508af6,e6fcbaff3c4c84078c6f1599c29b86a175392e0e6ba5a77d2011e006097897b0,9ad14b90ecdd1c3d6b6138bd902ff691b1d70586338710e568e29257a5dd1b01
flores:prs_Arab,prs_Arab,prs,Arab,DIRECT_ALIGNED_BENCHMARK,EXACT_LANGUAGE_VARIETY_SCRIPT,1012,6ae11eae5bfb61e237feeb8b8664277b7462e5ba08b34e6e35df1c072b22c2ae,eb061ea765496ea21e30c9e14926129582cbb505daa2e69c38f61301cbce51b6,0a80e97f0c6fbf9e7e80ce39682fdcda8202f71e6cb7f6716c73f3736a577484,9ad14b90ecdd1c3d6b6138bd902ff691b1d70586338710e568e29257a5dd1b01
flores:quy_Latn,quy_Latn,quy,Latn,DIRECT_ALIGNED_BENCHMARK,EXACT_LANGUAGE_VARIETY_SCRIPT,1012,6ae11eae5bfb61e237feeb8b8664277b7462e5ba08b34e6e35df1c072b22c2ae,1a060b673ee22842d257f7872d22c129fba7875e8edaa0e82a4571b837578a4d,4dab1266e6662d906822116c343b9c81bb381162698bc19337f02ecf431b637d,9ad14b90ecdd1c3d6b6138bd902ff691b1d70586338710e568e29257a5dd1b01
flores:ron_Latn,ron_Latn,ron,Latn,DIRECT_ALIGNED_BENCHMARK,EXACT_LANGUAGE_VARIETY_SCRIPT,1012,6ae11eae5bfb61e237feeb8b8664277b7462e5ba08b34e6e35df1c072b22c2ae,9512ea78d98fefcc08f786057f54e6d05f5122a2450f0d24929b6f604515dddf,ab882353cd9fb9e1ba04ac5bf0a140d0e7950cb1ce18aa1e30a6f24ce6864087,9ad14b90ecdd1c3d6b6138bd902ff691b1d70586338710e568e29257a5dd1b01
flores:run_Latn,run_Latn,run,Latn,DIRECT_ALIGNED_BENCHMARK,EXACT_LANGUAGE_VARIETY_SCRIPT,1012,6ae11eae5bfb61e237feeb8b8664277b7462e5ba08b34e6e35df1c072b22c2ae,e924d83c4e3d1add06e5be6d971b1c7c4c2e3d25254c6570df86cebe4cd7e482,d46cde3e30f41a98ce0c6f8ea8cf4c69527d806af4098f86cb3359fcdc86d224,9ad14b90ecdd1c3d6b6138bd902ff691b1d70586338710e568e29257a5dd1b01
flores:rus_Cyrl,rus_Cyrl,rus,Cyrl,DIRECT_ALIGNED_BENCHMARK,EXACT_LANGUAGE_VARIETY_SCRIPT,1012,6ae11eae5bfb61e237feeb8b8664277b7462e5ba08b34e6e35df1c072b22c2ae,85210a98a6662c03b6bb8404b72c6e1b2fb9db27d629b4c7c90f8ccbce68cf15,9d8e692a065de2c7c1d965abe7eaeea5865190e6f1dbfe6a0fd098323e76610a,9ad14b90ecdd1c3d6b6138bd902ff691b1d70586338710e568e29257a5dd1b01
flores:sag_Latn,sag_Latn,sag,Latn,DIRECT_ALIGNED_BENCHMARK,EXACT_LANGUAGE_VARIETY_SCRIPT,1012,6ae11eae5bfb61e237feeb8b8664277b7462e5ba08b34e6e35df1c072b22c2ae,de36f6502c16d025d45edf1f0aa6afe7ce59ea39e7734a86530ed02e6d56c8f0,8e7febbdf10b426a7cc02f794b3e1b9ff715bfc440e4723c4fe656db64490ec5,9ad14b90ecdd1c3d6b6138bd902ff691b1d70586338710e568e29257a5dd1b01
flores:san_Deva,san_Deva,san,Deva,DIRECT_ALIGNED_BENCHMARK,EXACT_LANGUAGE_VARIETY_SCRIPT,1012,6ae11eae5bfb61e237feeb8b8664277b7462e5ba08b34e6e35df1c072b22c2ae,675e78d4f19ebc5ef690f51f470817f0c9066fbc3e09e8dce8d5deb36c35295c,d911fbb75ea85256ecc7bc14cc2c3ed7a1ca1c9b7a7cfa4b3d1d75647daf87ff,9ad14b90ecdd1c3d6b6138bd902ff691b1d70586338710e568e29257a5dd1b01
flores:sat_Olck,sat_Olck,sat,Olck,DIRECT_ALIGNED_BENCHMARK,EXACT_LANGUAGE_VARIETY_SCRIPT,1012,6ae11eae5bfb61e237feeb8b8664277b7462e5ba08b34e6e35df1c072b22c2ae,46e10d4aa966195ecc898599f8e3c34662204f88e9c4399c96bb273a89fd5572,5d60b471c589f4dc1e6e86ca8026250194cca0e9da134e25963849e80308d0b9,9ad14b90ecdd1c3d6b6138bd902ff691b1d70586338710e568e29257a5dd1b01
flores:scn_Latn,scn_Latn,scn,Latn,DIRECT_ALIGNED_BENCHMARK,EXACT_LANGUAGE_VARIETY_SCRIPT,1012,6ae11eae5bfb61e237feeb8b8664277b7462e5ba08b34e6e35df1c072b22c2ae,f45fcca523583179cdaa70b8f4039ebcdd4cdfd9e0e9adb58b732f15c9ff98dd,8769401137d1c2a41dc071db45c886cbc97babb37e9ff4964a56eb44782d3903,9ad14b90ecdd1c3d6b6138bd902ff691b1d70586338710e568e29257a5dd1b01
flores:shn_Mymr,shn_Mymr,shn,Mymr,DIRECT_ALIGNED_BENCHMARK,EXACT_LANGUAGE_VARIETY_SCRIPT,1012,6ae11eae5bfb61e237feeb8b8664277b7462e5ba08b34e6e35df1c072b22c2ae,cd5df24881aef07ac2c6b099122aff7e9c0b6d74cc514ab5083edad2ef217aef,ec39a6e10a92556002e141d576613580c0672b15a0c8fd170ff8835b49f365bd,9ad14b90ecdd1c3d6b6138bd902ff691b1d70586338710e568e29257a5dd1b01
flores:sin_Sinh,sin_Sinh,sin,Sinh,DIRECT_ALIGNED_BENCHMARK,EXACT_LANGUAGE_VARIETY_SCRIPT,1012,6ae11eae5bfb61e237feeb8b8664277b7462e5ba08b34e6e35df1c072b22c2ae,e7b71638bceca7b6f0b7e4b785853462e1df6bacbcd93df18208123a9dc3034c,c59b9e26fa5c4048a4fe3a7bade9c81590bebc221313a0553c08e4f42a380405,9ad14b90ecdd1c3d6b6138bd902ff691b1d70586338710e568e29257a5dd1b01
flores:slk_Latn,slk_Latn,slk,Latn,DIRECT_ALIGNED_BENCHMARK,EXACT_LANGUAGE_VARIETY_SCRIPT,1012,6ae11eae5bfb61e237feeb8b8664277b7462e5ba08b34e6e35df1c072b22c2ae,a5ca387a1073ac90ac2a5383b7bc62258fe5ce5d5053677e627136f9a75c0daa,5d8d72d9c4132384e47ce69f542802960a4c8e99e7d39f44d33696f5c7fa3c3e,9ad14b90ecdd1c3d6b6138bd902ff691b1d70586338710e568e29257a5dd1b01
flores:slv_Latn,slv_Latn,slv,Latn,DIRECT_ALIGNED_BENCHMARK,EXACT_LANGUAGE_VARIETY_SCRIPT,1012,6ae11eae5bfb61e237feeb8b8664277b7462e5ba08b34e6e35df1c072b22c2ae,07094007ed781e8425634a5d864fdb3112284b32fda251857af3c14e930496cc,6221d04477b702d9cd11e5af28f670ffe2710c2ed0a922571ac08f0e9b011c8b,9ad14b90ecdd1c3d6b6138bd902ff691b1d70586338710e568e29257a5dd1b01
flores:smo_Latn,smo_Latn,smo,Latn,DIRECT_ALIGNED_BENCHMARK,EXACT_LANGUAGE_VARIETY_SCRIPT,1012,6ae11eae5bfb61e237feeb8b8664277b7462e5ba08b34e6e35df1c072b22c2ae,6cfdb45649572074c7375f93b7f958db22890644fdcf91fdd5d1cc97b5f3615b,ee8e228a21c62a74f9cbd9c2cf335a781193d968f9a00a9e21c43928d4338544,9ad14b90ecdd1c3d6b6138bd902ff691b1d70586338710e568e29257a5dd1b01
flores:sna_Latn,sna_Latn,sna,Latn,DIRECT_ALIGNED_BENCHMARK,EXACT_LANGUAGE_VARIETY_SCRIPT,1012,6ae11eae5bfb61e237feeb8b8664277b7462e5ba08b34e6e35df1c072b22c2ae,6bafafb0806183082716625adcf24a49e036afcc6506666d74714e7df4d387f8,9f3ba8bfa4503f9cfaad334bb42c9994f638553e922eb7446df5298d7617475c,9ad14b90ecdd1c3d6b6138bd902ff691b1d70586338710e568e29257a5dd1b01
flores:snd_Arab,snd_Arab,snd,Arab,DIRECT_ALIGNED_BENCHMARK,EXACT_LANGUAGE_VARIETY_SCRIPT,1012,6ae11eae5bfb61e237feeb8b8664277b7462e5ba08b34e6e35df1c072b22c2ae,5fda0c14561858323dfef21be89123717a8bcf2b7d79c9da5348465316c926d7,549330fa6de0c82ee8d1e26d592bac308af7d1376bcfb0b75f7876620f998450,9ad14b90ecdd1c3d6b6138bd902ff691b1d70586338710e568e29257a5dd1b01
flores:som_Latn,som_Latn,som,Latn,DIRECT_ALIGNED_BENCHMARK,EXACT_LANGUAGE_VARIETY_SCRIPT,1012,6ae11eae5bfb61e237feeb8b8664277b7462e5ba08b34e6e35df1c072b22c2ae,163691b2f96e74edfb8480e49ef6fdaa0a94c236c904911874cee6f8417eced0,6def5d00bbfe7f41ed9037a4fd5409cd9d919e2c199bd31f36d738f22314805d,9ad14b90ecdd1c3d6b6138bd902ff691b1d70586338710e568e29257a5dd1b01
flores:sot_Latn,sot_Latn,sot,Latn,DIRECT_ALIGNED_BENCHMARK,EXACT_LANGUAGE_VARIETY_SCRIPT,1012,6ae11eae5bfb61e237feeb8b8664277b7462e5ba08b34e6e35df1c072b22c2ae,41bbb2adea64139bcb4b83297051684ed7a14ee26d5f85f2c22b74e83a466bc1,74e0fb21a9656c871136dbd0b3bf8377d55e78ea66123c3dc872402c8bcc3a4d,9ad14b90ecdd1c3d6b6138bd902ff691b1d70586338710e568e29257a5dd1b01
flores:spa_Latn,spa_Latn,spa,Latn,DIRECT_ALIGNED_BENCHMARK,EXACT_LANGUAGE_VARIETY_SCRIPT,1012,6ae11eae5bfb61e237feeb8b8664277b7462e5ba08b34e6e35df1c072b22c2ae,7a186e30c15c5ccd3fbf54c9d435e7db2b2c826c50ebb8b947c3b3f13a31d438,b412f78489b20aef8323abc6c363931c92d529f119a1a97b9906acdcc95e5f8d,9ad14b90ecdd1c3d6b6138bd902ff691b1d70586338710e568e29257a5dd1b01
flores:srd_Latn,srd_Latn,srd,Latn,DIRECT_ALIGNED_BENCHMARK,EXACT_LANGUAGE_VARIETY_SCRIPT,1012,6ae11eae5bfb61e237feeb8b8664277b7462e5ba08b34e6e35df1c072b22c2ae,49bc53ddf285a5a824bdcb74fc75d1ca03d79f54742e5095677c322ef4fe5194,2a0a0134bf46613de6ef7e836fc0fb07a75915ce009a22dd095a7acc6e33760f,9ad14b90ecdd1c3d6b6138bd902ff691b1d70586338710e568e29257a5dd1b01
flores:srp_Cyrl,srp_Cyrl,srp,Cyrl,DIRECT_ALIGNED_BENCHMARK,EXACT_LANGUAGE_VARIETY_SCRIPT,1012,6ae11eae5bfb61e237feeb8b8664277b7462e5ba08b34e6e35df1c072b22c2ae,baa0a3bd255a3ff9c0eb25b0ad2f5f3c9ff80b3d5c33dfca8cbc34eeba344625,ef9dd1c5d06d05cd1971ea5a576c861234d1d0082b304934f52cd5178ab4bc92,9ad14b90ecdd1c3d6b6138bd902ff691b1d70586338710e568e29257a5dd1b01
flores:ssw_Latn,ssw_Latn,ssw,Latn,DIRECT_ALIGNED_BENCHMARK,EXACT_LANGUAGE_VARIETY_SCRIPT,1012,6ae11eae5bfb61e237feeb8b8664277b7462e5ba08b34e6e35df1c072b22c2ae,8b6635106476a8626adb6f413f97e0d524d27cb4acf40a0079b847d2581cf35a,65cc7626d3b36819a646367bb9c8ad9c7d548cc629e96da538c56de53b4a1340,9ad14b90ecdd1c3d6b6138bd902ff691b1d70586338710e568e29257a5dd1b01
flores:sun_Latn,sun_Latn,sun,Latn,DIRECT_ALIGNED_BENCHMARK,EXACT_LANGUAGE_VARIETY_SCRIPT,1012,6ae11eae5bfb61e237feeb8b8664277b7462e5ba08b34e6e35df1c072b22c2ae,3635243bcaf5899c2590f93e8525031fa5f46baf1eb66f458e2716f5efa10520,cceacc518070dc3a979f96d6aa3a03cc5b87b6b8e8c25ef99492daac3e194f17,9ad14b90ecdd1c3d6b6138bd902ff691b1d70586338710e568e29257a5dd1b01
flores:swe_Latn,swe_Latn,swe,Latn,DIRECT_ALIGNED_BENCHMARK,EXACT_LANGUAGE_VARIETY_SCRIPT,1012,6ae11eae5bfb61e237feeb8b8664277b7462e5ba08b34e6e35df1c072b22c2ae,4192fb0e1939afc27168ff5671171bfae04857f9482307d36c8b656f81bbfe0c,0877c75294b71475b1ea76044b7742da37800b5235a159f379ba75ac1b5befbc,9ad14b90ecdd1c3d6b6138bd902ff691b1d70586338710e568e29257a5dd1b01
flores:swh_Latn,swh_Latn,swh,Latn,DIRECT_ALIGNED_BENCHMARK,EXACT_LANGUAGE_VARIETY_SCRIPT,1012,6ae11eae5bfb61e237feeb8b8664277b7462e5ba08b34e6e35df1c072b22c2ae,3adb9371a6f25e8faaa83eec05dabd85e2fb556d74be63be73ae1f4a9b4f7579,353c30097827a389f6c87402cf133eed33ec3d28e149a75bb0eccb5f5d571a8e,9ad14b90ecdd1c3d6b6138bd902ff691b1d70586338710e568e29257a5dd1b01
flores:szl_Latn,szl_Latn,szl,Latn,DIRECT_ALIGNED_BENCHMARK,EXACT_LANGUAGE_VARIETY_SCRIPT,1012,6ae11eae5bfb61e237feeb8b8664277b7462e5ba08b34e6e35df1c072b22c2ae,0b91fad960ff5a21c97ea432b57c3d9a5ff43fb408be4f389e817b44543876a3,33e2d269a98171ff3f89bd5f0ba6881902dd290113df8bd779a1a0fd60b58c86,9ad14b90ecdd1c3d6b6138bd902ff691b1d70586338710e568e29257a5dd1b01
flores:tam_Taml,tam_Taml,tam,Taml,DIRECT_ALIGNED_BENCHMARK,EXACT_LANGUAGE_VARIETY_SCRIPT,1012,6ae11eae5bfb61e237feeb8b8664277b7462e5ba08b34e6e35df1c072b22c2ae,6ecedb6204c6e2023a944da0eddc27df04c5f5669c12d3436291a7ed1c3a24c0,655d7aadb48e00ac1709c31f3cbf6590334c05f67188e73ca2a8ca6098a01a8a,9ad14b90ecdd1c3d6b6138bd902ff691b1d70586338710e568e29257a5dd1b01
flores:taq_Latn,taq_Latn,taq,Latn,DIRECT_ALIGNED_BENCHMARK,EXACT_LANGUAGE_VARIETY_SCRIPT,1012,6ae11eae5bfb61e237feeb8b8664277b7462e5ba08b34e6e35df1c072b22c2ae,19475ec56193cdb807152815e9d7337433b92f445cb9abab6699f62d21964653,4763024251e2236cc38b59bbe7d90d2a6bd3e45f854c4b8b0d08e5bd5bcb0e55,9ad14b90ecdd1c3d6b6138bd902ff691b1d70586338710e568e29257a5dd1b01
flores:taq_Tfng,taq_Tfng,taq,Tfng,DIRECT_ALIGNED_BENCHMARK,EXACT_LANGUAGE_VARIETY_SCRIPT,1012,6ae11eae5bfb61e237feeb8b8664277b7462e5ba08b34e6e35df1c072b22c2ae,6a790ed58f0690573aec8f9b549d33c501050ce0962a9499d57281d4b7b6cae2,6256f4f7cd6d8be68151ec500a99c00180c2d13ece7c08e77bb1865465a6cc63,9ad14b90ecdd1c3d6b6138bd902ff691b1d70586338710e568e29257a5dd1b01
flores:tat_Cyrl,tat_Cyrl,tat,Cyrl,DIRECT_ALIGNED_BENCHMARK,EXACT_LANGUAGE_VARIETY_SCRIPT,1012,6ae11eae5bfb61e237feeb8b8664277b7462e5ba08b34e6e35df1c072b22c2ae,a5f0407c75a98a6d1e1b1ce1e58f5859b495eb0043e074bdce06da1eee3676fb,f1a82bb378c1a27a91eaf7595b38372a4b12e65ca8d7e021626a9939913ec982,9ad14b90ecdd1c3d6b6138bd902ff691b1d70586338710e568e29257a5dd1b01
flores:tel_Telu,tel_Telu,tel,Telu,DIRECT_ALIGNED_BENCHMARK,EXACT_LANGUAGE_VARIETY_SCRIPT,1012,6ae11eae5bfb61e237feeb8b8664277b7462e5ba08b34e6e35df1c072b22c2ae,bd79c4d2bd8458f66fd4f85e16b410e6403cfd4913fb4571f7bdda58df5c579f,5f8519573727202350305aeaaf2ba53807e30c66fd211c0bd52d108480f34d80,9ad14b90ecdd1c3d6b6138bd902ff691b1d70586338710e568e29257a5dd1b01
flores:tgk_Cyrl,tgk_Cyrl,tgk,Cyrl,DIRECT_ALIGNED_BENCHMARK,EXACT_LANGUAGE_VARIETY_SCRIPT,1012,6ae11eae5bfb61e237feeb8b8664277b7462e5ba08b34e6e35df1c072b22c2ae,6faac96bf4783849adc0d5266943499b47cd4046f0ef7993aeabd6436659f619,85266bbe231f145aa6c137e54fc42563aaa84bcb7c1265743a73b5b60b12aa0f,9ad14b90ecdd1c3d6b6138bd902ff691b1d70586338710e568e29257a5dd1b01
flores:tgl_Latn,tgl_Latn,tgl,Latn,DIRECT_ALIGNED_BENCHMARK,EXACT_LANGUAGE_VARIETY_SCRIPT,1012,6ae11eae5bfb61e237feeb8b8664277b7462e5ba08b34e6e35df1c072b22c2ae,9323f44f5c3b70e76ecd833b83228345eff5b127f4eefe3f93b3e0a90bb8839a,c1039bbd0c4a13468a996095c035cbd96877ebb24b42b1d1218273e1d9efcb0d,9ad14b90ecdd1c3d6b6138bd902ff691b1d70586338710e568e29257a5dd1b01
flores:tha_Thai,tha_Thai,tha,Thai,DIRECT_ALIGNED_BENCHMARK,EXACT_LANGUAGE_VARIETY_SCRIPT,1012,6ae11eae5bfb61e237feeb8b8664277b7462e5ba08b34e6e35df1c072b22c2ae,0fa426668432de6ca52e34576e26e5cfe844f99c7b45429b841268ae0a39686d,95083af8f2e627c82fae10bd56fa02dcfe12886435e0a47b389fc18cdf2c6ad2,9ad14b90ecdd1c3d6b6138bd902ff691b1d70586338710e568e29257a5dd1b01
flores:tir_Ethi,tir_Ethi,tir,Ethi,DIRECT_ALIGNED_BENCHMARK,EXACT_LANGUAGE_VARIETY_SCRIPT,1012,6ae11eae5bfb61e237feeb8b8664277b7462e5ba08b34e6e35df1c072b22c2ae,affe7bfd9a22798197527d4afe8045e1508ea6808106e51f2621b464453c7e0b,7c20d6f059686562bd199168fa75e026e0662b7353a783e5fcda3615059deb08,9ad14b90ecdd1c3d6b6138bd902ff691b1d70586338710e568e29257a5dd1b01
flores:tpi_Latn,tpi_Latn,tpi,Latn,DIRECT_ALIGNED_BENCHMARK,EXACT_LANGUAGE_VARIETY_SCRIPT,1012,6ae11eae5bfb61e237feeb8b8664277b7462e5ba08b34e6e35df1c072b22c2ae,8f153c02eb76ef37a90e599cacee57255c1d2c9a1f0ee14d6ca24b8731f2dc9e,3423f0929b8665049c850dff269ec82f4a215ece4131b792fb9a69d96a03eb29,9ad14b90ecdd1c3d6b6138bd902ff691b1d70586338710e568e29257a5dd1b01
flores:tsn_Latn,tsn_Latn,tsn,Latn,DIRECT_ALIGNED_BENCHMARK,EXACT_LANGUAGE_VARIETY_SCRIPT,1012,6ae11eae5bfb61e237feeb8b8664277b7462e5ba08b34e6e35df1c072b22c2ae,22c860a13109f252ffa1f18a32b37ffd7a68f500ff2ee197d25953519d5e3185,72568317cabbfac10589384eeddfd20ebd1ab87e492509ca90158f74f7dfdb8c,9ad14b90ecdd1c3d6b6138bd902ff691b1d70586338710e568e29257a5dd1b01
flores:tso_Latn,tso_Latn,tso,Latn,DIRECT_ALIGNED_BENCHMARK,EXACT_LANGUAGE_VARIETY_SCRIPT,1012,6ae11eae5bfb61e237feeb8b8664277b7462e5ba08b34e6e35df1c072b22c2ae,a66023ecf3e3dc9b5ab82ce19924a48240053811c46f80f4128aab479402569c,8567e5fabc455557b7c6d87633113a412968fd0c09a5ea6fd825edd6fba11021,9ad14b90ecdd1c3d6b6138bd902ff691b1d70586338710e568e29257a5dd1b01
flores:tuk_Latn,tuk_Latn,tuk,Latn,DIRECT_ALIGNED_BENCHMARK,EXACT_LANGUAGE_VARIETY_SCRIPT,1012,6ae11eae5bfb61e237feeb8b8664277b7462e5ba08b34e6e35df1c072b22c2ae,54c6726e25fd83e09515b901476273c6cc248b1ec6870a0dd6db32dab3e1da96,cb9da864eb39d7a6f51c38b600b65768638b3ec10577c4cfee734f0b5d7a69cb,9ad14b90ecdd1c3d6b6138bd902ff691b1d70586338710e568e29257a5dd1b01
flores:tum_Latn,tum_Latn,tum,Latn,DIRECT_ALIGNED_BENCHMARK,EXACT_LANGUAGE_VARIETY_SCRIPT,1012,6ae11eae5bfb61e237feeb8b8664277b7462e5ba08b34e6e35df1c072b22c2ae,79391298e642c7eef850c10361d0c11b3fd0378d1109cac8b0ce55c22b357187,8df92dd46345121a11d74d78fb6d7ea95a83c47c50ac2d7d0b07228f7fe522ec,9ad14b90ecdd1c3d6b6138bd902ff691b1d70586338710e568e29257a5dd1b01
flores:tur_Latn,tur_Latn,tur,Latn,DIRECT_ALIGNED_BENCHMARK,EXACT_LANGUAGE_VARIETY_SCRIPT,1012,6ae11eae5bfb61e237feeb8b8664277b7462e5ba08b34e6e35df1c072b22c2ae,45af6a82d3fd1bafa82a69253aad9137e1df0f27bf7f8b4503b246621e93dd18,8e88121757983e79ca4d3a86ca0bee6cf925bcac9e74a4c3aa557dca5a0bd017,9ad14b90ecdd1c3d6b6138bd902ff691b1d70586338710e568e29257a5dd1b01
flores:twi_Latn,twi_Latn,twi,Latn,DIRECT_ALIGNED_BENCHMARK,EXACT_LANGUAGE_VARIETY_SCRIPT,1012,6ae11eae5bfb61e237feeb8b8664277b7462e5ba08b34e6e35df1c072b22c2ae,6dc0637f3ae6b9cb8b04f4f74c8bc6d18527b07bac8fa58dbc59dd6c92fbf6fd,eba586cb1db748a4d7b0c0f2b189480b24b7a3844f1d50de2ad54f1d878cd3de,9ad14b90ecdd1c3d6b6138bd902ff691b1d70586338710e568e29257a5dd1b01
flores:tzm_Tfng,tzm_Tfng,tzm,Tfng,DIRECT_ALIGNED_BENCHMARK,EXACT_LANGUAGE_VARIETY_SCRIPT,1012,6ae11eae5bfb61e237feeb8b8664277b7462e5ba08b34e6e35df1c072b22c2ae,06f979e5ebc2c61dd59c28bbb36156eda198de7953ffb536a20cb1c9e51906ce,18736c9974635c3ccbc68278a3725bb3191291120d6f20c4226cf4e0d8644b05,9ad14b90ecdd1c3d6b6138bd902ff691b1d70586338710e568e29257a5dd1b01
flores:uig_Arab,uig_Arab,uig,Arab,DIRECT_ALIGNED_BENCHMARK,EXACT_LANGUAGE_VARIETY_SCRIPT,1012,6ae11eae5bfb61e237feeb8b8664277b7462e5ba08b34e6e35df1c072b22c2ae,1b78052d5e6d79b82db15bff1f6ec6f6cd49acf9e81abfb0743c98b80dc2a995,b789694ac6e15ea5b865d98c1dce7996be1f57b980f96ffe3b111c723de370e7,9ad14b90ecdd1c3d6b6138bd902ff691b1d70586338710e568e29257a5dd1b01
flores:ukr_Cyrl,ukr_Cyrl,ukr,Cyrl,DIRECT_ALIGNED_BENCHMARK,EXACT_LANGUAGE_VARIETY_SCRIPT,1012,6ae11eae5bfb61e237feeb8b8664277b7462e5ba08b34e6e35df1c072b22c2ae,24bffd28b564450d947c4b7898ceedde85c514c3351d90cc5925cb5ef7a17b72,dd4b969ec06746e99fb7a77753753610f8b0bdbf15c429e13d0ce7cdb17c0b61,9ad14b90ecdd1c3d6b6138bd902ff691b1d70586338710e568e29257a5dd1b01
flores:umb_Latn,umb_Latn,umb,Latn,DIRECT_ALIGNED_BENCHMARK,EXACT_LANGUAGE_VARIETY_SCRIPT,1012,6ae11eae5bfb61e237feeb8b8664277b7462e5ba08b34e6e35df1c072b22c2ae,ce0a30ec26b2c190629a2650297ec38b30f31991fb7b30a7e5d4ff6bd79556b7,fb65c66e20b2481d3f76b8e7bd2a7c765746439cfc244434fa98bd7af4b9bf86,9ad14b90ecdd1c3d6b6138bd902ff691b1d70586338710e568e29257a5dd1b01
flores:urd_Arab,urd_Arab,urd,Arab,DIRECT_ALIGNED_BENCHMARK,EXACT_LANGUAGE_VARIETY_SCRIPT,1012,6ae11eae5bfb61e237feeb8b8664277b7462e5ba08b34e6e35df1c072b22c2ae,1d48c2939fd37b8cac4b816366d6cd0912f1052260157932e8bce73fc832e7cf,f8d43fc3b2f07e2d6a6a15b8489efcadd7112fbdae1bc2ff45301ec2a3794c9f,9ad14b90ecdd1c3d6b6138bd902ff691b1d70586338710e568e29257a5dd1b01
flores:uzn_Latn,uzn_Latn,uzn,Latn,DIRECT_ALIGNED_BENCHMARK,EXACT_LANGUAGE_VARIETY_SCRIPT,1012,6ae11eae5bfb61e237feeb8b8664277b7462e5ba08b34e6e35df1c072b22c2ae,6be01d61b82c7ec7ef01585167aa25e7fdb2c3123ce4f4d5a68578d92a6294bb,0cfc9a7240e06b1c37736dd73687db3f25c2f766e06d6a4d8d34eb57bff4c724,9ad14b90ecdd1c3d6b6138bd902ff691b1d70586338710e568e29257a5dd1b01
flores:vec_Latn,vec_Latn,vec,Latn,DIRECT_ALIGNED_BENCHMARK,EXACT_LANGUAGE_VARIETY_SCRIPT,1012,6ae11eae5bfb61e237feeb8b8664277b7462e5ba08b34e6e35df1c072b22c2ae,29721b5832272af36f9b9841691a7aaab0553abc6ba3489b2c10331b2e39fc8c,52e8ae856daec163b6de2b8a9b031b8f3a7b0d484bd71e279a3fd9a2e187a6fd,9ad14b90ecdd1c3d6b6138bd902ff691b1d70586338710e568e29257a5dd1b01
flores:vie_Latn,vie_Latn,vie,Latn,DIRECT_ALIGNED_BENCHMARK,EXACT_LANGUAGE_VARIETY_SCRIPT,1012,6ae11eae5bfb61e237feeb8b8664277b7462e5ba08b34e6e35df1c072b22c2ae,738324452537775455f4aae56c7ff9db9ad337a9eeba9068f31fec16f5a0d803,60db147c2f7c3ae848c7c5b9fafe5a4e38b89677f38657695d1e418c836715c9,9ad14b90ecdd1c3d6b6138bd902ff691b1d70586338710e568e29257a5dd1b01
flores:war_Latn,war_Latn,war,Latn,DIRECT_ALIGNED_BENCHMARK,EXACT_LANGUAGE_VARIETY_SCRIPT,1012,6ae11eae5bfb61e237feeb8b8664277b7462e5ba08b34e6e35df1c072b22c2ae,06272c890ae8055d2572e2cee34895de1d7dedaf958ec7d42f18ca4b7d9b1034,e2804eb05c465607f6bf3b0f4eb6c3eabb5d24df1f725018b9af9008a0a720ff,9ad14b90ecdd1c3d6b6138bd902ff691b1d70586338710e568e29257a5dd1b01
flores:wol_Latn,wol_Latn,wol,Latn,DIRECT_ALIGNED_BENCHMARK,EXACT_LANGUAGE_VARIETY_SCRIPT,1012,6ae11eae5bfb61e237feeb8b8664277b7462e5ba08b34e6e35df1c072b22c2ae,d6a8af276513be219680b8c3d2e309a3a08e162535a430debf1ee9464212731c,50a72ec90f0ecec657f0012b4e5bbf7806ce552788e759eb3abd8c9d24f54c77,9ad14b90ecdd1c3d6b6138bd902ff691b1d70586338710e568e29257a5dd1b01
flores:xho_Latn,xho_Latn,xho,Latn,DIRECT_ALIGNED_BENCHMARK,EXACT_LANGUAGE_VARIETY_SCRIPT,1012,6ae11eae5bfb61e237feeb8b8664277b7462e5ba08b34e6e35df1c072b22c2ae,f115dbca189b3e52da5559334ba6b3b0377c68dbffdc4e4972681966c95d7563,bef83509af2a1f8682abaedb9e84613e88c04457c57df02ca05c2ef59e541b24,9ad14b90ecdd1c3d6b6138bd902ff691b1d70586338710e568e29257a5dd1b01
flores:ydd_Hebr,ydd_Hebr,ydd,Hebr,DIRECT_ALIGNED_BENCHMARK,EXACT_LANGUAGE_VARIETY_SCRIPT,1012,6ae11eae5bfb61e237feeb8b8664277b7462e5ba08b34e6e35df1c072b22c2ae,247887908e69636113e030f860b101dc8cd78496ff9cef538c6abb8e59e62180,c8284d93d0619ab57c6d59246add341242e88768d4e3cf76f27073b9040b5e1b,9ad14b90ecdd1c3d6b6138bd902ff691b1d70586338710e568e29257a5dd1b01
flores:yor_Latn,yor_Latn,yor,Latn,DIRECT_ALIGNED_BENCHMARK,EXACT_LANGUAGE_VARIETY_SCRIPT,1012,6ae11eae5bfb61e237feeb8b8664277b7462e5ba08b34e6e35df1c072b22c2ae,1eedbf5c4cf1d285807aa9836cb58811028c9add19c6f33c26a5666db415a242,3c49200a69c78ec6444a2bf39e172539b53d76d1c2767edfa3fc9b4e1ac84831,9ad14b90ecdd1c3d6b6138bd902ff691b1d70586338710e568e29257a5dd1b01
flores:yue_Hant,yue_Hant,yue,Hant,DIRECT_ALIGNED_BENCHMARK,EXACT_LANGUAGE_VARIETY_SCRIPT,1012,6ae11eae5bfb61e237feeb8b8664277b7462e5ba08b34e6e35df1c072b22c2ae,987fc1894a948a8edc7a2d6777bb69c7ef0f39bc6c54b7cff5480c9b3447f900,66cdf0c191bfcaaea4b9ff93431a67e80577d3daab1e7411972cbdeb64f511f6,9ad14b90ecdd1c3d6b6138bd902ff691b1d70586338710e568e29257a5dd1b01
flores:zho_Hans,zho_Hans,zho,Hans,DIRECT_ALIGNED_BENCHMARK,EXACT_LANGUAGE_VARIETY_SCRIPT,1012,6ae11eae5bfb61e237feeb8b8664277b7462e5ba08b34e6e35df1c072b22c2ae,069b2bffa2454b393904585d50b6f9a1eaec2056258460d55df5357fe12f9f86,62087bf524ca997efcbe851397a4241d310b1b4815d9cc0c14a536b731ead73b,9ad14b90ecdd1c3d6b6138bd902ff691b1d70586338710e568e29257a5dd1b01
flores:zho_Hant,zho_Hant,zho,Hant,DIRECT_ALIGNED_BENCHMARK,EXACT_LANGUAGE_VARIETY_SCRIPT,1012,6ae11eae5bfb61e237feeb8b8664277b7462e5ba08b34e6e35df1c072b22c2ae,522efb937b03dc042f09dbfbc3f54da0fc89ddecf3178a710a2a5c9387852de9,aae62e536255b48d896f50cca7440ff90f16072c900ac25ec5a1c9e20c12afcc,9ad14b90ecdd1c3d6b6138bd902ff691b1d70586338710e568e29257a5dd1b01
flores:zsm_Latn,zsm_Latn,zsm,Latn,DIRECT_ALIGNED_BENCHMARK,EXACT_LANGUAGE_VARIETY_SCRIPT,1012,6ae11eae5bfb61e237feeb8b8664277b7462e5ba08b34e6e35df1c072b22c2ae,255b17bab6c9fab8f22b28f89c7565347cab57e8f58f86147f6716bc6cda4e77,dddddb2d5c48160375c70f19aba638899d1650bcb13fc8cf8fcebf4dead6e887,9ad14b90ecdd1c3d6b6138bd902ff691b1d70586338710e568e29257a5dd1b01
flores:zul_Latn,zul_Latn,zul,Latn,DIRECT_ALIGNED_BENCHMARK,EXACT_LANGUAGE_VARIETY_SCRIPT,1012,6ae11eae5bfb61e237feeb8b8664277b7462e5ba08b34e6e35df1c072b22c2ae,b1c685b6d494f8ed92b02cb807c4f6e786c47ca188a691253945b2f45fdafc07,82c390c01dae953ca9adfd1d82d532def4ca714f53befd89621574a80182a6d9,9ad14b90ecdd1c3d6b6138bd902ff691b1d70586338710e568e29257a5dd1b01
